{
  "title": "勇士强无极限",
  "topic": {
    "name": "回归",
    "date": "2017-04-14 20:56:34",
    "content": "勇士强无极限"
  },
  "pages": [],
  "replys": [
    {
      "user": "summer",
      "date": "2017-04-14 21:34:01",
      "content": "赞同+1"
    },
    {
      "user": "kobe",
      "date": "2017-04-16 13:53:01",
      "content": "我觉得不一定，勇士可能有个问题。这个赛季库里和杜兰特球权分配始终有些问题，往往其中一个发挥的很好，另外一个就不太能发挥。谁该拿更多球权，谁该作为第一攻击点，似乎始终没有明确。况且杜兰特又缺席一段时间，这两个人的兼容和磨合也许还没到最好。当然，这也只是我的一点小小的猜测。"
    },
    {
      "user": "22",
      "date": "2017-04-16 16:23:14",
      "content": "骑士更强哦"
    }
  ]
}