{
  "title": "啥叫底蕴?米兰96分钟绝杀国米你服不服",
  "topic": {
    "name": "Please Open Me",
    "date": "2017-04-15 20:33:36",
    "content": "啥叫底蕴?米兰96分钟绝杀国米你服不服"
  },
  "pages": [],
  "replys": [
    {
      "user": "neo",
      "date": "2017-04-15 23:08:39",
      "content": "毛底蕴，也就是国米自己作死，a米走个好运罢了"
    },
    {
      "user": "贺方",
      "date": "2017-04-16 20:32:27",
      "content": "我不扶墙只服裁判。"
    }
  ]
}