{
  "title": "公牛今年铁定要黑八了，小托悲剧了",
  "topic": {
    "name": "山鸡",
    "date": "2017-04-19 11:13:36",
    "content": "公牛今年铁定要黑八了，小托悲剧了"
  },
  "pages": [],
  "replys": [
    {
      "user": "雨人",
      "date": "2017-04-22 06:47:05",
      "content": "地表最强175啊     可惜。。"
    },
    {
      "user": "山鸡",
      "date": "2017-04-22 06:51:01",
      "content": "😢隆多受伤了"
    }
  ]
}