{
  "title": "火箭绝杀失败",
  "topic": {
    "name": "小小小帅哥",
    "date": "2017-04-22 12:16:47",
    "content": "火箭绝杀失败"
  },
  "pages": [],
  "replys": [
    {
      "user": "帅气也违章",
      "date": "2017-04-22 16:24:23",
      "content": "因为哈登5犯，贝弗利罚下了，打加时很不利"
    },
    {
      "user": "雪扬",
      "date": "2017-04-22 16:30:54",
      "content": "叹息~"
    },
    {
      "user": "帅气也违章",
      "date": "2017-04-22 17:54:07",
      "content": "其实就是英雄球没进，相信下场窝火准头会回来的～"
    },
    {
      "user": "小小小帅哥",
      "date": "2017-04-22 18:09:38",
      "content": "不好说，准头回来了对方也能针对性防守，雷霆打内线真的没法处理"
    },
    {
      "user": "雨人",
      "date": "2017-04-22 23:50:20",
      "content": "哈登那个三分太草率了。。。"
    }
  ]
}