{
  "title": "骑士26分逆转，老詹霸气两连推对不对",
  "topic": {
    "name": "遇见",
    "date": "2017-04-21 10:30:23",
    "content": "骑士26分逆转，老詹霸气两连推对不对"
  },
  "pages": [],
  "replys": [
    {
      "user": "遇见",
      "date": "2017-04-21 10:30:51",
      "content": "直接无视13号，起来再推到😂"
    },
    {
      "user": "遇见",
      "date": "2017-04-21 10:34:32",
      "content": "老詹加油"
    },
    {
      "user": "遇见",
      "date": "2017-04-21 10:34:43",
      "content": "直接十六连胜"
    },
    {
      "user": "慧眼识猪。",
      "date": "2017-04-21 10:40:34",
      "content": "詹皇独战步行者啊  俩巨头今天失准"
    },
    {
      "user": "柒柒爱酸奶",
      "date": "2017-04-21 10:54:48",
      "content": "必须啊，不枉我早起"
    },
    {
      "user": "遇见",
      "date": "2017-04-21 11:23:16",
      "content": "早起是失望的，直接落后20分"
    },
    {
      "user": "柒柒爱酸奶",
      "date": "2017-04-21 11:24:26",
      "content": "对啊，看的超心塞"
    },
    {
      "user": "遇见",
      "date": "2017-04-21 11:34:33",
      "content": "我都没看的确第三节，默默祈祷会翻盘，终于还是不负众望啊"
    },
    {
      "user": "遇见",
      "date": "2017-04-21 11:34:56",
      "content": "太失准了，王者带青铜"
    },
    {
      "user": "遇见",
      "date": "2017-04-21 11:36:33",
      "content": "uo"
    }
  ]
}