{
  "title": "求腾讯会员看明早火箭比赛(可付费)",
  "topic": {
    "name": "时光倒转、",
    "date": "2017-04-23 12:49:11",
    "content": "求腾讯会员看明早火箭比赛(可付费)"
  },
  "pages": [],
  "replys": [
    {
      "user": "[已注销]",
      "date": "2017-04-23 23:31:44",
      "content": "看比赛不一定要用腾讯，也有其它免费直播的"
    },
    {
      "user": "[已注销]",
      "date": "2017-04-23 23:32:09",
      "content": "足球巴巴"
    },
    {
      "user": "LALKB",
      "date": "2017-04-25 16:05:17",
      "content": "季后赛不用会员也能看，晕死"
    },
    {
      "user": "时光倒转、",
      "date": "2017-04-27 07:34:27",
      "content": "那场球是会员的……"
    },
    {
      "user": "[已注销]",
      "date": "2017-05-04 23:09:00",
      "content": "有付费的钱，自己冲个会员不就得了"
    },
    {
      "user": "时光倒转、",
      "date": "2017-05-05 07:12:22",
      "content": "因为就一场球，所以……"
    },
    {
      "user": "时光倒转、",
      "date": "2017-05-05 07:12:28",
      "content": "但还是冲了"
    }
  ]
}