{
  "title": "明天破骑能够再虐猛龙吗？",
  "topic": {
    "name": "傻圈",
    "date": "2017-05-03 22:45:40",
    "content": "明天破骑能够再虐猛龙吗？"
  },
  "pages": [],
  "replys": [
    {
      "user": "丁漪stan",
      "date": "2017-05-04 09:53:04",
      "content": "已虐……"
    },
    {
      "user": "远方",
      "date": "2017-05-04 17:32:43",
      "content": "不指望猛龙"
    },
    {
      "user": "[已注销]",
      "date": "2017-05-04 22:27:15",
      "content": "不够看，现在觉得决赛打凯子容易出阴招"
    }
  ]
}