{
  "title": "骑士这样顺风顺水  是好事  还是坏事？",
  "topic": {
    "name": "傻圈",
    "date": "2017-05-08 10:00:48",
    "content": "骑士这样顺风顺水  是好事  还是坏事？"
  },
  "pages": [],
  "replys": [
    {
      "user": "远方",
      "date": "2017-05-08 10:16:23",
      "content": "去年的翻版，如果打奇才，要难打些。"
    },
    {
      "user": "王 木 木",
      "date": "2017-05-09 13:59:57",
      "content": "其实一点儿也不顺，得看接触的那支球队了，打火箭或者绿军都不好周旋"
    }
  ]
}