{
  "title": "詹密",
  "topic": {
    "name": "没齐天的大圣",
    "date": "2017-05-08 06:53:03",
    "content": "詹密"
  },
  "pages": [],
  "replys": [
    {
      "user": "22",
      "date": "2017-05-08 08:11:12",
      "content": "早上看到群里说 又横扫"
    },
    {
      "user": "没齐天的大圣",
      "date": "2017-05-08 08:27:37",
      "content": "嗯呢，4-0横扫猛龙，进总决赛没什么问题"
    },
    {
      "user": "傻圈",
      "date": "2017-05-08 10:01:21",
      "content": "10年！"
    },
    {
      "user": "八两",
      "date": "2017-05-08 10:03:05",
      "content": "我就喜欢你这样的女詹密"
    },
    {
      "user": "柒柒爱酸奶",
      "date": "2017-05-08 10:04:58",
      "content": "一睁眼就看到好消息"
    },
    {
      "user": "22",
      "date": "2017-05-08 10:06:51",
      "content": "横扫的 我有点担心了"
    },
    {
      "user": "没齐天的大圣",
      "date": "2017-05-08 10:08:09",
      "content": "08年到现在，差不多快十年"
    },
    {
      "user": "傻圈",
      "date": "2017-05-08 10:09:22",
      "content": "我是06热火夺冠那年  到现在！"
    },
    {
      "user": "没齐天的大圣",
      "date": "2017-05-08 10:09:44",
      "content": "东决打凯尔特人的话也估计会横扫，打奇才就困难一点了"
    },
    {
      "user": "八两",
      "date": "2017-05-08 10:13:25",
      "content": "妹纸，莫慌。你看看，横扫并没有很轻松"
    }
  ]
}