{
  "title": "最近阿森纳，",
  "topic": {
    "name": "轻风",
    "date": "2017-05-12 09:17:00",
    "content": "最近阿森纳，"
  },
  "pages": [],
  "replys": [
    {
      "user": "木就对了",
      "date": "2017-05-12 12:01:44",
      "content": "阿森纳争四是每年英超的保留节目"
    },
    {
      "user": "轻风",
      "date": "2017-05-12 14:18:37",
      "content": "是的，但今年起伏太大了，球队。"
    },
    {
      "user": "木就对了",
      "date": "2017-05-12 14:40:05",
      "content": "现在看着还有戏"
    },
    {
      "user": "轻风",
      "date": "2017-05-12 16:00:16",
      "content": "在自己不范错的情况下，全胜，还要希望对手犯错，小概率事件！"
    },
    {
      "user": "木就对了",
      "date": "2017-05-12 17:44:38",
      "content": "只能相信奇迹了"
    },
    {
      "user": "Darren",
      "date": "2017-05-13 07:05:49",
      "content": "May the 4th be with you😏"
    },
    {
      "user": "轻风",
      "date": "2017-05-13 08:14:05",
      "content": "Thx"
    },
    {
      "user": "轻风",
      "date": "2017-05-13 23:58:01",
      "content": "阿森纳开始了，有人看直播吗？希望拿下斯托克城"
    },
    {
      "user": "Neo",
      "date": "2017-05-14 00:58:40",
      "content": "看比赛"
    },
    {
      "user": "轻风",
      "date": "2017-05-14 12:41:52",
      "content": "看了4:1，今晚就看利物浦了，争四争的太晚了！"
    },
    {
      "user": "轻风",
      "date": "2017-05-14 22:31:10",
      "content": "阿森纳没戏了，利物浦2:0了"
    },
    {
      "user": "轻风",
      "date": "2017-05-15 10:19:05",
      "content": "要等曼城和利物浦同时犯错的概率几乎没有了，哎，争四争的太晚了！"
    },
    {
      "user": "冰滴先生",
      "date": "2017-05-17 23:48:57",
      "content": "阿森纳本赛季这样的一个结果，最伤心的应该是队中的几个大牌球员。欧冠早早出局，在联赛里欧冠资格也无法顺利确定下来。这样下去，桑切斯、大吉鲁、厄齐尔是否还能长期留下来。😓"
    },
    {
      "user": "轻风",
      "date": "2017-05-18 10:46:35",
      "content": "就是的，长此以往，会形成恶性循环，招不来大牌了"
    },
    {
      "user": "轻风",
      "date": "2017-05-18 18:08:22",
      "content": "最后一场比赛，我们都是阿森纳球迷，都是沃特福德的球迷，都是米德尔斯堡的球迷，有没有呀！"
    },
    {
      "user": "风雪清晨",
      "date": "2017-05-19 16:17:52",
      "content": "争四狂魔，今年渺茫"
    },
    {
      "user": "轻风",
      "date": "2017-05-19 20:15:42",
      "content": "哎，是的，前面欠的太多了，现在来还，太迟了"
    },
    {
      "user": "轻风",
      "date": "2017-05-21 16:54:25",
      "content": "今晚比赛啊，先做好自己"
    },
    {
      "user": "轻风",
      "date": "2017-05-31 10:49:18",
      "content": "大腿要转会了，哎"
    }
  ]
}