{
  "title": "NBA接下来的预测",
  "topic": {
    "name": "常乐乐",
    "date": "2017-05-12 22:05:49",
    "content": "NBA接下来的预测"
  },
  "pages": [],
  "replys": [
    {
      "user": "益达",
      "date": "2017-05-19 03:04:28",
      "content": "这么多或也叫预测？"
    },
    {
      "user": "心一直走",
      "date": "2017-05-20 20:10:57",
      "content": "这叫预测？这特码叫瞎掰"
    },
    {
      "user": "常乐乐",
      "date": "2017-05-21 11:34:14",
      "content": "预测只是娱乐，搞那么认真干嘛！"
    },
    {
      "user": "顾笙",
      "date": "2017-06-08 10:08:02",
      "content": "看完这个垚体育订阅号里面的分析再来预测吧😄"
    }
  ]
}