{
  "title": "一场马刺球迷看得热泪盈眶的比赛",
  "topic": {
    "name": "假装在画画",
    "date": "2017-05-11 10:44:42",
    "content": "一场马刺球迷看得热泪盈眶的比赛"
  },
  "pages": [],
  "replys": [
    {
      "user": "22",
      "date": "2017-05-11 11:00:54",
      "content": "看到那个女球迷的狂吼 我想到了自己去年看总决赛G7 詹姆斯夺冠后 先愣了一秒 反应过来之后 一边哭一边喊"
    },
    {
      "user": "假装在画画",
      "date": "2017-05-11 11:16:24",
      "content": "只有经历过的人 感情深厚的人才会懂得当时的情况。恩"
    },
    {
      "user": "点赞王",
      "date": "2017-05-11 11:17:09",
      "content": "尊敬马刺，欣赏马刺，火箭加油～虽然谁进西决都打不过勇士，但是这轮对决是最精彩的"
    },
    {
      "user": "假装在画画",
      "date": "2017-05-11 11:19:44",
      "content": "如此艰辛 惨烈，才是真正硬碰硬的季后赛"
    },
    {
      "user": "22",
      "date": "2017-05-11 11:25:52",
      "content": "那可不一定噢  我不太看好勇士 哈哈哈哈"
    },
    {
      "user": "点赞王",
      "date": "2017-05-11 12:11:33",
      "content": "客观说完全打不过，四比零也有可能～勇士就是升级版火箭"
    },
    {
      "user": "陆姑娘",
      "date": "2017-05-12 23:48:40",
      "content": "被马努感动到哭"
    },
    {
      "user": "枯树枝",
      "date": "2017-05-13 13:57:07",
      "content": "写的真好"
    },
    {
      "user": "假装在画画",
      "date": "2017-05-13 16:53:04",
      "content": "被马刺全队感动到哭"
    },
    {
      "user": "假装在画画",
      "date": "2017-05-13 16:53:20",
      "content": "比赛真真好看"
    },
    {
      "user": "臧嘻嘻",
      "date": "2017-05-13 16:57:36",
      "content": "然并卵，难过勇士关"
    },
    {
      "user": "Ak50",
      "date": "2017-05-13 17:25:50",
      "content": "泪奔 Go spurs Go！"
    },
    {
      "user": "假装在画画",
      "date": "2017-05-13 20:42:09",
      "content": "不能要求马刺年年夺冠，进总决赛。过程也很重要"
    },
    {
      "user": "假装在画画",
      "date": "2017-05-13 20:42:24",
      "content": "go spurs go"
    },
    {
      "user": "陆姑娘",
      "date": "2017-05-13 21:19:16",
      "content": "那你比较腻害"
    },
    {
      "user": "假装在画画",
      "date": "2017-05-13 22:33:54",
      "content": "我博爱 你专一"
    }
  ]
}