{
  "title": "Go spurs go",
  "topic": {
    "name": "陆姑娘",
    "date": "2017-05-14 21:11:52",
    "content": "Go spurs go"
  },
  "pages": [
    "https://www.douban.com/group/topic/102540363/?start=100"
  ],
  "replys": [
    {
      "user": "zzm",
      "date": "2017-05-18 09:04:45",
      "content": "再画个总冠军戒指上去就齐了"
    },
    {
      "user": "Summer",
      "date": "2017-05-14 21:42:34",
      "content": "幸亏没有阿德"
    },
    {
      "user": "陆姑娘",
      "date": "2017-05-15 00:42:57",
      "content": "哈哈哈，黑阿德么"
    },
    {
      "user": "22",
      "date": "2017-05-15 00:45:05",
      "content": "妹子觉得 视觉脏....."
    },
    {
      "user": "西安男网友",
      "date": "2017-05-15 00:52:26",
      "content": "好看"
    },
    {
      "user": "陆姑娘",
      "date": "2017-05-15 01:00:00",
      "content": "？"
    },
    {
      "user": "陆姑娘",
      "date": "2017-05-15 01:00:09",
      "content": "谢谢😁"
    },
    {
      "user": "西安男网友",
      "date": "2017-05-15 07:03:15",
      "content": "可惜被逆转了"
    },
    {
      "user": "栗子",
      "date": "2017-05-15 07:16:53",
      "content": "这个真的好看，难得有女球迷的说"
    },
    {
      "user": "陆姑娘",
      "date": "2017-05-15 07:19:29",
      "content": "没办法，谁让遇见了渣渣这个第一中锋呢😊"
    },
    {
      "user": "陆姑娘",
      "date": "2017-05-15 07:21:27",
      "content": "谢谢夸奖，可惜马刺一输球，女球迷表示难过😔"
    },
    {
      "user": "西安男网友",
      "date": "2017-05-15 07:22:58",
      "content": "哈哈"
    },
    {
      "user": "栗子",
      "date": "2017-05-15 07:22:59",
      "content": "小卡不伤这场基本可以拿下，虽然我勇密，但是还是这么认为的，希望小卡回归再战，带来精彩比赛吧😂"
    },
    {
      "user": "陆姑娘",
      "date": "2017-05-15 07:32:28",
      "content": "你们的渣渣太厉害了，我刺表示防不住😞😞😞"
    },
    {
      "user": "陆姑娘",
      "date": "2017-05-15 07:32:39",
      "content": "😂😂😂"
    },
    {
      "user": "西安男网友",
      "date": "2017-05-15 07:41:14",
      "content": "希望马刺赢"
    },
    {
      "user": "陆姑娘",
      "date": "2017-05-15 07:56:06",
      "content": "嗯呢，我相信他们"
    },
    {
      "user": "七TON",
      "date": "2017-05-15 08:00:50",
      "content": "真是一口毒奶啊"
    },
    {
      "user": "栗子",
      "date": "2017-05-15 08:06:07",
      "content": "其实有一个动图，你想不想看，我不想嘲讽谁，只是没必要，但是很多这样防的，这场除了扎扎还有"
    },
    {
      "user": "陆姑娘",
      "date": "2017-05-15 08:10:57",
      "content": "真是被奶死了😂😂😂"
    },
    {
      "user": "陆姑娘",
      "date": "2017-05-15 08:11:53",
      "content": "瞄准别人受伤脚踝的还有么😳"
    },
    {
      "user": "七TON",
      "date": "2017-05-15 08:18:59",
      "content": "梦断今朝😨"
    },
    {
      "user": "陆姑娘",
      "date": "2017-05-15 08:20:19",
      "content": "没事，还有六场😂😂😂"
    },
    {
      "user": "栗子",
      "date": "2017-05-15 08:34:29",
      "content": "不知道豆油能不能发gif，等我找下"
    },
    {
      "user": "青衣年少",
      "date": "2017-05-15 08:36:37",
      "content": "今天马刺输的太可惜"
    },
    {
      "user": "陆姑娘",
      "date": "2017-05-15 09:14:52",
      "content": "嗯，卡哇伊不伤，我们就赢了"
    },
    {
      "user": "青衣年少",
      "date": "2017-05-15 09:33:15",
      "content": "勇士今天胜之不武，希望卡哇伊没有大碍，下一场干掉勇士"
    },
    {
      "user": "陆姑娘",
      "date": "2017-05-15 09:36:21",
      "content": "嗯，就算卡哇伊伤停，相信我刺也会打出精彩的比赛！"
    },
    {
      "user": "青衣年少",
      "date": "2017-05-15 09:38:53",
      "content": "帕克伤了，马刺太需要卡哇伊发起和终结进攻，希望下场可以上"
    },
    {
      "user": "陆姑娘",
      "date": "2017-05-15 10:13:51",
      "content": "健康最重要！"
    },
    {
      "user": "青春",
      "date": "2017-05-15 10:58:49",
      "content": "哎，可怜了莱昂纳德。。。"
    },
    {
      "user": "陆姑娘",
      "date": "2017-05-15 11:01:21",
      "content": "嗯，真是不开森！"
    },
    {
      "user": "Summer",
      "date": "2017-05-15 11:03:22",
      "content": "卡哇伊不伤也意义不大，因为确实勇士比较变态，熏疼波波"
    },
    {
      "user": "糊涂难得",
      "date": "2017-05-15 11:20:54",
      "content": "真毒"
    },
    {
      "user": "青春",
      "date": "2017-05-15 11:33:41",
      "content": "估计要跪"
    },
    {
      "user": "慧眼识猪。",
      "date": "2017-05-15 11:34:30",
      "content": "扎扎到勇士变坏了"
    },
    {
      "user": "陆姑娘",
      "date": "2017-05-15 11:46:17",
      "content": "卡哇伊不伤这场就拿下了好么"
    },
    {
      "user": "陆姑娘",
      "date": "2017-05-15 11:46:37",
      "content": "怪我咯"
    },
    {
      "user": "陆姑娘",
      "date": "2017-05-15 11:47:06",
      "content": "卡哇伊要是伤停，就挂了"
    },
    {
      "user": "陆姑娘",
      "date": "2017-05-15 11:47:25",
      "content": "不光渣渣，杜兰特都被带的大嘴巴了"
    },
    {
      "user": "慧眼识猪。",
      "date": "2017-05-15 11:48:36",
      "content": "这说明勇士是一只很有感染力的球队，什么人去了都会被感染"
    },
    {
      "user": "陆姑娘",
      "date": "2017-05-15 11:51:16",
      "content": "啊哈哈哈，这夸的倒是没毛病"
    },
    {
      "user": "Summer",
      "date": "2017-05-15 11:54:51",
      "content": "运气也是成功的一部分，这就是命，说也说不清楚"
    },
    {
      "user": "青春",
      "date": "2017-05-15 12:04:36",
      "content": "哎"
    },
    {
      "user": "陆姑娘",
      "date": "2017-05-15 12:18:42",
      "content": "老帕克，卡哇伊不伤病，还真说不准谁进决赛😊"
    },
    {
      "user": "Summer",
      "date": "2017-05-15 13:45:56",
      "content": "老字用的好，你可以指望帕克一阵子重回巅峰状态，但不能让他每场都卖命，毕竟每次比赛都是-1s，吉诺比利帕克和邓肯的黄金GDP只能是回忆了，虽然不舍但要面对现实，阿德的加入也是为了让老爷子的理念型体系继续，但是不是每个大前都可以成为邓肯,老将们对于现在球队的作用大部分是将理念和经验传下去，让球员迅速融入马刺，但要是依赖他们恐怕不会走太远，毕竟身体已经跟不上思维。"
    },
    {
      "user": "陆姑娘",
      "date": "2017-05-15 13:50:13",
      "content": "嗯哼，我们不只有老将，我们有卡哇伊，阿德虽然不如邓肯，但也还可以，我们还有米尔斯，有西蒙斯，有格林，有穆雷，马刺的每个人都可以改变比赛，虽然他们看上去并没有多耀眼。"
    },
    {
      "user": "Summer",
      "date": "2017-05-15 14:03:23",
      "content": "这点我不否认，每个队都不敢说是无敌，毕竟是五个人的比赛，但是阿德的疲软是众所周知，进攻的侵略性太低，既不能稳健得分，所以很难拉开空间，当然请不要拿开拓者时期的阿德来和这个比，现在的阿德在对阵灰熊和火箭的时候完全可以看出来，打球就是这样，数据和作用是两码事。米尔斯算是作为帕克替补比较好的一名球员不可否认，如果在GDP时期完全可以成为后卫上一个不可缺失的尖兵。17号理发师确实励志，身体条件好，但是由于他的积极性，可能在阵地战的时候没有太大作用，防守积极，但阵地进攻手段单一。其他角色球员不说了，说说卡哇伊吧，卡哇伊的传统型打发实用到不行，可以说是马刺邓肯的接班人，连面无表情都是那么的一致，可你不能要求他去像忍者神龟威少那样去打，毕竟，这是马刺。马刺讲究的是整体，所有人创造机会，分享球，打的是成功率，所以他们才有那么高的中投出手率，我到现在也喜欢着马刺。不过，真的老了，在去年的季后赛就看出来，他们在面对勇士的时候，确实跑不过这些灵活而又神准的小伙子。当然，如果面对骑士，也许就是另一番场景了。祝福马刺吧，还是希望这帮老炮能给他们那些愣头青上一课。加油，马刺。"
    },
    {
      "user": "陆姑娘",
      "date": "2017-05-15 14:59:49",
      "content": "你疯了么，打这么多，不累么？"
    },
    {
      "user": "Summer",
      "date": "2017-05-15 15:15:10",
      "content": "爱篮球没理由，this is why we play"
    },
    {
      "user": "陈在天",
      "date": "2017-05-15 15:26:42",
      "content": "恩，今天前面打的吓死我了（比较喜欢勇士），但是今天的马刺队可敬。  还有zaza那一脚真的不太舒服看的"
    },
    {
      "user": "陆姑娘",
      "date": "2017-05-15 16:27:02",
      "content": "嗯😳"
    },
    {
      "user": "陆姑娘",
      "date": "2017-05-15 16:27:53",
      "content": "你们应该感谢渣渣，不然今天又是场血洗"
    },
    {
      "user": "陈在天",
      "date": "2017-05-15 16:53:43",
      "content": "这个就见仁见智了。  我从来不如果论。  反而希望没有伤病"
    },
    {
      "user": "陆姑娘",
      "date": "2017-05-15 17:31:27",
      "content": "那你得承认，如果没你渣那一脚，我伦就不会在那时候伤退了，这也是如果论"
    },
    {
      "user": "七TON",
      "date": "2017-05-15 17:49:10",
      "content": "今年吧 悬了 这脚伤了两次了 小卡的职业生涯还很长的 就是可惜了秃子。最后一年了"
    },
    {
      "user": "陆姑娘",
      "date": "2017-05-15 18:45:20",
      "content": "帕克也不一定怎么着"
    },
    {
      "user": "北纬28度",
      "date": "2017-05-15 19:07:24",
      "content": "我TM看见秃子今天最后一个杀进篮下扣篮的那个球\r眼泪差点就要掉下来了 不过忍住了 因为我知道这不是最后一个"
    },
    {
      "user": "陆姑娘",
      "date": "2017-05-15 20:26:56",
      "content": "秃子季后赛真是拼了老命了，真想再给他一个冠军"
    },
    {
      "user": "七TON",
      "date": "2017-05-15 22:01:36",
      "content": "所以说冠军是实力➕运气   我只能这样安慰我自己了 想想就不舒服"
    },
    {
      "user": "陆姑娘",
      "date": "2017-05-15 22:05:42",
      "content": "表气馁，反正我们打出自己的水平就够了，剩下的顺其自然吧"
    },
    {
      "user": "七TON",
      "date": "2017-05-15 23:07:30",
      "content": "我都习惯了 近几年我喜欢的球队就没成功过"
    },
    {
      "user": "[已注销]",
      "date": "2017-05-15 23:26:35",
      "content": "垫定胜局"
    },
    {
      "user": "蘇",
      "date": "2017-05-16 00:11:00",
      "content": "Go spurs！"
    },
    {
      "user": "陆姑娘",
      "date": "2017-05-16 06:27:44",
      "content": "你才是最大的毒奶啊"
    },
    {
      "user": "陆姑娘",
      "date": "2017-05-16 06:28:00",
      "content": "说你勇么"
    },
    {
      "user": "陆姑娘",
      "date": "2017-05-16 06:28:20",
      "content": "😁马刺能行"
    },
    {
      "user": "七TON",
      "date": "2017-05-16 08:07:07",
      "content": "哈哈 我眼光有问题  逆向保罗🐙"
    },
    {
      "user": "陆姑娘",
      "date": "2017-05-16 08:34:47",
      "content": "你就是保罗进不了西决的罪魁祸首啊"
    },
    {
      "user": "[已注销]",
      "date": "2017-05-16 09:43:15",
      "content": "姑娘是不是在虎扑刺区也发过帖子"
    },
    {
      "user": "陆姑娘",
      "date": "2017-05-16 09:46:38",
      "content": "没有😂😂😂"
    },
    {
      "user": "[已注销]",
      "date": "2017-05-16 09:47:47",
      "content": "哦哦\r因为在刺区也看到个姑娘在西决前秀了指甲\r不过现在应该没心情看了"
    },
    {
      "user": "陆姑娘",
      "date": "2017-05-16 10:28:42",
      "content": "为何不看，我刺会战斗到底"
    },
    {
      "user": "陆姑娘",
      "date": "2017-05-16 10:31:10",
      "content": "好在我伦伤的不厉害"
    },
    {
      "user": "陈在天",
      "date": "2017-05-16 10:45:54",
      "content": "对呀    所以如果论是没有结果的东西。   毕竟伤病也是比赛的一部分。   理智看球。  我本人也十分不喜欢垫脚的行为。     希望伦纳德没事可以打g3"
    },
    {
      "user": "陆姑娘",
      "date": "2017-05-16 10:57:37",
      "content": "我看球很理智，我刺一轮游两轮游，被横扫都没关系，伤病是竞技体育的一部分，但黑脚不是，我并不想比赛被丧失职业道德的行为玷污了。"
    },
    {
      "user": "青春",
      "date": "2017-05-16 11:37:03",
      "content": "下场能上？"
    },
    {
      "user": "陆姑娘",
      "date": "2017-05-16 11:45:03",
      "content": "上不了，只是无组织结构性损伤，不过估计也上不了"
    },
    {
      "user": "人贱人爱小粉红",
      "date": "2017-05-16 11:48:24",
      "content": "难得看到女刺密！还是希望看到我刺能拿下系列赛"
    },
    {
      "user": "陆姑娘",
      "date": "2017-05-16 11:51:05",
      "content": "你刺可以的，就算拿不下，输了明年再来"
    },
    {
      "user": "青春",
      "date": "2017-05-16 12:00:22",
      "content": "还想着好好的看这个系列赛，结果……哎"
    },
    {
      "user": "心一直走",
      "date": "2017-05-16 12:17:12",
      "content": "布鲁斯.鲍文  罗伯特.霍里"
    },
    {
      "user": "陆姑娘",
      "date": "2017-05-16 13:24:29",
      "content": "渣渣救了勇士"
    },
    {
      "user": "陆姑娘",
      "date": "2017-05-16 13:44:45",
      "content": "也是，不过鲍文五年最佳防守，渣渣还是渣渣"
    },
    {
      "user": "陆姑娘",
      "date": "2017-05-16 14:32:55",
      "content": "帖子里都硝烟弥漫的😂😂😂"
    },
    {
      "user": "霍琛布鲁兹老爷",
      "date": "2017-05-16 14:49:39",
      "content": "特别想看格林与卡尔马龙对位 可惜无法实现"
    },
    {
      "user": "陈在天",
      "date": "2017-05-16 14:53:21",
      "content": "这就是一个商业联盟。  所有的一切都是为了钱。  职业道德这个东西，只要最后你是输家。 你觉得过一个月还会有几个人记得你。。。。"
    },
    {
      "user": "行走的半残大爷",
      "date": "2017-05-16 14:58:57",
      "content": "阿德要暴走！！"
    },
    {
      "user": "青春",
      "date": "2017-05-16 15:07:34",
      "content": "那不一定勇士就能赢"
    },
    {
      "user": "陆姑娘",
      "date": "2017-05-16 15:28:40",
      "content": "那艾弗森怎么算，一生无冠"
    },
    {
      "user": "陆姑娘",
      "date": "2017-05-16 15:28:52",
      "content": "嗯哼~~"
    },
    {
      "user": "陆姑娘",
      "date": "2017-05-16 15:29:14",
      "content": "家嫂也要😏😏😏"
    },
    {
      "user": "行走的半残大爷",
      "date": "2017-05-16 15:29:47",
      "content": "嫂子暴走，有点难为他。"
    },
    {
      "user": "陆姑娘",
      "date": "2017-05-16 16:10:57",
      "content": "哈哈哈哈哈，老夫聊发少年狂，学学马努"
    },
    {
      "user": "行走的半残大爷",
      "date": "2017-05-16 16:47:07",
      "content": "马努拿个FMVP"
    },
    {
      "user": "陆姑娘",
      "date": "2017-05-16 17:01:29",
      "content": "我们也得先拿冠军啊，拿冠军也得先赢勇士啊😂"
    },
    {
      "user": "人贱人爱小粉红",
      "date": "2017-05-16 17:02:08",
      "content": "我怕我傻帕和秃子不打了"
    },
    {
      "user": "陆姑娘",
      "date": "2017-05-16 17:57:22",
      "content": "明年估计就不打了吧，秃子反正要退，想想就难过"
    },
    {
      "user": "七TON",
      "date": "2017-05-16 18:05:36",
      "content": "噗... 这个锅我可不背， 虽然我喜欢保罗 但是他那种球风太容易被针对了"
    },
    {
      "user": "陆姑娘",
      "date": "2017-05-16 18:09:45",
      "content": "来我次，就可以了，总冠军都可以有"
    },
    {
      "user": "陈在天",
      "date": "2017-05-17 10:19:46",
      "content": "不是的，我指的是球队。  你指的是个人。   超级巨星当然会被记得啦。  我个人也很喜欢麦迪。   他也没有过首轮，对吧。"
    },
    {
      "user": "陆姑娘",
      "date": "2017-05-17 10:23:07",
      "content": "因为麦迪不也记住火箭了么"
    },
    {
      "user": "陈在天",
      "date": "2017-05-17 10:24:51",
      "content": "你的意思是单纯的记住一支球队吗？ 姑娘。。。。    我的意思是若干年后讨论起来他们不会在意你伤病不伤病的。  只会说你输了。   这个联盟就是这个样子。  或者说这个社会吧"
    },
    {
      "user": "陆姑娘",
      "date": "2017-05-17 10:26:32",
      "content": "你们的思想真复杂，我跟不上。麦迪和火箭当年也是伤病，大家都知道。"
    },
    {
      "user": "陈在天",
      "date": "2017-05-17 10:29:16",
      "content": "不。人家不会管你的。  他们会说你就是输了。  没伤病你们也打不过。。。。"
    },
    {
      "user": "陆姑娘",
      "date": "2017-05-17 10:36:48",
      "content": "至少我不会这么说。我管不了别人。"
    },
    {
      "user": "北纬28度",
      "date": "2017-05-17 10:40:42",
      "content": "今天我床真给力"
    },
    {
      "user": "陆姑娘",
      "date": "2017-05-17 10:41:31",
      "content": "真感动，虽然马刺被打花，但是看见了未来，哈哈哈"
    },
    {
      "user": "陈在天",
      "date": "2017-05-17 10:44:48",
      "content": "哈哈哈"
    },
    {
      "user": "陆姑娘",
      "date": "2017-05-17 10:53:41",
      "content": "😂😂😂"
    },
    {
      "user": "七TON",
      "date": "2017-05-17 16:42:25",
      "content": "你真的这么觉得么！"
    },
    {
      "user": "陆姑娘",
      "date": "2017-05-17 16:54:25",
      "content": "是啊，没毛病"
    },
    {
      "user": "花甲背包客",
      "date": "2017-05-17 17:38:14",
      "content": "想要狗刺手机壳的可以加微：xiaozhu31ai3"
    },
    {
      "user": "七TON",
      "date": "2017-05-17 23:05:29",
      "content": "好吧 可能就我自己觉得保罗跟马刺不兼容"
    },
    {
      "user": "陆姑娘",
      "date": "2017-05-17 23:11:12",
      "content": "其实我也不觉得兼容，可能因为我对保罗没有特殊感情😂😂😂"
    },
    {
      "user": "七TON",
      "date": "2017-05-17 23:15:02",
      "content": "保罗是那种需要有球在手的球员，马刺是整体传导球，不知道bobo会怎么用，如果迎合保罗 是不是其他所有球员打法都要变。 随便想想的 哈哈 为什么那么多专业的都说他是第一控卫，确实是大局观很棒"
    },
    {
      "user": "陆姑娘",
      "date": "2017-05-18 06:52:44",
      "content": "我还是觉得，马刺自己的人更好使，我们现在有小穆雷😂😂😂"
    },
    {
      "user": "七TON",
      "date": "2017-05-18 08:17:29",
      "content": "哈哈 没毛病"
    },
    {
      "user": "陆姑娘",
      "date": "2017-05-18 09:01:46",
      "content": "哈哈哈"
    },
    {
      "user": "zzm",
      "date": "2017-05-18 09:04:45",
      "content": "再画个总冠军戒指上去就齐了"
    },
    {
      "user": "陆姑娘",
      "date": "2017-05-18 09:15:50",
      "content": "左手给右手画不太给力了就😂😂😂"
    },
    {
      "user": "七TON",
      "date": "2017-05-18 20:08:06",
      "content": "明天又是下一场 ，咋样 预测一下"
    },
    {
      "user": "陆姑娘",
      "date": "2017-05-18 20:41:20",
      "content": "礼拜天才下一场吧😂😂😂"
    },
    {
      "user": "七TON",
      "date": "2017-05-18 22:23:43",
      "content": "噗哈哈哈  原谅我"
    },
    {
      "user": "陆姑娘",
      "date": "2017-05-19 10:05:42",
      "content": "尴尬了😂😂"
    },
    {
      "user": "小钟哥",
      "date": "2017-05-19 15:49:27",
      "content": "好有才"
    },
    {
      "user": "陆姑娘",
      "date": "2017-05-19 16:22:32",
      "content": "😁😁😁"
    },
    {
      "user": "七TON",
      "date": "2017-05-19 21:40:07",
      "content": "尬聊也挺好"
    },
    {
      "user": "陆姑娘",
      "date": "2017-05-19 22:28:22",
      "content": "哈哈哈😜😜😜"
    },
    {
      "user": "哂之",
      "date": "2017-05-21 17:05:32",
      "content": "从指甲长度看来，妹纸应该有男盆友。"
    },
    {
      "user": "陆姑娘",
      "date": "2017-05-21 17:06:19",
      "content": "然而没有。指甲长度和有没有男盆友有关系么？"
    },
    {
      "user": "哂之",
      "date": "2017-05-22 12:27:57",
      "content": "有的，你自己揣摩"
    },
    {
      "user": "陆姑娘",
      "date": "2017-05-22 13:19:00",
      "content": "不知道"
    },
    {
      "user": "哂之",
      "date": "2017-05-26 01:24:29",
      "content": "头伸过来，给你个惊喜"
    },
    {
      "user": "聂胡同",
      "date": "2017-05-26 03:14:12",
      "content": "女刺密真的少"
    },
    {
      "user": "summer",
      "date": "2017-05-26 09:06:47",
      "content": "现在刺迷好像不少了"
    },
    {
      "user": "陆姑娘",
      "date": "2017-05-26 10:41:19",
      "content": "？"
    },
    {
      "user": "陆姑娘",
      "date": "2017-05-26 10:42:10",
      "content": "还好吧"
    },
    {
      "user": "陆姑娘",
      "date": "2017-05-26 10:42:43",
      "content": "可能吧"
    },
    {
      "user": "聂胡同",
      "date": "2017-05-26 10:50:29",
      "content": "哪里人"
    },
    {
      "user": "陆姑娘",
      "date": "2017-05-26 11:50:45",
      "content": "济南"
    },
    {
      "user": "Alan",
      "date": "2017-05-27 00:08:10",
      "content": "可惜了"
    },
    {
      "user": "陆姑娘",
      "date": "2017-05-27 10:48:15",
      "content": "明年再来😂😂😂"
    },
    {
      "user": "幼儿园老大",
      "date": "2017-05-27 10:57:51",
      "content": "渣渣一小步  勇士一大步"
    },
    {
      "user": "陆姑娘",
      "date": "2017-05-27 12:08:49",
      "content": "是啊是啊"
    },
    {
      "user": "幼儿园老大",
      "date": "2017-05-27 13:06:54",
      "content": "看明年的马刺吧  没伤马刺很强的"
    },
    {
      "user": "陆姑娘",
      "date": "2017-05-27 13:09:28",
      "content": "没伤勇士就瞎了😂😂😂"
    },
    {
      "user": "风吹麦浪",
      "date": "2017-05-27 13:15:54",
      "content": "真.刺迷"
    },
    {
      "user": "陆姑娘",
      "date": "2017-05-27 15:19:29",
      "content": "不敢称真刺蜜，只是最喜欢他们"
    },
    {
      "user": "风吹麦浪",
      "date": "2017-05-28 13:36:45",
      "content": "我也喜欢，高中时宿舍就挂着呆呆的海报"
    },
    {
      "user": "陆姑娘",
      "date": "2017-05-28 16:00:41",
      "content": "我是初中就喜欢秃子的长发，哈哈哈哈哈"
    },
    {
      "user": "樱木花道",
      "date": "2017-05-28 16:11:27",
      "content": "马刺被你带走，总决赛都没意思了"
    },
    {
      "user": "风吹麦浪",
      "date": "2017-05-28 17:34:24",
      "content": "那时候秃子还帅气呢"
    },
    {
      "user": "陆姑娘",
      "date": "2017-05-28 18:09:36",
      "content": "就因为那时候秃子帅才看的啊，当然现在也很帅，哈哈"
    },
    {
      "user": "陆姑娘",
      "date": "2017-05-28 18:09:48",
      "content": "原谅我这个毒奶😂😂😂"
    },
    {
      "user": "风吹麦浪",
      "date": "2017-05-28 23:50:43",
      "content": "唉可惜要退役了，老将底薪再打一年吧"
    },
    {
      "user": "花甲背包客",
      "date": "2017-05-29 01:31:26",
      "content": "有狗刺手机壳在做哦，想要的可以加微：xiaozhu31ai3"
    },
    {
      "user": "陆姑娘",
      "date": "2017-05-29 13:18:57",
      "content": "是啊是啊"
    },
    {
      "user": "樱木花道",
      "date": "2017-05-31 15:42:02",
      "content": "毒奶"
    },
    {
      "user": "陆姑娘",
      "date": "2017-05-31 17:02:07",
      "content": "😂😂😂"
    },
    {
      "user": "樱木花道",
      "date": "2017-05-31 17:09:42",
      "content": "小姑娘你厉害了，哈哈"
    },
    {
      "user": "陆姑娘",
      "date": "2017-05-31 17:49:15",
      "content": "😂😂😂我也不想啊"
    },
    {
      "user": "樱木花道",
      "date": "2017-05-31 17:50:22",
      "content": "毒奶一下勇士，哈哈"
    },
    {
      "user": "陆姑娘",
      "date": "2017-05-31 20:20:00",
      "content": "勇士全员出战，4:0横扫，勇夺总冠军。😁😁😁"
    },
    {
      "user": "樱木花道",
      "date": "2017-05-31 20:35:30",
      "content": "就这么定了"
    },
    {
      "user": "陆姑娘",
      "date": "2017-05-31 21:32:03",
      "content": "祝我继续毒奶😁"
    }
  ]
}