{
  "title": "武汉80后业余篮球队招募志同道合的兄弟一起哈皮",
  "topic": {
    "name": "小胡子偶鸡桑",
    "date": "2017-05-14 08:09:26",
    "content": "武汉80后业余篮球队招募志同道合的兄弟一起哈皮"
  },
  "pages": [],
  "replys": [
    {
      "user": "小胡子偶鸡桑",
      "date": "2017-05-14 13:55:55",
      "content": "自己顶一下咯"
    },
    {
      "user": "夏夏夏夏天",
      "date": "2017-05-15 11:50:40",
      "content": "帮顶，"
    },
    {
      "user": "小胡子偶鸡桑",
      "date": "2017-05-17 15:14:25",
      "content": "谢谢咯，这里好冷清"
    },
    {
      "user": "呛司",
      "date": "2017-05-18 16:24:31",
      "content": "现在打4 5号位的好少"
    },
    {
      "user": "畅爹",
      "date": "2017-05-18 16:28:31",
      "content": "球队不容易，且搞且珍惜~"
    },
    {
      "user": "小胡子偶鸡桑",
      "date": "2017-05-19 14:28:24",
      "content": "是啊，这个年代都是外线球星当爸爸，球迷深受影响"
    },
    {
      "user": "小胡子偶鸡桑",
      "date": "2017-05-19 14:29:49",
      "content": "有艰辛，但更多的是快乐"
    },
    {
      "user": "畅爹",
      "date": "2017-05-19 14:56:31",
      "content": "我之前搞了一个球队，打完一个联赛，散伙了~各种心酸"
    },
    {
      "user": "小胡子偶鸡桑",
      "date": "2017-05-21 23:04:55",
      "content": "为什么散伙呢"
    },
    {
      "user": "1900",
      "date": "2017-05-22 00:34:02",
      "content": "不知是否招到合适人选 已私信"
    },
    {
      "user": "畅爹",
      "date": "2017-05-22 08:59:25",
      "content": "说来话长了~"
    },
    {
      "user": "kehu1000",
      "date": "2017-06-08 14:06:42",
      "content": "我要加入打篮球"
    },
    {
      "user": "♪♬ 维他命",
      "date": "2017-06-20 14:03:52",
      "content": "什么球队？"
    },
    {
      "user": "qi",
      "date": "2017-06-20 15:59:30",
      "content": "国产女主播，海量欧美日韩资源，➕weixin：ttb0831 一元一部"
    },
    {
      "user": "una911",
      "date": "2017-06-22 16:12:42",
      "content": "这很好"
    },
    {
      "user": "一",
      "date": "2017-06-23 13:12:48",
      "content": "武汉的帮顶"
    },
    {
      "user": "丽超、",
      "date": "2017-06-29 11:41:24",
      "content": "182射手需不需要！"
    },
    {
      "user": "战斗机",
      "date": "2019-01-22 12:58:19",
      "content": "还要人吗，183 能1-4，98公斤 武体毕业"
    },
    {
      "user": "战斗机",
      "date": "2019-01-22 12:59:10",
      "content": "还要人吗"
    }
  ]
}