{
  "title": "勇士打马刺，你觉得会多少场解决战斗",
  "topic": {
    "name": "yyagg520530",
    "date": "2017-05-14 22:11:11",
    "content": "勇士打马刺，你觉得会多少场解决战斗"
  },
  "pages": [],
  "replys": [
    {
      "user": "金元宝",
      "date": "2017-05-15 17:32:03",
      "content": "还有3场.且看且珍惜."
    },
    {
      "user": "yyagg520530",
      "date": "2017-05-15 19:06:42",
      "content": "不求骑士能拿总冠军，但求安全打完总决赛即可。"
    },
    {
      "user": "益达",
      "date": "2017-05-19 03:02:36",
      "content": "就现在的账面，可能四比一老马刺就来年再见了"
    },
    {
      "user": "yyagg520530",
      "date": "2017-05-19 18:51:03",
      "content": "四比一都难，估计直接四比零。"
    },
    {
      "user": "益达",
      "date": "2017-05-19 19:35:05",
      "content": "就是个难呀"
    }
  ]
}