{
  "title": "好期待马刺夺冠啊",
  "topic": {
    "name": "行走的半残大爷",
    "date": "2017-05-16 14:59:46",
    "content": "好期待马刺夺冠啊"
  },
  "pages": [],
  "replys": [
    {
      "user": "Daria",
      "date": "2017-05-16 15:01:15",
      "content": "这一口奶😂"
    },
    {
      "user": "行走的半残大爷",
      "date": "2017-05-16 15:01:56",
      "content": "奶不动。"
    },
    {
      "user": "行走的半残大爷",
      "date": "2017-05-16 15:02:23",
      "content": "就马刺少了帕克，伤了小卡。\r 艹！"
    },
    {
      "user": "Daria",
      "date": "2017-05-16 15:09:03",
      "content": "接下来就看波波老爷子怎么操作了👏"
    },
    {
      "user": "行走的半残大爷",
      "date": "2017-05-16 15:09:43",
      "content": "你可以看现场？？？？？？\r擦！"
    },
    {
      "user": "行走的半残大爷",
      "date": "2017-05-16 15:10:18",
      "content": "全队APM都不过200，对前面全是200以上的。"
    },
    {
      "user": "Daria",
      "date": "2017-05-16 15:11:53",
      "content": "我可以看直播😒"
    },
    {
      "user": "行走的半残大爷",
      "date": "2017-05-16 15:12:49",
      "content": "你的地址，让人菊花一紧。"
    },
    {
      "user": "Daria",
      "date": "2017-05-16 15:13:22",
      "content": "你的坐标也让我虎躯一震"
    },
    {
      "user": "行走的半残大爷",
      "date": "2017-05-16 15:14:40",
      "content": "容我看看，当初为了约姑娘，太拼。"
    },
    {
      "user": "行走的半残大爷",
      "date": "2017-05-16 15:16:07",
      "content": "你竟然不带把。为什么眼角有眼泪滑过。"
    },
    {
      "user": "Daria",
      "date": "2017-05-16 15:16:15",
      "content": "人长得帅即使坐标铁岭也能约到姑娘"
    },
    {
      "user": "行走的半残大爷",
      "date": "2017-05-16 15:17:34",
      "content": "就是怕姑娘追到铁岭。才把地址改到一个遥远的地方。"
    },
    {
      "user": "Daria",
      "date": "2017-05-16 15:19:53",
      "content": "有趣有趣"
    },
    {
      "user": "22",
      "date": "2017-05-16 15:20:54",
      "content": "只希望马刺是西部冠军，至于总冠军嘛，嘻嘻嘻嘻"
    },
    {
      "user": "行走的半残大爷",
      "date": "2017-05-16 15:26:20",
      "content": "心疼我大马刺！"
    },
    {
      "user": "行走的半残大爷",
      "date": "2017-05-16 15:27:16",
      "content": "感觉混进了什么东西........"
    },
    {
      "user": "Daria",
      "date": "2017-05-16 15:29:13",
      "content": "行了行了，昨天把这半年的脏话和眼泪额度都用完了。下场比赛见👋👋"
    },
    {
      "user": "行走的半残大爷",
      "date": "2017-05-16 15:30:30",
      "content": "男儿有泪不轻弹，小卡也说没啥事。稍安！"
    },
    {
      "user": "Daria",
      "date": "2017-05-16 15:32:40",
      "content": "我是女生我可以哭啊👻今天一早起来看见虎扑推送小卡没有结构性损伤的消息，开心到飞起"
    },
    {
      "user": "行走的半残大爷",
      "date": "2017-05-16 15:34:25",
      "content": "彼此、彼此。\r 把主场保住，抓一个客场。不就4场了么。嘿嘿。"
    },
    {
      "user": "Daria",
      "date": "2017-05-16 15:43:30",
      "content": "应验了到时候回来给你发红包👋👋"
    },
    {
      "user": "行走的半残大爷",
      "date": "2017-05-16 16:46:42",
      "content": "借你红包，找波波喝酒去。"
    },
    {
      "user": "LINLEOCUI",
      "date": "2017-05-16 19:14:05",
      "content": "APM是什么？"
    },
    {
      "user": "Player 3",
      "date": "2017-05-16 19:16:31",
      "content": "那就看皇阿玛准不准了~"
    },
    {
      "user": "陆姑娘",
      "date": "2017-05-16 22:37:06",
      "content": "哈哈哈哈哈"
    },
    {
      "user": "行走的半残大爷",
      "date": "2017-05-16 23:04:50",
      "content": "action per minute"
    },
    {
      "user": "行走的半残大爷",
      "date": "2017-05-16 23:05:20",
      "content": "阿妈千秋大业"
    },
    {
      "user": "行走的半残大爷",
      "date": "2017-05-17 09:17:05",
      "content": "It's our time"
    },
    {
      "user": "行走的半残大爷",
      "date": "2017-05-17 09:17:31",
      "content": "指甲赞"
    },
    {
      "user": "行走的半残大爷",
      "date": "2017-05-17 09:43:46",
      "content": "一节就花了：（"
    },
    {
      "user": "Daria",
      "date": "2017-05-17 09:45:10",
      "content": "跪着看比赛。"
    },
    {
      "user": "行走的半残大爷",
      "date": "2017-05-17 09:46:27",
      "content": "蓝瘦，香菇。"
    },
    {
      "user": "Daria",
      "date": "2017-05-17 09:47:43",
      "content": "我们是看他们打球，又不是看他们赢球赢球是附属品~~"
    },
    {
      "user": "行走的半残大爷",
      "date": "2017-05-17 09:48:24",
      "content": "说得有道理。送你一对护膝。"
    },
    {
      "user": "Daria",
      "date": "2017-05-17 09:49:06",
      "content": "妈蛋，谢谢了！！"
    },
    {
      "user": "行走的半残大爷",
      "date": "2017-05-17 09:49:46",
      "content": "没事。我买了两幅。"
    },
    {
      "user": "Daria",
      "date": "2017-05-17 09:50:18",
      "content": "🙏🙏一起吧"
    },
    {
      "user": "行走的半残大爷",
      "date": "2017-05-17 09:50:37",
      "content": "看看，说不定呢，万一呢。"
    },
    {
      "user": "Daria",
      "date": "2017-05-17 09:51:22",
      "content": "是的，席梦思超神吧😠"
    },
    {
      "user": "行走的半残大爷",
      "date": "2017-05-17 09:51:56",
      "content": "看我老腰！"
    },
    {
      "user": "花甲背包客",
      "date": "2017-05-17 17:40:55",
      "content": "想要了解狗刺手机壳可以加微：xiaozhu31ai3"
    },
    {
      "user": "爱神守护",
      "date": "2017-05-17 17:47:20",
      "content": "就算全员健康也不一定能过的了勇士。。。你说东西部的冠军会不会分别带着横扫打总决赛"
    },
    {
      "user": "密室游鱼",
      "date": "2017-05-17 17:51:09",
      "content": "就算没有伤病，联盟也不会帮马刺的"
    },
    {
      "user": "益达",
      "date": "2017-05-19 03:00:03",
      "content": "奶不动啊兄弟，帐面上没有夺冠的筹码"
    },
    {
      "user": "Daria",
      "date": "2017-05-23 11:49:07",
      "content": "老铁"
    },
    {
      "user": "行走的半残大爷",
      "date": "2017-05-23 12:26:24",
      "content": "老铁，心被扎成筛子了。"
    },
    {
      "user": "Daria",
      "date": "2017-05-23 12:50:01",
      "content": "唉"
    },
    {
      "user": "青春何处安放",
      "date": "2017-05-23 13:09:23",
      "content": "哎 横扫了"
    },
    {
      "user": "行走的半残大爷",
      "date": "2017-05-23 16:06:58",
      "content": "老科走了，秃子也可能要走了。"
    },
    {
      "user": "行走的半残大爷",
      "date": "2017-05-23 16:07:10",
      "content": "你说，咋整？"
    },
    {
      "user": "青春何处安放",
      "date": "2017-05-23 16:12:21",
      "content": "是的呀  现在都很少看比赛了"
    },
    {
      "user": "行走的半残大爷",
      "date": "2017-05-23 16:16:50",
      "content": "原以为能过个激情燃烧得4月、5月。结果就没两场激烈的。\r 还是我大灰熊，贡献了两场。"
    },
    {
      "user": "青春何处安放",
      "date": "2017-05-23 16:25:57",
      "content": "我只看了最近的几场比赛"
    },
    {
      "user": "Daria",
      "date": "2017-05-23 22:20:27",
      "content": "整几瓶酒"
    },
    {
      "user": "行走的半残大爷",
      "date": "2017-05-23 22:24:56",
      "content": "我撸了两小时！！！到你了"
    },
    {
      "user": "Daria",
      "date": "2017-05-23 22:25:33",
      "content": "。。。你这样就有些色情了啊"
    },
    {
      "user": "行走的半残大爷",
      "date": "2017-05-23 22:26:54",
      "content": "撸铁。哥"
    },
    {
      "user": "Daria",
      "date": "2017-05-23 22:27:25",
      "content": "那你很棒棒"
    },
    {
      "user": "行走的半残大爷",
      "date": "2017-05-23 22:38:29",
      "content": "哥，轮到你了。怎么向我大马刺表忠心。"
    },
    {
      "user": "Daria",
      "date": "2017-05-23 22:59:34",
      "content": "我今天难过得，去染了头发。。。！"
    },
    {
      "user": "行走的半残大爷",
      "date": "2017-05-24 09:02:53",
      "content": "哈哈哈哈哈。\r我大马刺本来就黑白二色。是黑了呢，还是白了呢？\r 破骑开局又挖坑。"
    },
    {
      "user": "Daria",
      "date": "2017-05-24 12:15:49",
      "content": "尴尬了，巧克力色。反正我不管，我是坚定支持骑士不动摇了。😂"
    },
    {
      "user": "行走的半残大爷",
      "date": "2017-05-24 12:26:12",
      "content": "不是真爱。支持骑士，一年不动摇！"
    },
    {
      "user": "Daria",
      "date": "2017-05-24 12:59:54",
      "content": "咋不是真爱了！再说急眼！👿"
    },
    {
      "user": "行走的半残大爷",
      "date": "2017-05-24 13:44:38",
      "content": "那你说，我头像帅不？"
    },
    {
      "user": "Daria",
      "date": "2017-05-24 15:52:04",
      "content": "|(￣3￣)|举高高"
    },
    {
      "user": "行走的半残大爷",
      "date": "2017-05-24 16:29:55",
      "content": "远处山上的朋友，请大声说出来：帅不帅？？？"
    },
    {
      "user": "Daria",
      "date": "2017-05-24 16:48:41",
      "content": "帅就一个字，我只说一次"
    },
    {
      "user": "行走的半残大爷",
      "date": "2017-05-24 17:00:01",
      "content": "我大马刺，就喜欢你这么诚实的汉子！！！"
    },
    {
      "user": "Volpe",
      "date": "2017-05-26 16:53:48",
      "content": "马刺今年夺冠我直播吃翔！！！"
    }
  ]
}