{
  "title": "今年詹皇还能夺冠吗？",
  "topic": {
    "name": "常乐乐",
    "date": "2017-05-21 11:41:49",
    "content": "今年詹皇还能夺冠吗？"
  },
  "pages": [],
  "replys": [
    {
      "user": "远方",
      "date": "2017-05-21 12:52:05",
      "content": "期待火星撞地球😄"
    },
    {
      "user": "[已注销]",
      "date": "2017-05-21 12:58:43",
      "content": "刺迷希望他夺冠，马刺名宿说了，未来是你的"
    },
    {
      "user": "井上开花",
      "date": "2017-05-23 18:05:45",
      "content": "老詹加油～"
    },
    {
      "user": "橙白羊",
      "date": "2017-05-23 19:54:25",
      "content": "就派阿杜防猩猩就可以了，因为手长"
    },
    {
      "user": "daydayhappy",
      "date": "2017-05-23 23:54:56",
      "content": "我身边的中立球迷都说勇士这阵容不夺冠可以就地解散了，语气间仿佛骑士会被横扫回家一样。不过嘛我觉得应该会打得很好看的，今年份季后赛的骑士真的很不一样了。"
    },
    {
      "user": "「八索」",
      "date": "2017-05-24 07:11:40",
      "content": "去年勇士账面不好？"
    },
    {
      "user": "salesboy",
      "date": "2017-05-25 09:30:48",
      "content": "纸面阵容骑士更强"
    },
    {
      "user": "爱香菜的小仙女",
      "date": "2017-05-25 20:10:10",
      "content": "阿花还不发挥那就有点困难"
    },
    {
      "user": "丁漪stan",
      "date": "2017-05-25 23:33:44",
      "content": "so easy！"
    },
    {
      "user": "土豆君",
      "date": "2017-05-26 14:37:58",
      "content": "求勇士轻虐"
    },
    {
      "user": "我还能说什么",
      "date": "2017-05-27 10:32:45",
      "content": "骑士"
    }
  ]
}