{
  "title": "帕楚利亚的黑脚，让整个西部决赛都变了味",
  "topic": {
    "name": "yyagg520530",
    "date": "2017-05-19 18:54:24",
    "content": "帕楚利亚的黑脚，让整个西部决赛都变了味"
  },
  "pages": [],
  "replys": [
    {
      "user": "一条🐶，叫大福",
      "date": "2017-05-19 23:26:05",
      "content": "莱昂纳德成为巨星"
    },
    {
      "user": "22",
      "date": "2017-05-19 19:34:26",
      "content": "可怜的卡哇伊"
    },
    {
      "user": "yyagg520530",
      "date": "2017-05-19 22:35:26",
      "content": "莱昂纳德有机会成为超巨，毕竟还年轻。"
    },
    {
      "user": "22",
      "date": "2017-05-19 19:34:26",
      "content": "可怜的卡哇伊"
    },
    {
      "user": "依然特雷西丶",
      "date": "2017-05-19 19:46:28",
      "content": "哇，说十年？"
    },
    {
      "user": "yyagg520530",
      "date": "2017-05-19 20:13:30",
      "content": "很期待的西决，失望了"
    },
    {
      "user": "yyagg520530",
      "date": "2017-05-19 20:14:10",
      "content": "哇，十年了？"
    },
    {
      "user": "一条🐶，叫大福",
      "date": "2017-05-19 20:16:47",
      "content": "巨星的路上很多故事"
    },
    {
      "user": "22",
      "date": "2017-05-19 20:23:55",
      "content": "只是不喜欢勇士"
    },
    {
      "user": "yyagg520530",
      "date": "2017-05-19 22:35:26",
      "content": "莱昂纳德有机会成为超巨，毕竟还年轻。"
    },
    {
      "user": "yyagg520530",
      "date": "2017-05-19 22:36:44",
      "content": "西决都被他毁了，没什么看点了，骑士对凯尔特人都比勇士对马刺好看。"
    },
    {
      "user": "yyagg520530",
      "date": "2017-05-19 22:37:25",
      "content": "原本不喜欢不反感，现在反感勇士了"
    },
    {
      "user": "一条🐶，叫大福",
      "date": "2017-05-19 22:39:39",
      "content": "绝对可以"
    },
    {
      "user": "yyagg520530",
      "date": "2017-05-19 22:50:28",
      "content": "什么绝对可以"
    },
    {
      "user": "一条🐶，叫大福",
      "date": "2017-05-19 23:26:05",
      "content": "莱昂纳德成为巨星"
    },
    {
      "user": "yyagg520530",
      "date": "2017-05-20 18:38:30",
      "content": "詹姆斯上一场说发挥不稳定，这一场看完，他上一场真没撒谎"
    },
    {
      "user": "陆姑娘",
      "date": "2017-05-20 19:53:10",
      "content": "一定超巨"
    },
    {
      "user": "[已注销]",
      "date": "2017-05-21 12:59:13",
      "content": "真是他妈的恶心的西部决赛"
    },
    {
      "user": "Summer",
      "date": "2017-05-21 13:12:10",
      "content": "投篮不看框，先看脚"
    },
    {
      "user": "P!nk",
      "date": "2017-05-21 14:12:55",
      "content": "他已经是超巨了"
    },
    {
      "user": "yyagg520530",
      "date": "2017-05-21 17:53:15",
      "content": "今年东西部决赛都难看"
    },
    {
      "user": "yyagg520530",
      "date": "2017-05-21 17:54:43",
      "content": "阿哈哈，投篮不看框，先看脚，成功获得最佳防守球员。"
    },
    {
      "user": "教父",
      "date": "2017-05-21 18:06:27",
      "content": "勇士明年不解体，西部还是这两队，伦纳德还需要一个年轻的更好用的二当家"
    },
    {
      "user": "yyagg520530",
      "date": "2017-05-21 20:01:31",
      "content": "勇士今年很多球员的合同都到期，很难留下这么多球员，明年阵容不会有今年那么强大。"
    },
    {
      "user": "Summer",
      "date": "2017-05-21 23:21:12",
      "content": "成功的当选了唯一没有受伤的球员"
    },
    {
      "user": "yyagg520530",
      "date": "2017-05-22 13:40:00",
      "content": "今年西决普遍脏，东决凯尔特人也有点脏。"
    },
    {
      "user": "Summer",
      "date": "2017-05-22 14:38:54",
      "content": "脏很正常，想想当年的坏小子军团，当然脏也成就了乔丹大帝，乱世出英雄。"
    },
    {
      "user": "柒♂",
      "date": "2017-05-23 14:03:12",
      "content": "作为马刺球迷只能说，卡哇伊你的路还很长，期待下赛季王者归来。\r至于勇士，只想说，上赛季一个格林把一整个赛季顺风顺水的勇士拉下马，本赛季格林你后继有人了。"
    },
    {
      "user": "yyagg520530",
      "date": "2017-05-23 17:28:04",
      "content": "尽管我不是刺迷，但是我有一种预感，下赛季勇士会被马刺干掉"
    }
  ]
}