{
  "title": "我喜欢足球",
  "topic": {
    "name": "废柴小姐",
    "date": "2017-05-22 11:55:15",
    "content": "我喜欢足球"
  },
  "pages": [],
  "replys": [
    {
      "user": "默",
      "date": "2017-05-22 11:57:32",
      "content": "也没有多少可以看了，欧洲联赛基本都结束了，还剩欧冠欧联决赛和各个联赛的杯赛决赛"
    },
    {
      "user": "西蒙",
      "date": "2017-06-03 18:02:54",
      "content": "今晚欧冠哦！"
    },
    {
      "user": "废柴小姐",
      "date": "2017-06-04 11:56:19",
      "content": "没有熬夜看球哈哈哈"
    },
    {
      "user": "废柴小姐",
      "date": "2017-06-04 11:56:42",
      "content": "唉，起不来"
    },
    {
      "user": "西蒙",
      "date": "2017-06-04 16:56:07",
      "content": "我刚睡醒，😄"
    },
    {
      "user": "Canterbury",
      "date": "2017-06-05 10:25:24",
      "content": "我也喜欢足球，说不定是你的球迷"
    },
    {
      "user": "Capt. Backfire",
      "date": "2017-06-05 10:49:52",
      "content": "不错的爱好"
    },
    {
      "user": "[已注销]",
      "date": "2017-06-05 11:07:56",
      "content": "🔝"
    },
    {
      "user": "废柴小姐",
      "date": "2017-06-05 11:43:42",
      "content": "。。。"
    },
    {
      "user": "废柴小姐",
      "date": "2017-06-05 11:43:46",
      "content": "哈哈哈"
    },
    {
      "user": "废柴小姐",
      "date": "2017-06-05 11:43:56",
      "content": "做个拉拉队"
    },
    {
      "user": "[已注销]",
      "date": "2017-06-05 12:13:03",
      "content": "可以可以"
    },
    {
      "user": "白巧克力",
      "date": "2017-06-06 09:15:25",
      "content": "很棒"
    },
    {
      "user": "回到过去",
      "date": "2017-06-06 18:13:34",
      "content": "联赛结束了"
    },
    {
      "user": "废柴小姐",
      "date": "2017-06-06 19:58:22",
      "content": "恩"
    },
    {
      "user": "大瑙斧",
      "date": "2017-06-06 20:00:07",
      "content": "这样的女生加分哦"
    },
    {
      "user": "小鹿给我送枝花",
      "date": "2017-06-15 15:22:12",
      "content": "我喜欢足球也没加到什么分，只有长得好看的女生才加分吧😓😓😓😓😓"
    },
    {
      "user": "大瑙斧",
      "date": "2017-06-15 18:37:05",
      "content": "那一定是你喜欢的球队颜值不够哈哈哈哈哈哈逗你的，在足球狗那里肯定有加分啦"
    },
    {
      "user": "回到过去",
      "date": "2017-08-13 18:32:37",
      "content": "足球狗路过"
    },
    {
      "user": "废柴小姐",
      "date": "2017-08-14 12:36:55",
      "content": "哈哈"
    },
    {
      "user": "回到过去",
      "date": "2017-08-16 09:08:24",
      "content": "足球已成为生活的一部分，在我失意，得意的时候，当然，更多还是失意的时候陪伴左右。"
    },
    {
      "user": "废柴小姐",
      "date": "2017-08-16 09:09:03",
      "content": "good"
    },
    {
      "user": "回到过去",
      "date": "2017-08-16 09:09:20",
      "content": "秒回"
    },
    {
      "user": "MIKO",
      "date": "2017-08-16 13:20:48",
      "content": "上港对恒大呢"
    },
    {
      "user": "无座",
      "date": "2017-08-26 17:03:19",
      "content": "我也喜欢"
    },
    {
      "user": "废柴小姐",
      "date": "2017-08-26 21:51:05",
      "content": "姐已经找不到男朋友了"
    },
    {
      "user": "格鲁",
      "date": "2017-08-26 22:14:58",
      "content": "足球不会离开你的"
    },
    {
      "user": "力风",
      "date": "2017-08-27 00:55:02",
      "content": "就喜欢你"
    },
    {
      "user": "David",
      "date": "2017-08-27 06:41:45",
      "content": "你喜欢哪只球队哪个球星"
    }
  ]
}