{
  "title": "看马刺现在打比赛真的很壮烈，很感动",
  "topic": {
    "name": "[已注销]",
    "date": "2017-05-23 10:45:42",
    "content": "看马刺现在打比赛真的很壮烈，很感动"
  },
  "pages": [],
  "replys": [
    {
      "user": "行走的半残大爷",
      "date": "2017-05-23 11:41:34",
      "content": "认真打才是尊重啦。"
    },
    {
      "user": "C .",
      "date": "2017-05-23 11:42:33",
      "content": "希望还能再打一年～唉"
    },
    {
      "user": "[已注销]",
      "date": "2017-05-23 12:07:57",
      "content": "对啊"
    },
    {
      "user": "[已注销]",
      "date": "2017-05-23 12:08:30",
      "content": "冒他是尊重，冒完装逼就不算什么了"
    }
  ]
}