{
  "title": "大家都来预测一下",
  "topic": {
    "name": "perfect",
    "date": "2017-05-26 12:52:00",
    "content": "大家都来预测一下"
  },
  "pages": [],
  "replys": [
    {
      "user": "这个假了",
      "date": "2017-05-26 12:53:49",
      "content": "勇士4:2骑士 猜的"
    },
    {
      "user": "丁漪stan",
      "date": "2017-05-26 13:04:22",
      "content": "有好多人要被打脸喽！"
    },
    {
      "user": "栗子",
      "date": "2017-05-26 13:24:48",
      "content": "大胆放肆任性我猜4-0，我是勇密，当然说说自己的希望而已，看的不爽的无视我就可以了😂"
    },
    {
      "user": "perfect",
      "date": "2017-05-26 13:59:20",
      "content": "我是支持詹姆斯的，但真的我觉得是0比4被勇士横扫，\r 那个赢一局可能是安慰局，勇士今年太强了"
    },
    {
      "user": "perfect",
      "date": "2017-05-26 13:59:55",
      "content": "我认为不大可能，要么勇士横扫骑士，要么干7场，走极端"
    },
    {
      "user": "栗子",
      "date": "2017-05-26 15:50:43",
      "content": "大兄弟你认真的吗，我去，今年詹姆斯状态好成这样，欧文和乐福也无解手感，你也太不自信了吧，看好世纪决战啊，4-0纯我自己希望而已，不要逗"
    },
    {
      "user": "爱香菜的小仙女",
      "date": "2017-05-26 15:54:42",
      "content": "勇士4:1"
    },
    {
      "user": "perfect",
      "date": "2017-05-26 16:06:07",
      "content": "勇士把马刺打成这样，你好好想想"
    },
    {
      "user": "栗子",
      "date": "2017-05-26 17:27:30",
      "content": "少了两个主力呢，不要逗我，打马刺纯运气而已😂😂😂真心觉得五五开啦"
    },
    {
      "user": "会飞的飞机",
      "date": "2017-05-26 17:56:18",
      "content": "纠结！喜欢KD，但是也喜欢欧文"
    },
    {
      "user": "perfect",
      "date": "2017-05-26 18:49:09",
      "content": "除了第一场勇士刚开始打的不好，那是因为马刺休息了很长的时间，手感欠佳，而马刺赢了火箭  手感正热"
    },
    {
      "user": "perfect",
      "date": "2017-05-26 18:50:08",
      "content": "希望骑士赢，但勇士实力摆在那里，不得不服\r 除非詹姆斯跟去年一样超神，会有希望"
    },
    {
      "user": "栗子",
      "date": "2017-05-26 19:32:04",
      "content": "我觉得还好吧，你看第三节小卡受伤前，库里三分都已经开了，然而还是追不上比分，然后我就觉得这轮系列赛难了，直到小卡受伤我就觉得没看头了😂😂😂"
    },
    {
      "user": "爱神守护",
      "date": "2017-05-31 16:46:35",
      "content": "勇士4：3骑士"
    },
    {
      "user": "perfect",
      "date": "2017-06-08 12:03:34",
      "content": "看现在0比3，没错吧，走向基本就这样了"
    },
    {
      "user": "LALKB",
      "date": "2017-06-08 12:48:41",
      "content": "4-0妥妥的"
    },
    {
      "user": "Joe",
      "date": "2017-06-08 12:55:31",
      "content": "4:0 ,4:1"
    },
    {
      "user": "栗子",
      "date": "2017-06-08 14:22:01",
      "content": "那我的大胆想象是不是要成真了，😂😂😂"
    },
    {
      "user": "horizonlee",
      "date": "2017-06-08 17:48:22",
      "content": "如果4:1\r老汉像去年一样神附体；\r勇士回主场可以多卖一场票，并在主场赢得总冠军；\r联盟（商业联盟）“照顾”老汉，不让4:0。\r 勇士也可以4:0：\r我就是要报仇，就是不给任何人机会；\r打破季后赛记录，16:0拿到总冠军。\r 我只是一个吃瓜群众。我继续去吃瓜"
    }
  ]
}