{
  "title": "有在看比赛的吗？",
  "topic": {
    "name": "musk",
    "date": "2017-05-24 10:46:50",
    "content": "有在看比赛的吗？"
  },
  "pages": [],
  "replys": [
    {
      "user": "丁漪stan",
      "date": "2017-05-24 13:42:08",
      "content": "还用看么，醒来就是一场胜利"
    },
    {
      "user": "顾笙",
      "date": "2017-06-08 10:05:32",
      "content": "正在看，准备看完再看球场分析"
    },
    {
      "user": "爱神守护",
      "date": "2017-06-08 10:07:05",
      "content": "篮板来钓鱼？"
    },
    {
      "user": "yoshizuki",
      "date": "2017-06-08 10:37:34",
      "content": "在看詹姆斯超神."
    },
    {
      "user": "LALKB",
      "date": "2017-06-08 12:01:47",
      "content": "勇气帮绿军报仇了"
    }
  ]
}