{
  "title": "骑士明天能晋级吗？",
  "topic": {
    "name": "花甲背包客",
    "date": "2017-05-25 18:23:50",
    "content": "骑士明天能晋级吗？"
  },
  "pages": [],
  "replys": [
    {
      "user": "云三齐",
      "date": "2017-05-25 18:40:11",
      "content": "我只关心总决赛……"
    },
    {
      "user": "这个假了",
      "date": "2017-05-25 18:48:11",
      "content": "不能...4：2是nba已经写好了的剧本..."
    },
    {
      "user": "花甲背包客",
      "date": "2017-05-25 19:32:11",
      "content": "总决赛你看好谁"
    },
    {
      "user": "花甲背包客",
      "date": "2017-05-25 19:32:22",
      "content": "你确定？"
    },
    {
      "user": "这个假了",
      "date": "2017-05-25 19:34:02",
      "content": "我只是希望我凯能多打几场..."
    },
    {
      "user": "云三齐",
      "date": "2017-05-25 19:38:23",
      "content": "喜欢骑士，但是确实艰难"
    },
    {
      "user": "花甲背包客",
      "date": "2017-05-25 20:30:13",
      "content": "总决赛看决心"
    },
    {
      "user": "花甲背包客",
      "date": "2017-05-25 20:30:22",
      "content": "努力吧"
    }
  ]
}