{
  "title": "欧联杯决赛直播，曼联vs阿贾克斯比赛前瞻",
  "topic": {
    "name": "裘德洛",
    "date": "2017-05-24 17:07:15",
    "content": "欧联杯决赛直播，曼联vs阿贾克斯比赛前瞻"
  },
  "pages": [],
  "replys": [
    {
      "user": "[已注销]",
      "date": "2017-05-24 17:09:14",
      "content": "拜利红牌上不了"
    },
    {
      "user": "裘德洛",
      "date": "2017-05-24 17:10:22",
      "content": "额，忘记了~\r对了，大瓦伦现在是什么情况？"
    }
  ]
}