{
  "title": "今晚熬夜看欧冠",
  "topic": {
    "name": "西蒙",
    "date": "2017-06-03 18:02:06",
    "content": "今晚熬夜看欧冠"
  },
  "pages": [],
  "replys": [
    {
      "user": "白巧克力",
      "date": "2017-06-03 18:03:01",
      "content": "尤文"
    },
    {
      "user": "西蒙",
      "date": "2017-06-03 18:04:00",
      "content": "够快的啊，我也希望尤文，哈哈"
    },
    {
      "user": "贰柒壹拾肆",
      "date": "2017-06-03 23:19:08",
      "content": "布冯看一次少一次啊！"
    },
    {
      "user": "小王切西瓜",
      "date": "2017-06-03 23:20:00",
      "content": "尤文"
    },
    {
      "user": "西蒙",
      "date": "2017-06-03 23:38:32",
      "content": "是的，真是看一次少一次"
    },
    {
      "user": "西蒙",
      "date": "2017-06-03 23:38:57",
      "content": "哈哈，🤝"
    },
    {
      "user": "Wonderful",
      "date": "2017-06-03 23:48:15",
      "content": "我顶尤文"
    },
    {
      "user": "桃桃",
      "date": "2017-06-03 23:51:50",
      "content": "尤文"
    },
    {
      "user": "卜做人了",
      "date": "2017-06-04 00:24:36",
      "content": "就我一个支持皇马的嘛(´▽｀)心疼齐达内"
    },
    {
      "user": "九月",
      "date": "2017-06-04 00:26:18",
      "content": "皇馬在這裡，但是我覺得常規時間會打平"
    },
    {
      "user": "九月",
      "date": "2017-06-04 00:26:32",
      "content": "尤文防守太厲害"
    },
    {
      "user": "西蒙",
      "date": "2017-06-04 00:31:06",
      "content": "终于来皇马的了。"
    },
    {
      "user": "小k。🐈",
      "date": "2017-06-04 00:31:55",
      "content": "我妇"
    },
    {
      "user": "西蒙",
      "date": "2017-06-04 00:33:13",
      "content": "怎么感觉全是尤文球迷啊，😄"
    },
    {
      "user": "阿川",
      "date": "2017-06-04 00:37:07",
      "content": "已经在坐等比赛了"
    },
    {
      "user": "西蒙",
      "date": "2017-06-04 01:06:17",
      "content": "已经快等睡着了"
    },
    {
      "user": "贰柒壹拾肆",
      "date": "2017-06-04 01:19:53",
      "content": "但是我还是爱看大圣！哈哈哈哈哈"
    },
    {
      "user": "燕燕燕燕燕胖",
      "date": "2017-06-04 02:21:32",
      "content": "皇马🙋"
    },
    {
      "user": "夏煦",
      "date": "2017-06-04 02:25:48",
      "content": "一起"
    },
    {
      "user": "夏煦",
      "date": "2017-06-04 02:26:26",
      "content": "握手"
    },
    {
      "user": "[已注销]",
      "date": "2017-06-04 02:30:04",
      "content": "尤文！"
    },
    {
      "user": "西蒙",
      "date": "2017-06-04 02:44:17",
      "content": "比赛快开始了"
    },
    {
      "user": "卜做人了",
      "date": "2017-06-04 02:55:17",
      "content": "才六分多钟 已经心跳好几次 刚才那个打门吓死爸爸了"
    },
    {
      "user": "九月",
      "date": "2017-06-04 03:04:55",
      "content": "淡定淡定呢"
    },
    {
      "user": "睡到自然醒的喵",
      "date": "2017-06-04 03:06:40",
      "content": "皇马"
    },
    {
      "user": "九月",
      "date": "2017-06-04 03:08:13",
      "content": "哈哈哈"
    },
    {
      "user": "西蒙",
      "date": "2017-06-04 03:08:23",
      "content": "别紧张，反正我赌尤文😄"
    },
    {
      "user": "西蒙",
      "date": "2017-06-04 03:10:22",
      "content": "卧槽，刚说完就被进了一个"
    },
    {
      "user": "卜做人了",
      "date": "2017-06-04 03:11:17",
      "content": "咩哈哈哈哈哈哈哈"
    },
    {
      "user": "九月",
      "date": "2017-06-04 03:11:44",
      "content": "淡定就好了。"
    },
    {
      "user": "西蒙",
      "date": "2017-06-04 03:12:07",
      "content": "哈哈哈哈哈哈"
    },
    {
      "user": "卜做人了",
      "date": "2017-06-04 03:15:57",
      "content": "卧槽啊啊啊啊啊啊啊啊啊"
    },
    {
      "user": "消散航迹云",
      "date": "2017-06-04 03:16:34",
      "content": "平！"
    },
    {
      "user": "西蒙",
      "date": "2017-06-04 03:17:36",
      "content": "太漂亮了，卧槽，哈哈哈哈哈"
    },
    {
      "user": "西蒙",
      "date": "2017-06-04 03:18:33",
      "content": "好看了，这下"
    },
    {
      "user": "卜做人了",
      "date": "2017-06-04 04:08:17",
      "content": "咩哈哈哈哈哈哈哈哈超级世界波"
    },
    {
      "user": "西蒙",
      "date": "2017-06-04 04:28:57",
      "content": "差不多皇马了，哎"
    },
    {
      "user": "卜做人了",
      "date": "2017-06-04 04:31:00",
      "content": "其实刚才那张黄牌儿真的感觉有点误判"
    }
  ]
}