{
  "title": "想过皇马会赢，但没想到比分如此惨烈",
  "topic": {
    "name": "翠西",
    "date": "2017-06-04 09:20:52",
    "content": "想过皇马会赢，但没想到比分如此惨烈"
  },
  "pages": [],
  "replys": [
    {
      "user": "橙夫子",
      "date": "2017-06-04 19:53:59",
      "content": "真的很心疼布冯。这个结果虽然从实力上看并不是很出人意料但感觉尤文下半场的发挥真的有些失常"
    },
    {
      "user": "翠西",
      "date": "2017-06-04 22:48:02",
      "content": "上半场太用力了"
    },
    {
      "user": "声控本拉灯",
      "date": "2017-06-06 02:04:29",
      "content": "hala，madrid"
    },
    {
      "user": "你好大啊",
      "date": "2017-06-06 08:50:30",
      "content": "我团的体能优势太明显"
    }
  ]
}