{
  "title": "有没有朋友一起看欧冠决赛啊 坐标杭州",
  "topic": {
    "name": "jazzstan",
    "date": "2017-06-03 18:09:44",
    "content": "有没有朋友一起看欧冠决赛啊 坐标杭州"
  },
  "pages": [],
  "replys": [
    {
      "user": "曲_流",
      "date": "2017-06-04 03:48:58",
      "content": "同是意甲…今晚我是尤文球迷 哈哈"
    },
    {
      "user": "jazzstan",
      "date": "2017-06-04 03:51:20",
      "content": "哈哈哈哈哈一样耶！爱米兰！但现在米兰🙃🙃🙃🙃所以就当一下下尤文球迷哈哈 为意甲吧"
    },
    {
      "user": "曲_流",
      "date": "2017-06-04 03:53:56",
      "content": "本着不能窝里反的原则还是要支持尤文…米兰现在好歹进欧战了…期待下一赛季…哈哈"
    },
    {
      "user": "jazzstan",
      "date": "2017-06-04 04:08:45",
      "content": "哭😢"
    },
    {
      "user": "曲_流",
      "date": "2017-06-04 04:10:43",
      "content": "不哭…等追回来"
    },
    {
      "user": "jazzstan",
      "date": "2017-06-04 05:14:04",
      "content": "现在哭也哭不出了哈哈哈哈哈"
    },
    {
      "user": ".c",
      "date": "2017-06-06 17:49:44",
      "content": "布冯可惜了"
    }
  ]
}