{
  "title": "詹姆斯为什么这么菜？",
  "topic": {
    "name": "陈力追梦记",
    "date": "2017-06-05 15:58:00",
    "content": "詹姆斯为什么这么菜？"
  },
  "pages": [],
  "replys": [
    {
      "user": "土豆发芽有毒",
      "date": "2017-06-05 16:17:26",
      "content": "典型的詹黑，某些人就是喜欢站在道德的至高点去评价别人，自己却永远达不到的成就。只有强者才能引来喷子。"
    },
    {
      "user": "陈力追梦记",
      "date": "2017-06-05 16:00:24",
      "content": "詹姆斯为什么赢不了，因为詹姆斯身体老化，但是中投却不准，老了身体不行就要靠外线投篮，然而詹姆斯没有这种技能，不能像科比乔丹一样，他只能靠身体蛮力横冲直撞"
    },
    {
      "user": "陈力追梦记",
      "date": "2017-06-05 16:00:24",
      "content": "詹姆斯为什么赢不了，因为詹姆斯身体老化，但是中投却不准，老了身体不行就要靠外线投篮，然而詹姆斯没有这种技能，不能像科比乔丹一样，他只能靠身体蛮力横冲直撞"
    },
    {
      "user": "陈力追梦记",
      "date": "2017-06-05 16:04:34",
      "content": "詹姆斯的队友 角色球员不能站出来很好地帮助小黑黑"
    },
    {
      "user": "潘子豪",
      "date": "2017-06-05 16:14:14",
      "content": "主要是勇士今年有了麦基，有麦基坐镇骑士想赢？"
    },
    {
      "user": "土豆发芽有毒",
      "date": "2017-06-05 16:17:26",
      "content": "典型的詹黑，某些人就是喜欢站在道德的至高点去评价别人，自己却永远达不到的成就。只有强者才能引来喷子。"
    },
    {
      "user": "--MAO",
      "date": "2017-06-05 16:22:49",
      "content": "骑士詹姆斯一个人抗不起来，勇士四个全明星不是盖的。"
    },
    {
      "user": "土豆君",
      "date": "2017-06-05 20:51:54",
      "content": "勒布朗菜？呵呵。。。"
    },
    {
      "user": "小城青年",
      "date": "2017-07-17 12:55:08",
      "content": "投篮不准打什么球"
    },
    {
      "user": "love jam",
      "date": "2017-07-27 13:34:41",
      "content": "诶，我不想说什么"
    },
    {
      "user": "金鞍玉勒寻芳客",
      "date": "2017-08-02 11:14:25",
      "content": "真能说楼主父母好可怜"
    },
    {
      "user": "perhaps",
      "date": "2017-08-02 12:06:03",
      "content": "好多中峰投篮不准就不打球了？"
    },
    {
      "user": "小城青年",
      "date": "2017-08-02 12:19:12",
      "content": "罚球不准的多吧，像霍华德，小乔丹这样的地位明显要低于天赋"
    },
    {
      "user": "perhaps",
      "date": "2017-08-02 12:46:37",
      "content": "那也在打篮球啊"
    },
    {
      "user": "小城青年",
      "date": "2017-08-02 12:59:17",
      "content": "不如不打"
    },
    {
      "user": "蹲小僵尸蹲",
      "date": "2017-08-04 23:38:11",
      "content": "大概是因为你脑子里有屎吧"
    },
    {
      "user": "Liberty",
      "date": "2017-09-04 02:30:45",
      "content": "现在豆瓣怎么了?这都有人喷是么 慕斯短板是投篮没错啊 你行你上党都来了"
    },
    {
      "user": "一",
      "date": "2017-09-04 22:19:49",
      "content": "U can u up"
    },
    {
      "user": "22",
      "date": "2017-09-04 23:22:54",
      "content": "你可以打过流川枫么"
    }
  ]
}