{
  "title": "凭记忆汇总一下最近大爷们的动作",
  "topic": {
    "name": "美洲象",
    "date": "2017-06-04 15:44:53",
    "content": "凭记忆汇总一下最近大爷们的动作"
  },
  "pages": [],
  "replys": [
    {
      "user": "美洲象",
      "date": "2017-06-21 10:54:53",
      "content": "马尔蒂尼进入职业网坛"
    },
    {
      "user": "美洲象",
      "date": "2017-06-21 23:53:14",
      "content": "卢卡雷利率帕尔马升入意乙"
    },
    {
      "user": "美洲象",
      "date": "2017-07-17 09:53:43",
      "content": "米楚退役"
    },
    {
      "user": "新治",
      "date": "2017-07-24 12:36:06",
      "content": "我的第一件球衣是泽罗伯托的"
    }
  ]
}