{
  "title": "把jr史密斯换成巅峰科比，今年2017总决赛骑士会打...",
  "topic": {
    "name": "小天狼",
    "date": "2017-06-08 12:01:25",
    "content": "把jr史密斯换成巅峰科比，今年2017总决赛骑士会打..."
  },
  "pages": [],
  "replys": [
    {
      "user": "LALKB",
      "date": "2017-06-08 12:49:15",
      "content": "做梦吧，4-0"
    },
    {
      "user": "LALKB",
      "date": "2017-06-08 12:49:15",
      "content": "做梦吧，4-0"
    },
    {
      "user": "爱神守护",
      "date": "2017-06-08 13:27:21",
      "content": "进不了季后赛。。。"
    },
    {
      "user": "斯文人",
      "date": "2017-06-08 13:46:22",
      "content": "太贵了，太贵了，换不起"
    },
    {
      "user": "nweispace",
      "date": "2017-06-08 14:11:26",
      "content": "让你仨裁判，都输了。还说啥，去年真是捡个大便宜"
    },
    {
      "user": "木子",
      "date": "2017-06-08 14:18:16",
      "content": "又有人在这YY"
    },
    {
      "user": "沉淀",
      "date": "2017-06-08 16:04:23",
      "content": "首先，蜗壳不回去骑士抱团，除非詹欧来湖，一人球队，荣辱与共"
    },
    {
      "user": "小天狼",
      "date": "2017-06-09 13:16:37",
      "content": "你可能没搞清楚巅峰科比是什么概念。"
    },
    {
      "user": "小天狼",
      "date": "2017-06-09 13:24:10",
      "content": "，豆瓣小学生还是太多。能问出这种问题根本就是没看过科比打球。科比才退役一年，就忘记了被巅峰科比支配的恐惧了吗"
    },
    {
      "user": "小天狼",
      "date": "2017-06-09 13:24:55",
      "content": "不用说不可能，没必要，就是想看看大家的分析，有时间了聊聊，没时间就忽略。"
    },
    {
      "user": "小天狼",
      "date": "2017-06-09 13:26:31",
      "content": "做梦？你作为湖人球迷不是没看过科比比赛吧。，加个科比不是加个史上最强外线终结点之一这么简单，你面对的是一个无论单防协防都是历史顶级的外线防守者。我不得不承认科比是帮主之后外线球员里攻防一体最强球员可能没有之一，而且科比跟帮主一样是那种好斗偏执到神经病的人，队里有人敢在防守端偷懒科比首先就会把你给手撕了，结果就是整个队的专注度和防守强度都不一样。有兴趣可以看看科比跟腱没断之前对雷霆三少的比赛，那种防守压迫性可不是任何一个现役SG能比的，更何况是年轻近10岁巅峰时期的科比，除了空降帮主基本没人能在对位中占到便宜。"
    },
    {
      "user": "LALKB",
      "date": "2017-06-09 13:37:08",
      "content": "你傻逼吗？科比不会去抱大腿的，你个脑残"
    },
    {
      "user": "这个下午很无聊",
      "date": "2017-06-09 13:40:51",
      "content": "哈哈哈 在豆瓣聊篮球"
    },
    {
      "user": "爱神守护",
      "date": "2017-06-09 13:49:04",
      "content": "不好意思，02年初一开始看球，科比得分是很厉害。然并卵，进不了季后赛。"
    },
    {
      "user": "小天狼",
      "date": "2017-06-09 18:49:11",
      "content": "不用说不可能的事，仅仅只是就阵容问题去分析，没必要较真。我这只是假设，毕竟科比退役了，一切都实现不了。用假想的方式就是想看看大家对阵容的分析，有时间了聊聊，没时间就忽略，骂人没必要吧。"
    },
    {
      "user": "小天狼",
      "date": "2017-06-09 18:50:03",
      "content": "那你这么多年球白看了"
    },
    {
      "user": "哂之",
      "date": "2017-06-10 14:59:52",
      "content": "蜗壳不以兄弟篮球为名抱团"
    },
    {
      "user": "Glassy lady",
      "date": "2017-06-10 21:14:14",
      "content": "(๑• . •๑)"
    },
    {
      "user": "爱神守护",
      "date": "2017-06-13 08:57:49",
      "content": "你才是白看了，篮球是五个人的游戏，可比和詹姆斯根本不可能共存。"
    },
    {
      "user": "GOKU",
      "date": "2017-06-13 12:36:40",
      "content": "这都能扯上科比。。。。。。"
    },
    {
      "user": "C .",
      "date": "2017-06-13 13:02:07",
      "content": "进不了季后赛？逗我？"
    },
    {
      "user": "南山下的落寞",
      "date": "2017-06-14 15:31:17",
      "content": "球权分配会出问题。科比的性格跟詹姆斯也会出现矛盾。不可行"
    },
    {
      "user": "desire",
      "date": "2017-06-14 23:10:41",
      "content": "那我第五场的时候还想着勇士那边把李玟换成巅峰蜗壳，带着打第二阵容，早解决战斗了。。。\r ps：我湖名宿已经躺平了变鼓了，能不能安安静静当一个老透明。。。"
    },
    {
      "user": "星辰",
      "date": "2017-06-17 11:49:59",
      "content": "巅峰科比是乔丹下第一人  进攻万花筒  无解的存在\r最强科比，谁来都防不住， 不服打到你服  为止\r对胜利的渴望，无人能敌··而且别忘记科比是攻防两端的大杀器·\r还有个bug，  体力槽全满  打满全场没问题·\r这就是巅峰科比！！！\r··16年科密路过"
    }
  ]
}