{
  "title": "开个勇士群 明天一起看G4",
  "topic": {
    "name": "walking dead",
    "date": "2017-06-08 16:50:16",
    "content": "开个勇士群 明天一起看G4"
  },
  "pages": [],
  "replys": [
    {
      "user": "南山下的落寞",
      "date": "2017-06-08 17:27:36",
      "content": "来啊来啊"
    },
    {
      "user": "walking dead",
      "date": "2017-06-08 18:10:56",
      "content": "私我咯 前提是不能撕逼"
    },
    {
      "user": "南山下的落寞",
      "date": "2017-06-08 18:19:13",
      "content": "我是篮球迷"
    },
    {
      "user": "walking dead",
      "date": "2017-06-08 18:21:18",
      "content": "我知道… 我是说不要乱开黑骂人…"
    },
    {
      "user": "walking dead",
      "date": "2017-06-09 12:38:22",
      "content": "up"
    },
    {
      "user": "子川",
      "date": "2017-06-09 14:28:08",
      "content": "一场放水的比赛，没什么意思"
    },
    {
      "user": "walking dead",
      "date": "2017-06-09 17:33:58",
      "content": "可是还是赢了✌️"
    },
    {
      "user": "諵舒",
      "date": "2017-06-09 17:36:09",
      "content": "哪一场放水？"
    },
    {
      "user": "walking dead",
      "date": "2017-06-09 17:37:31",
      "content": "他难道指的不是G3裁判的主场哨吗？"
    },
    {
      "user": "[已注销]",
      "date": "2017-06-10 10:11:10",
      "content": "想到放水就好心塞 虽然是詹密"
    },
    {
      "user": "乏味",
      "date": "2017-06-10 10:32:08",
      "content": "lz应该看不下去了吧。。。"
    },
    {
      "user": "AR vs VR",
      "date": "2017-06-10 11:12:49",
      "content": "群"
    },
    {
      "user": "walking dead",
      "date": "2017-06-10 14:22:14",
      "content": "没事 多看一场也不错"
    },
    {
      "user": "walking dead",
      "date": "2017-06-10 14:22:32",
      "content": "憋屈 好在心宽"
    },
    {
      "user": "walking dead",
      "date": "2017-06-10 14:22:42",
      "content": "私我咯"
    },
    {
      "user": "飞星",
      "date": "2017-06-10 14:41:09",
      "content": "这种吹罚对比赛对运动员对球迷恐怕都不太尊重"
    },
    {
      "user": "walking dead",
      "date": "2017-06-10 14:48:21",
      "content": "简直就是场闹剧"
    },
    {
      "user": "飞星",
      "date": "2017-06-10 15:09:22",
      "content": "感觉对NBA有点失去信心了，如果今年勇士再被逆转的话，去年的套路再来一遍，真的不想再看了，太耗心力"
    },
    {
      "user": "walking dead",
      "date": "2017-06-10 15:11:13",
      "content": "去年的噩梦再重演的话实在说不过去吧！！！！"
    },
    {
      "user": "飞星",
      "date": "2017-06-10 15:18:26",
      "content": "不知道唉，照这个势头下去，勇士已经强到伤害某些人的利益了，其实一场比赛输了没关系，怕就怕后面的比赛裁判仍对勇士大加照顾，甚至可以预见未来几年的季后赛乃至总决赛对勇士也许还会有很多这样的吹罚？强者就该死吗？强者也许真的该死吧？因为危及到整体的利益，索性大家把他投出局吧……"
    },
    {
      "user": "walking dead",
      "date": "2017-06-10 16:02:16",
      "content": "比起上个赛季 这个赛季的勇士强大到不是裁判能够轻易左右了"
    },
    {
      "user": "飞星",
      "date": "2017-06-10 16:35:38",
      "content": "所以逼出了这种丧心病狂的吹罚，比上个赛季还有过之而无不及……勇士是一支很靠气势的球队，今天裁判的断势水准很高，平衡哨也让人在数据上挑不出多少毛病，希望勇士下场能拿回属于他们的冠军吧"
    },
    {
      "user": "walking dead",
      "date": "2017-06-10 16:52:39",
      "content": "别动肝火 准备下一场庆祝"
    },
    {
      "user": "飞星",
      "date": "2017-06-10 16:59:34",
      "content": "说的是"
    },
    {
      "user": "Glassy lady",
      "date": "2017-06-10 21:13:18",
      "content": "(๑• . •๑)"
    },
    {
      "user": "walking dead",
      "date": "2017-06-10 21:18:22",
      "content": "要加入吗"
    }
  ]
}