{
  "title": "詹姆斯这家伙勇士谁也防不住.",
  "topic": {
    "name": "yoshizuki",
    "date": "2017-06-08 10:43:47",
    "content": "詹姆斯这家伙勇士谁也防不住."
  },
  "pages": [],
  "replys": [
    {
      "user": "卖报小行家",
      "date": "2017-06-08 11:44:24",
      "content": "打的得太累，看杜兰特多轻松"
    },
    {
      "user": "眼睛瞪得像铜铃",
      "date": "2017-06-08 11:54:15",
      "content": "但被自己的体能“防住”了😔"
    },
    {
      "user": "LALKB",
      "date": "2017-06-08 12:02:29",
      "content": "不是最后三双没刷成，反而还输了，哈哈哈"
    },
    {
      "user": "yoshizuki",
      "date": "2017-06-09 12:06:15",
      "content": "没办法，4个92到97的打一个99的。"
    }
  ]
}