{
  "title": "骑士需要继续搏命",
  "topic": {
    "name": "常乐乐",
    "date": "2017-06-10 18:30:32",
    "content": "骑士需要继续搏命"
  },
  "pages": [],
  "replys": [
    {
      "user": "Glassy lady",
      "date": "2017-06-10 21:13:06",
      "content": "(๑• . •๑)"
    },
    {
      "user": "LALKB",
      "date": "2017-06-11 00:23:00",
      "content": "需要裁判继续帮忙"
    },
    {
      "user": "常乐乐",
      "date": "2017-06-11 07:40:58",
      "content": "还要让篮筐起魔法让勇士的投篮不进，自己命中率低怪篮筐太小！"
    }
  ]
}