{
  "title": "还要继续看nba吗？",
  "topic": {
    "name": "远方",
    "date": "2017-06-10 12:15:04",
    "content": "还要继续看nba吗？"
  },
  "pages": [],
  "replys": [
    {
      "user": "栗子",
      "date": "2017-06-10 12:29:42",
      "content": "有点不想看了，其实后面判罚正常了，也因为比分太大没必要了🙃"
    },
    {
      "user": "远方",
      "date": "2017-06-10 12:36:43",
      "content": "嗯，没啥意思了😭"
    },
    {
      "user": "耗子",
      "date": "2017-06-10 12:40:02",
      "content": "毕竟横扫太历史性"
    },
    {
      "user": "远方",
      "date": "2017-06-10 12:48:07",
      "content": "😭"
    },
    {
      "user": "耗子",
      "date": "2017-06-10 12:48:47",
      "content": "我觉得下场骑士要跪，虽然我还是很希望骑士翻盘拿冠军的"
    },
    {
      "user": "远方",
      "date": "2017-06-10 13:00:35",
      "content": "彼此祝福😄"
    },
    {
      "user": "中介死个妈",
      "date": "2017-06-10 13:18:09",
      "content": "可以当作一个动物伦理综艺节目看"
    },
    {
      "user": "漫提",
      "date": "2017-06-10 13:19:09",
      "content": "现在看的少了"
    },
    {
      "user": "远方",
      "date": "2017-06-10 13:42:13",
      "content": "这个……，纬度很有趣😄"
    },
    {
      "user": "远方",
      "date": "2017-06-10 13:42:38",
      "content": "哈哈，少了心烦事😄"
    }
  ]
}