{
  "title": "its Cleaveland",
  "topic": {
    "name": "Think Again",
    "date": "2017-06-10 09:30:28",
    "content": "its Cleaveland"
  },
  "pages": [],
  "replys": [
    {
      "user": "飘逸小飞",
      "date": "2017-06-10 12:13:46",
      "content": "真不觉得裁判有啥问题"
    },
    {
      "user": "Think Again",
      "date": "2017-06-10 13:22:08",
      "content": "格林，帕楚利亚这样的趁早禁赛"
    },
    {
      "user": "哂之",
      "date": "2017-06-17 01:44:08",
      "content": "只能说会越来越难，老实说去年不是格林禁赛，勇士手握三个赛点骑士基本没有胜算。岁月不饶人啊"
    },
    {
      "user": "飘逸小飞",
      "date": "2017-06-10 12:13:46",
      "content": "真不觉得裁判有啥问题"
    },
    {
      "user": "中介死个妈",
      "date": "2017-06-10 13:16:42",
      "content": "很没问题，第一节勇士先一人背俩体毛犯规，今年DPOY不给这仨我不服好吧"
    },
    {
      "user": "Think Again",
      "date": "2017-06-10 13:22:08",
      "content": "格林，帕楚利亚这样的趁早禁赛"
    },
    {
      "user": "中介死个妈",
      "date": "2017-06-10 13:46:55",
      "content": "禁赛不是3打7了？还有这种操作？（母狮因袭蛋问题被送回东莞"
    },
    {
      "user": "1874",
      "date": "2017-06-10 14:03:45",
      "content": "我也觉得没问题啊，只是骑士队换了打法，开场打得很好，勇士没进入状态。。。"
    },
    {
      "user": "Think Again",
      "date": "2017-06-13 15:52:43",
      "content": "来年骑士再战，詹皇太累了"
    },
    {
      "user": "1874",
      "date": "2017-06-13 16:05:41",
      "content": "杜兰特挺强的。"
    },
    {
      "user": "Think Again",
      "date": "2017-06-15 23:03:42",
      "content": "这点我赞同，杜兰特无解"
    },
    {
      "user": "哂之",
      "date": "2017-06-16 17:24:36",
      "content": "老汉明年未必会比今年强，体系战术问题居多"
    },
    {
      "user": "一只作精",
      "date": "2017-06-16 17:25:31",
      "content": "太累了就回家带孩子，打什么球啊"
    },
    {
      "user": "Think Again",
      "date": "2017-06-16 21:10:31",
      "content": "还是希望他能够夺冠"
    },
    {
      "user": "卤卤_休",
      "date": "2017-06-16 21:31:57",
      "content": "tt还是换了吧"
    },
    {
      "user": "Think Again",
      "date": "2017-06-16 21:48:29",
      "content": "同意"
    },
    {
      "user": "哂之",
      "date": "2017-06-17 01:44:08",
      "content": "只能说会越来越难，老实说去年不是格林禁赛，勇士手握三个赛点骑士基本没有胜算。岁月不饶人啊"
    },
    {
      "user": "。",
      "date": "2017-06-17 08:32:14",
      "content": "骑士输了好伤心"
    },
    {
      "user": "Think Again",
      "date": "2017-06-18 10:38:16",
      "content": "一样,来年再战"
    },
    {
      "user": "Think Again",
      "date": "2017-06-18 10:38:31",
      "content": "詹姆斯仍然是联盟第一人"
    },
    {
      "user": "qi",
      "date": "2017-06-18 12:45:54",
      "content": "海量欧美日韩国产资源一元一部➕weixin：ttb0831"
    },
    {
      "user": "哂之",
      "date": "2017-06-22 16:38:56",
      "content": "岁月无情，他已经不是打满全场还能蹦哒的小伙子了。他不开发出地位背打，巅峰难以维持……"
    },
    {
      "user": "Think Again",
      "date": "2017-06-23 15:05:37",
      "content": "但是他还是最棒的，我觉得无人能比"
    }
  ]
}