{
  "title": "哪组强？",
  "topic": {
    "name": "聚丙烯",
    "date": "2017-06-09 19:35:55",
    "content": "哪组强？"
  },
  "pages": [],
  "replys": [
    {
      "user": "我在六环",
      "date": "2017-06-09 19:41:52",
      "content": "谁最强不知，不过第一对是可以肯定的是最弱的，其他组随便完爆他们"
    },
    {
      "user": "没名字的哈士奇",
      "date": "2017-06-14 06:57:08",
      "content": "现代篮球的发展趋势来看还是老流氓组比较厉害"
    },
    {
      "user": "我在六环",
      "date": "2017-06-09 19:41:52",
      "content": "谁最强不知，不过第一对是可以肯定的是最弱的，其他组随便完爆他们"
    },
    {
      "user": "我要的阳光。",
      "date": "2017-06-09 20:17:37",
      "content": "最弱？？？你让第一组跟邓肯那组打全场试试"
    },
    {
      "user": "vc15",
      "date": "2017-06-09 21:34:45",
      "content": "ok组合"
    },
    {
      "user": "哂之",
      "date": "2017-06-10 14:57:38",
      "content": "我选老流氓"
    },
    {
      "user": "Glassy lady",
      "date": "2017-06-10 21:14:22",
      "content": "(๑• . •๑)"
    },
    {
      "user": "蘇",
      "date": "2017-06-11 20:45:49",
      "content": "第一组的三分火力确实猛"
    },
    {
      "user": "tmac3q",
      "date": "2017-06-11 22:43:25",
      "content": "MM呢？"
    },
    {
      "user": "HOHO",
      "date": "2017-06-14 05:13:30",
      "content": "如果只打2v2，一内一外肯定比纯内或纯外强，在一内一外的组合里，内线外线都有进攻统治力比一个进攻一个组织更强（因为是2v2），所以OK组合更强。"
    },
    {
      "user": "没名字的哈士奇",
      "date": "2017-06-14 06:57:08",
      "content": "现代篮球的发展趋势来看还是老流氓组比较厉害"
    },
    {
      "user": "小城青年",
      "date": "2017-07-17 12:15:54",
      "content": "OK，奥尼尔有板啊"
    },
    {
      "user": "咬",
      "date": "2017-07-17 19:10:20",
      "content": "每组打法都不一样吧，每组都强。个人更喜欢奥尼尔魔术师乔丹这三组"
    },
    {
      "user": "东楼公子",
      "date": "2017-07-18 07:08:24",
      "content": "斗牛哪有打全场的……"
    },
    {
      "user": "起落",
      "date": "2017-07-18 13:29:39",
      "content": "全是算上巅峰期的话，最强肯定是ok。因为奥尼尔的存在不是科比"
    }
  ]
}