{
  "title": "一个上半场看完了 这比分？！！",
  "topic": {
    "name": "Capt. Backfire",
    "date": "2017-06-13 22:41:29",
    "content": "一个上半场看完了 这比分？！！"
  },
  "pages": [],
  "replys": [
    {
      "user": "懵圈的猪",
      "date": "2017-06-13 22:44:47",
      "content": "同意；"
    },
    {
      "user": "Capt. Backfire",
      "date": "2017-06-13 22:46:18",
      "content": "这场不赢估计就直接呵呵了"
    },
    {
      "user": "恰～恰～恰",
      "date": "2017-06-13 22:55:12",
      "content": "气疼了"
    },
    {
      "user": "Capt. Backfire",
      "date": "2017-06-13 23:07:50",
      "content": "其实双方踢得都辣鸡 看得脑袋疼叙利亚各种卧草战术 国足各种飞机 瞎传"
    },
    {
      "user": "恰～恰～恰",
      "date": "2017-06-13 23:10:05",
      "content": "一个国家的足球能这样，奇迹"
    },
    {
      "user": "Capt. Backfire",
      "date": "2017-06-13 23:11:55",
      "content": "点球了 卧槽"
    },
    {
      "user": "Capt. Backfire",
      "date": "2017-06-13 23:12:18",
      "content": "敢不敢进一个"
    },
    {
      "user": "Capt. Backfire",
      "date": "2017-06-13 23:22:29",
      "content": "哈哈哈 反超了😃"
    },
    {
      "user": "咯叽先生",
      "date": "2017-06-13 23:27:52",
      "content": "稳住！"
    },
    {
      "user": "🐦",
      "date": "2017-06-23 00:42:32",
      "content": "稳住，我们能平....."
    }
  ]
}