{
  "title": "16-17，It's over",
  "topic": {
    "name": "miracle",
    "date": "2017-06-13 12:02:43",
    "content": "16-17，It's over"
  },
  "pages": [],
  "replys": [
    {
      "user": "walking dead",
      "date": "2017-06-13 18:56:04",
      "content": "我也截了这张图"
    },
    {
      "user": "miracle",
      "date": "2017-06-13 23:43:36",
      "content": "都结束了，期待下赛季更精彩"
    },
    {
      "user": "walking dead",
      "date": "2017-06-14 14:35:12",
      "content": "没比赛看了 挺无聊的"
    },
    {
      "user": "miracle",
      "date": "2017-06-14 19:44:44",
      "content": "第四场很精彩"
    },
    {
      "user": "walking dead",
      "date": "2017-06-14 23:02:47",
      "content": "的确"
    },
    {
      "user": "22",
      "date": "2017-06-14 23:08:26",
      "content": "詹姆斯尽力了"
    }
  ]
}