{
  "title": "超想去现场看足球赛",
  "topic": {
    "name": "安生",
    "date": "2017-06-21 23:35:37",
    "content": "超想去现场看足球赛"
  },
  "pages": [],
  "replys": [
    {
      "user": "16",
      "date": "2017-06-22 00:14:19",
      "content": "去吧！国安的主场氛围很好的！"
    },
    {
      "user": "安生",
      "date": "2017-06-22 07:02:33",
      "content": "嗯嗯，有机会一定要去"
    },
    {
      "user": "bomb",
      "date": "2017-06-22 09:37:10",
      "content": "自己去"
    },
    {
      "user": "长发之殇",
      "date": "2017-06-22 09:41:54",
      "content": "国安主场不都是要国骂的么。国内球场除了虹口，其余都不是标准的，都有跑道，威斯法伦球场，或者英超的球场，那样才爽。"
    },
    {
      "user": "小鹿给我送枝花",
      "date": "2017-06-22 14:49:59",
      "content": "嗯，差个陪我去看球赛的人😭"
    },
    {
      "user": "安生",
      "date": "2017-06-22 15:51:59",
      "content": "😂自己多孤单呀"
    },
    {
      "user": "安生",
      "date": "2017-06-22 15:52:21",
      "content": "😂要求没有那么高"
    },
    {
      "user": "安生",
      "date": "2017-06-22 15:52:36",
      "content": "嗯嗯，加油少女"
    },
    {
      "user": "superthierry",
      "date": "2017-06-22 15:54:14",
      "content": "不想去"
    },
    {
      "user": "bomb",
      "date": "2017-06-22 15:58:27",
      "content": "找个小伙伴"
    },
    {
      "user": "安生",
      "date": "2017-06-22 16:01:44",
      "content": "能说找不到吗😣"
    },
    {
      "user": "安生",
      "date": "2017-06-22 16:02:06",
      "content": "哼，我们的世界你不懂"
    },
    {
      "user": "长发之殇",
      "date": "2017-06-22 16:40:53",
      "content": "国内和国外的氛围根本不能比，国内只去过天河，南京奥体，上港，以及大苏州的"
    },
    {
      "user": "安生",
      "date": "2017-06-22 16:42:31",
      "content": "我也先去国外看，没钱"
    },
    {
      "user": "安生",
      "date": "2017-06-22 16:42:44",
      "content": "😔"
    },
    {
      "user": "[已注销]",
      "date": "2017-06-22 16:43:48",
      "content": "实话说  不太喜欢那位球迷   不过球还是要看的，明年可以去俄罗斯看世界杯！"
    },
    {
      "user": "安生",
      "date": "2017-06-22 16:44:51",
      "content": "😂可以想想，宝宝太穷了"
    },
    {
      "user": "[已注销]",
      "date": "2017-06-22 16:45:57",
      "content": "哈哈  那去个工体还是没问题的"
    },
    {
      "user": "安生",
      "date": "2017-06-22 16:47:08",
      "content": "嗯嗯，这个是可以的坐地铁就去了，😂"
    },
    {
      "user": "bomb",
      "date": "2017-06-22 17:04:00",
      "content": "能"
    },
    {
      "user": "安生",
      "date": "2017-06-22 17:06:13",
      "content": "😞"
    },
    {
      "user": "安生",
      "date": "2017-06-22 17:06:28",
      "content": "悲伤到不能自已"
    },
    {
      "user": "Masiah",
      "date": "2017-06-22 17:24:13",
      "content": "去过鸟巢看意大利超级杯\r上个月去了意大利看了意甲，在自己喜欢了十几年的球队的主场看到自己的主队拿到意甲冠军。\r 嗯，超级棒"
    },
    {
      "user": "[已注销]",
      "date": "2017-06-22 17:26:20",
      "content": "那就去看啊  一场球还没一顿饭贵"
    },
    {
      "user": "长发之殇",
      "date": "2017-06-22 17:29:14",
      "content": "有机会一定要去"
    },
    {
      "user": "格鲁",
      "date": "2017-06-22 17:52:33",
      "content": "下个月鸟巢的伦敦德比～～～看国安的话，别带小盆友去……"
    },
    {
      "user": "安生",
      "date": "2017-06-22 22:55:06",
      "content": "棒棒哒"
    },
    {
      "user": "安生",
      "date": "2017-06-22 22:55:39",
      "content": "票在哪里买呀？"
    },
    {
      "user": "安生",
      "date": "2017-06-22 22:56:09",
      "content": "嗯嗯，没有机会也要创造机会"
    },
    {
      "user": "安生",
      "date": "2017-06-22 22:56:27",
      "content": "我就是我家小盆友😂"
    },
    {
      "user": "铁掌无敌左冷禅",
      "date": "2017-06-22 22:59:21",
      "content": "看你是国安的  算啦"
    },
    {
      "user": "[已注销]",
      "date": "2017-06-22 23:09:47",
      "content": "现场有黄牛咯~让他们把你带进去为止，一百多也能有不少选择"
    },
    {
      "user": "安生",
      "date": "2017-06-22 23:10:37",
      "content": "自己多少有点胆怯呢😂"
    },
    {
      "user": "[已注销]",
      "date": "2017-06-22 23:13:51",
      "content": "找个男的"
    },
    {
      "user": "安生",
      "date": "2017-06-22 23:21:32",
      "content": "嗯呢，找到合适的人再去"
    },
    {
      "user": "[已注销]",
      "date": "2017-06-22 23:22:21",
      "content": "哈哈"
    },
    {
      "user": "格鲁",
      "date": "2017-06-23 07:33:27",
      "content": "科科科～～～"
    }
  ]
}