{
  "title": "大家对未来的骑士怎么看",
  "topic": {
    "name": "东楼公子",
    "date": "2017-06-28 14:58:41",
    "content": "大家对未来的骑士怎么看"
  },
  "pages": [],
  "replys": [
    {
      "user": "你好，兔先森",
      "date": "2017-06-28 16:38:58",
      "content": "尴尬"
    },
    {
      "user": "一",
      "date": "2017-06-28 18:13:09",
      "content": "尴尬"
    },
    {
      "user": "东楼公子",
      "date": "2017-06-28 21:41:54",
      "content": "啥尴尬"
    },
    {
      "user": "东楼公子",
      "date": "2017-06-28 21:42:01",
      "content": "啥尴尬"
    },
    {
      "user": "⚡️",
      "date": "2017-06-30 15:01:34",
      "content": "尴尬。"
    },
    {
      "user": "⚡️",
      "date": "2017-06-30 15:02:34",
      "content": "哟，欧文也在。"
    },
    {
      "user": "偌特",
      "date": "2017-07-02 14:11:17",
      "content": "骑士缺少3d锋线和后卫，能把阿里扎和黑贝搞来就好了"
    },
    {
      "user": "东楼公子",
      "date": "2017-07-02 18:24:42",
      "content": "筹码呢？"
    },
    {
      "user": "22",
      "date": "2017-07-02 20:07:19",
      "content": "默默地看我詹打球"
    },
    {
      "user": "KsonLee",
      "date": "2017-07-03 12:09:34",
      "content": "工資鎖死了, 鋒線又不足"
    },
    {
      "user": "东楼公子",
      "date": "2017-07-16 14:56:23",
      "content": "垃圾合同成堆。"
    },
    {
      "user": "点赞王",
      "date": "2017-07-16 16:07:47",
      "content": "未来就是重建了"
    },
    {
      "user": "我是太阳i",
      "date": "2017-07-16 19:36:50",
      "content": "首发五人组合同太大，首发看似合理，但真正能处理球的点太少了"
    },
    {
      "user": "东楼公子",
      "date": "2017-07-16 21:33:57",
      "content": "恕我直言，垃圾合同成堆。"
    },
    {
      "user": "东楼公子",
      "date": "2017-07-16 21:34:44",
      "content": "这话说得……每只球队都有重建期啊"
    },
    {
      "user": "小城青年",
      "date": "2017-07-16 23:32:57",
      "content": "决定3.0"
    },
    {
      "user": "Kanner",
      "date": "2017-07-17 08:34:21",
      "content": "我觉得需要联系。其实，觉得把Tt和谁，一起交易法里埃德是对的。首先，Tt总决赛迷失了自己。不配自己的身价。"
    },
    {
      "user": "东楼公子",
      "date": "2017-07-17 10:33:16",
      "content": "……哈哈哈，你觉得人家愿意要tt吗，合同大能力小。"
    },
    {
      "user": "Kanner",
      "date": "2017-07-17 10:35:35",
      "content": "确实是这样子。以前的话，前场篮板真的很强"
    },
    {
      "user": "点赞王",
      "date": "2017-07-18 22:16:39",
      "content": "回答你问题而已啊～"
    },
    {
      "user": "Canoe",
      "date": "2017-07-19 11:34:51",
      "content": "陪着看吧。"
    },
    {
      "user": "蹲小僵尸蹲",
      "date": "2017-07-26 13:01:24",
      "content": "哈哈 这帖子写的"
    },
    {
      "user": "东楼公子",
      "date": "2017-07-26 13:50:04",
      "content": "怎么啦"
    },
    {
      "user": "螃蟹|Daddy²",
      "date": "2017-07-26 14:46:30",
      "content": "具体看交易结果才能比较好判断"
    },
    {
      "user": "你倒是戏多",
      "date": "2017-07-29 23:22:06",
      "content": "主要看慕斯吧，竞技状态一直保持在高水准，在东部别的队很难扛吧，欧文出走也是不确定因素之一"
    },
    {
      "user": "安忆",
      "date": "2017-07-30 00:27:06",
      "content": "我就看詹姆斯而已。"
    },
    {
      "user": "子寿鹅蛋没了籍",
      "date": "2017-08-02 18:01:33",
      "content": "尴尬了"
    }
  ]
}