{
  "title": "现在勇士的年轻球迷应该都没怎么看过巅峰科比的比赛吧",
  "topic": {
    "name": "X先生",
    "date": "2017-06-30 00:36:04",
    "content": "现在勇士的年轻球迷应该都没怎么看过巅峰科比的比赛吧"
  },
  "pages": [],
  "replys": [
    {
      "user": "wait U",
      "date": "2017-06-30 15:59:56",
      "content": "这种语气让人反感，典型的厚古薄今。每个时代都有很牛的球队，很牛的球星，不一定以前的就好，现在的就差！这么说的人纯属卖情怀"
    },
    {
      "user": "哂之",
      "date": "2017-06-30 00:53:24",
      "content": "我看过22.3岁的蜗壳，在季后赛的统治力…他的升级贡献值并不比鲨鱼低…"
    },
    {
      "user": "江城",
      "date": "2017-06-30 01:01:27",
      "content": "我认为后两冠的老科才是巅峰科。身体技术心智都在一个相当高的水平"
    },
    {
      "user": "江城",
      "date": "2017-06-30 01:02:30",
      "content": "三连冠时期奥尼尔真心绝对统治力，幼年克只能说很出色"
    },
    {
      "user": "东楼公子",
      "date": "2017-06-30 01:42:52",
      "content": "科比的打法你知道现在叫什么嘛？叫做复古……大量一对一对位单挑。现在则是大量的错位单挑，效率更高，也导致了球员在比赛胶着时攻坚能力不足。而且现在也不兴包夹，有本事你一个人打死我呀。科比:对不起，你不包夹，我就是一个人打死你。爸爸的81分怎么来的？对面不包夹啊！"
    },
    {
      "user": "多年未见",
      "date": "2017-06-30 02:32:38",
      "content": "你如果真看过，那么可以说那会儿有奥尼尔在身边把我放进去代替科比估计也能赢⊙ω⊙"
    },
    {
      "user": "哂之",
      "date": "2017-06-30 13:48:55",
      "content": "蜗壳的总决赛胜利贡献值并不比鲨鱼低，并不掩盖鲨鱼的伟大，只是蜗壳也没有辜负鲨鱼的牵制能力。蜗壳最可怕额额就是他的进取心，早期他是个扣将，背打和投篮都是练出来的。"
    },
    {
      "user": "哂之",
      "date": "2017-06-30 13:51:26",
      "content": "哈达威+奥尼尔不也倒在奥拉朱旺手里？你确定你能替代一个蜗壳？"
    },
    {
      "user": "wait U",
      "date": "2017-06-30 15:59:56",
      "content": "这种语气让人反感，典型的厚古薄今。每个时代都有很牛的球队，很牛的球星，不一定以前的就好，现在的就差！这么说的人纯属卖情怀"
    },
    {
      "user": "爱玩炸药艺术家",
      "date": "2017-06-30 16:14:31",
      "content": "小学生现在都这么吸引了吗"
    },
    {
      "user": "多年未见",
      "date": "2017-06-30 17:45:58",
      "content": "代替不了科才能说明奥尼尔的统治力。"
    },
    {
      "user": "多年未见",
      "date": "2017-06-30 17:46:55",
      "content": "初中生说话都这么语无伦次吗"
    },
    {
      "user": "perhaps",
      "date": "2017-07-01 15:04:24",
      "content": "看过凯尔特人夺冠那年的科比，不知道算不算巅峰？"
    },
    {
      "user": "呛司",
      "date": "2017-07-02 10:21:09",
      "content": "装X呀，01年巅峰奥尼尔都看过 ，哈哈"
    },
    {
      "user": "我要的阳光。",
      "date": "2017-07-03 23:28:41",
      "content": "看了十几年球，就打凯尔特人的那只湖人，还真打不过今天的勇士"
    },
    {
      "user": "22",
      "date": "2017-07-04 00:33:15",
      "content": "很多勇士球迷都是科密"
    },
    {
      "user": "回归",
      "date": "2017-07-07 07:32:00",
      "content": "我想你也没看过巅峰时期的乔丹吧，那是你无法想象的"
    },
    {
      "user": "ViraL8898",
      "date": "2017-07-07 19:05:01",
      "content": "估计是的"
    },
    {
      "user": "风火云天",
      "date": "2017-07-22 22:31:43",
      "content": "03年看球，经过了科比整个巅峰期"
    }
  ]
}