{
  "title": "东部cba  西部nba吗？",
  "topic": {
    "name": "远方",
    "date": "2017-07-01 12:24:33",
    "content": "东部cba  西部nba吗？"
  },
  "pages": [],
  "replys": [
    {
      "user": "perhaps",
      "date": "2017-07-01 15:05:55",
      "content": "不至于吧，不过东弱西强差别有点大"
    },
    {
      "user": "远方",
      "date": "2017-07-01 16:48:38",
      "content": "看看接下来的交易了😄"
    },
    {
      "user": "清枫",
      "date": "2017-07-01 21:26:07",
      "content": "东部职业水平，西部名人堂水平"
    },
    {
      "user": "买买提所长",
      "date": "2017-07-01 21:26:44",
      "content": "看下BIG3 3V3"
    },
    {
      "user": "远方",
      "date": "2017-07-02 00:06:33",
      "content": "哈哈，蛮恰当😄"
    },
    {
      "user": "远方",
      "date": "2017-07-02 00:07:14",
      "content": "好吧，第二春呢😄"
    },
    {
      "user": "22",
      "date": "2017-07-02 01:36:05",
      "content": "不想承认脸"
    },
    {
      "user": "依旧风骚",
      "date": "2017-07-15 18:42:20",
      "content": "东部是1至尊荣耀+4个青铜，西部5个荣耀王者"
    },
    {
      "user": "远方",
      "date": "2017-07-16 01:00:55",
      "content": "没玩过农药，不懂是什么鬼呢😭"
    },
    {
      "user": "二月的王二",
      "date": "2017-07-16 21:09:06",
      "content": "是夸CBA还是夸CBA"
    },
    {
      "user": "远方",
      "date": "2017-07-18 21:58:08",
      "content": "我也不知道我在说啥😅😅"
    },
    {
      "user": "小城青年",
      "date": "2017-07-18 22:35:42",
      "content": "在哪能看？"
    }
  ]
}