{
  "title": "对比一下加索尔和勒夫",
  "topic": {
    "name": "东楼公子",
    "date": "2017-07-07 16:38:46",
    "content": "对比一下加索尔和勒夫"
  },
  "pages": [],
  "replys": [
    {
      "user": "ViraL8898",
      "date": "2017-07-07 19:51:42",
      "content": "Pau明显更好"
    },
    {
      "user": "东楼公子",
      "date": "2017-07-07 20:05:04",
      "content": "可是勒夫在森林狼是真心爆炸啊！"
    },
    {
      "user": "bryant max",
      "date": "2017-07-07 23:08:32",
      "content": "1+1+1=2.5      1+1=2.5你知道我在说什么。"
    },
    {
      "user": "东楼公子",
      "date": "2017-07-08 00:12:32",
      "content": "我好像知道了，你不怕么……"
    },
    {
      "user": "小城青年",
      "date": "2017-07-16 23:35:49",
      "content": "觉得乐福，波什，阿德像一点"
    },
    {
      "user": "Kanner",
      "date": "2017-07-17 08:31:51",
      "content": "我觉得乐福牺牲很大。但是，他不是领袖球员。在森林狼的时候，是自己独自带队。现在是三个人，球只有一个。所以难念有牺牲"
    },
    {
      "user": "东楼公子",
      "date": "2017-07-17 10:44:44",
      "content": "我也是不太明白，科比是出了名的喜欢滥投，还有拜纳姆也有稳定的场均十几分，为啥加索尔就不需要牺牲自己?不仅没牺牲自己，球权还增加了，助攻还变多了。"
    },
    {
      "user": "Kanner",
      "date": "2017-07-17 10:56:09",
      "content": "这个是三角进攻 加索尔很重要的"
    },
    {
      "user": "东楼公子",
      "date": "2017-07-17 13:29:52",
      "content": "你的意思是教练的锅咯"
    },
    {
      "user": "影子C",
      "date": "2017-07-17 15:25:50",
      "content": "嫂子真的不错"
    },
    {
      "user": "走一步",
      "date": "2017-07-25 09:28:17",
      "content": "谢谢夸奖我加索尔，我爱他年轻时的容颜，也爱他年老后的衰败，虽然不想承认，但是确认状态水平都不稳定了"
    }
  ]
}