{
  "title": "明年有什么看头？",
  "topic": {
    "name": "[已注销]",
    "date": "2017-07-07 14:32:32",
    "content": "明年有什么看头？"
  },
  "pages": [],
  "replys": [
    {
      "user": "ViraL8898",
      "date": "2017-07-07 19:04:40",
      "content": "看勇士夺冠啊"
    },
    {
      "user": "[已注销]",
      "date": "2017-07-07 21:00:43",
      "content": "就看马刺和火箭能不能制造麻烦了"
    },
    {
      "user": "我不是吉娃娃",
      "date": "2017-07-07 22:43:39",
      "content": "我的巴特勒"
    },
    {
      "user": "[已注销]",
      "date": "2017-07-08 08:07:16",
      "content": "森林狼还是只小狼，看好未来"
    },
    {
      "user": "我不是吉娃娃",
      "date": "2017-07-18 08:32:13",
      "content": "😘"
    },
    {
      "user": "起落",
      "date": "2017-07-18 13:27:56",
      "content": "看威少"
    },
    {
      "user": "小城青年",
      "date": "2017-07-18 16:15:13",
      "content": "看鹈鹕的空砍和朗多的三双"
    },
    {
      "user": "期待",
      "date": "2017-07-18 16:44:11",
      "content": "亚历山大要卖火箭，看谁接手"
    },
    {
      "user": "[已注销]",
      "date": "2017-07-19 11:10:22",
      "content": "也对😄"
    },
    {
      "user": "[已注销]",
      "date": "2017-07-19 11:10:58",
      "content": "朗多去鹈鹕了吗？在说去马刺的"
    },
    {
      "user": "夜空中的星星",
      "date": "2017-07-19 11:12:31",
      "content": "看76人 森林狼 湖人"
    },
    {
      "user": "小城青年",
      "date": "2017-07-19 11:15:45",
      "content": "是鹈鹕，签了一年"
    },
    {
      "user": "[已注销]",
      "date": "2017-07-19 11:26:11",
      "content": "都快没人要了…"
    },
    {
      "user": "[已注销]",
      "date": "2017-07-19 11:33:55",
      "content": "打不过勇士啊，去年西决可惜了"
    },
    {
      "user": "小城青年",
      "date": "2017-07-19 11:38:11",
      "content": "早点进教练组吧"
    },
    {
      "user": "[已注销]",
      "date": "2017-07-19 11:39:15",
      "content": "哈哈哈,对.太有自己的想法了"
    },
    {
      "user": "nweispace",
      "date": "2017-07-19 11:45:39",
      "content": "看湖人&76人进季后赛"
    },
    {
      "user": "小城青年",
      "date": "2017-07-19 11:58:00",
      "content": "经验也丰富"
    },
    {
      "user": "YXY..",
      "date": "2017-07-21 10:30:36",
      "content": "看我詹"
    },
    {
      "user": "[已注销]",
      "date": "2017-07-21 14:48:24",
      "content": "我是科蜜😂"
    },
    {
      "user": "Doomsday",
      "date": "2017-07-21 18:26:42",
      "content": "我觉得还是看看西部决赛吧，总决赛就不要看了"
    }
  ]
}