{
  "title": "就没人关注球哥的表现吗？",
  "topic": {
    "name": "小城青年",
    "date": "2017-07-17 13:14:14",
    "content": "就没人关注球哥的表现吗？"
  },
  "pages": [],
  "replys": [
    {
      "user": "雪纺",
      "date": "2017-07-18 09:51:19",
      "content": "我关注啊"
    },
    {
      "user": "小城青年",
      "date": "2017-07-18 09:58:51",
      "content": "行家👍"
    },
    {
      "user": "雪纺",
      "date": "2017-07-18 10:02:19",
      "content": "每一场夏联都看了，感觉很有灵性"
    },
    {
      "user": "小城青年",
      "date": "2017-07-18 10:24:00",
      "content": "我倒没看，不过确实货真价实"
    },
    {
      "user": "起落",
      "date": "2017-07-18 13:26:49",
      "content": "表现不错，但是夏季赛跟常规赛两码事"
    },
    {
      "user": "小城青年",
      "date": "2017-07-18 15:06:01",
      "content": "希望不是迈卡威，但总比拉塞尔要好"
    },
    {
      "user": "2mfp",
      "date": "2017-07-18 21:30:21",
      "content": "有人关注状元吗\r他在哪个队？"
    },
    {
      "user": "小城青年",
      "date": "2017-07-18 21:31:48",
      "content": "76人吧"
    },
    {
      "user": "2mfp",
      "date": "2017-07-18 21:34:04",
      "content": "他的表现和传说的一样好吗\r身段像帮主？"
    },
    {
      "user": "夜空中的星星",
      "date": "2017-07-18 21:35:44",
      "content": "还是很有潜力的"
    },
    {
      "user": "小城青年",
      "date": "2017-07-18 21:36:16",
      "content": "不知道诶，好像受伤了？"
    },
    {
      "user": "小城青年",
      "date": "2017-07-18 21:37:33",
      "content": "是啊，打出来的当时也少有这数据"
    },
    {
      "user": "夜空中的星星",
      "date": "2017-07-18 22:05:14",
      "content": "不过这毕竟只是夏季联赛。现在就76人 森林狼 湖人"
    },
    {
      "user": "2mfp",
      "date": "2017-07-18 22:07:22",
      "content": "这么快就受伤了？"
    },
    {
      "user": "小城青年",
      "date": "2017-07-18 22:08:38",
      "content": "希望再过几年能打出来"
    },
    {
      "user": "小城青年",
      "date": "2017-07-18 22:09:00",
      "content": "好像是"
    },
    {
      "user": "期待",
      "date": "2017-07-18 22:09:03",
      "content": "关注乔丹贝尔"
    },
    {
      "user": "小城青年",
      "date": "2017-07-18 22:11:53",
      "content": "倒是没关注诶，主要觉得大家不应该尽炒些以前的事"
    },
    {
      "user": "期待",
      "date": "2017-07-18 22:12:50",
      "content": "5分11板5助攻5抢断6封盖"
    },
    {
      "user": "夜空中的星星",
      "date": "2017-07-18 22:14:24",
      "content": "76是个悲剧 天赋满满 伤病也满满"
    },
    {
      "user": "小城青年",
      "date": "2017-07-18 22:16:09",
      "content": "恩，差了个球爹"
    },
    {
      "user": "小城青年",
      "date": "2017-07-18 22:16:47",
      "content": "是啊，快成开拓者了"
    },
    {
      "user": "雪纺",
      "date": "2017-07-19 00:26:15",
      "content": "确实货真价实，把球队梳理地很好，也配得上夏季联赛的MVP"
    },
    {
      "user": "小城青年",
      "date": "2017-07-19 08:14:11",
      "content": "继续保持状态，下赛季引泡椒加盟"
    },
    {
      "user": "不浅",
      "date": "2017-08-01 13:42:54",
      "content": "我湖的希望"
    },
    {
      "user": "小城青年",
      "date": "2017-08-01 20:23:41",
      "content": "希望能够吸引强援"
    },
    {
      "user": "不浅",
      "date": "2017-08-01 22:39:08",
      "content": "就怕泡椒爱上雷霆，不来湖人了"
    },
    {
      "user": "[已注销]",
      "date": "2017-08-02 09:37:22",
      "content": "球哥真的很有天赋，很强，就是投篮真的看的好难受。"
    },
    {
      "user": "小城青年",
      "date": "2017-08-02 11:02:42",
      "content": "威少签约了没?"
    },
    {
      "user": "小城青年",
      "date": "2017-08-02 11:03:07",
      "content": "歪把机枪👌"
    },
    {
      "user": "不浅",
      "date": "2017-08-02 12:11:46",
      "content": "18-19赛季到期，看有没有可能泡椒和威少一起来湖人😂"
    },
    {
      "user": "小城青年",
      "date": "2017-08-02 12:15:14",
      "content": "画面太美😂"
    },
    {
      "user": "Collapsar",
      "date": "2017-08-03 15:36:54",
      "content": "夏联仅供参考😏"
    },
    {
      "user": "小城青年",
      "date": "2017-08-03 15:56:33",
      "content": "最起码不能说选错了"
    },
    {
      "user": "石头",
      "date": "2017-08-03 16:08:32",
      "content": "他爹的表现更突出"
    },
    {
      "user": "小城青年",
      "date": "2017-08-03 16:31:31",
      "content": "乔老爷子都坐不住了😂"
    }
  ]
}