{
  "title": "NBA历史50大巨星",
  "topic": {
    "name": "小城青年",
    "date": "2017-07-18 18:20:32",
    "content": "NBA历史50大巨星"
  },
  "pages": [],
  "replys": [
    {
      "user": "2mfp",
      "date": "2017-07-18 19:20:19",
      "content": "皮蓬应该和帮主在一起"
    },
    {
      "user": "小城青年",
      "date": "2017-07-18 19:27:42",
      "content": "应该是根据影响力排的，伯德和迈克海尔离得好远"
    },
    {
      "user": "雪纺",
      "date": "2017-07-19 00:28:33",
      "content": "感觉哈登真是不够幸运"
    },
    {
      "user": "小城青年",
      "date": "2017-07-19 07:38:50",
      "content": "是啊，希望新赛季有好的表现"
    },
    {
      "user": "丁漪stan",
      "date": "2017-07-19 10:07:07",
      "content": "神和王排在最前面，没毛病"
    },
    {
      "user": "小城青年",
      "date": "2017-07-19 10:11:45",
      "content": "上古神兽"
    }
  ]
}