{
  "title": "骑士明年会补强谁？",
  "topic": {
    "name": "肉球",
    "date": "2017-07-17 23:36:49",
    "content": "骑士明年会补强谁？"
  },
  "pages": [],
  "replys": [
    {
      "user": "夜空中的星星",
      "date": "2017-07-17 23:37:10",
      "content": "新年都还没搞明白了"
    },
    {
      "user": "雪纺",
      "date": "2017-07-18 10:01:29",
      "content": "补强总经理吧"
    },
    {
      "user": "起落",
      "date": "2017-07-18 13:27:18",
      "content": "补强我"
    }
  ]
}