{
  "title": "大事不好，欧文要走",
  "topic": {
    "name": "HOHO",
    "date": "2017-07-22 05:56:10",
    "content": "大事不好，欧文要走"
  },
  "pages": [],
  "replys": [
    {
      "user": "HOHO",
      "date": "2017-07-22 06:01:17",
      "content": "来我刺把，正好缺个控卫。\r 去纽约也行，拿钱。\r 热火和森林狼已经有比较好的控卫了。\r 但其实如果森林狼能弄来欧文，季后赛至少二轮。"
    },
    {
      "user": "perhaps",
      "date": "2017-07-22 08:50:12",
      "content": "你在哪看到的？"
    },
    {
      "user": "HOHO",
      "date": "2017-07-22 08:53:30",
      "content": "沃神的推特"
    },
    {
      "user": "perhaps",
      "date": "2017-07-22 08:55:25",
      "content": "这么说甜瓜有可能去骑士了？"
    },
    {
      "user": "秦哥",
      "date": "2017-07-22 09:01:16",
      "content": "没有好的筹码骑士不会交易，欧文还有三年的合同"
    },
    {
      "user": "HOHO",
      "date": "2017-07-22 09:11:21",
      "content": "有可能"
    },
    {
      "user": "HOHO",
      "date": "2017-07-22 09:11:41",
      "content": "对，欧文是没办法的"
    },
    {
      "user": "东楼公子",
      "date": "2017-07-22 09:14:50",
      "content": "球员主动要求被交易，一般都会被交易。毕竟强扭的瓜不甜。"
    },
    {
      "user": "HOHO",
      "date": "2017-07-22 09:16:41",
      "content": "但是球队会拖很久，比如安东尼这种情况，拖了一个月了。"
    },
    {
      "user": "梧夜",
      "date": "2017-07-22 09:27:46",
      "content": "小弟们都想自立山头了"
    },
    {
      "user": "perhaps",
      "date": "2017-07-22 09:27:58",
      "content": "欧文为什么申请被交易，和詹姆斯关系不好了吗？"
    },
    {
      "user": "HOHO",
      "date": "2017-07-22 09:29:20",
      "content": "是啊，他说要当绝对核心"
    },
    {
      "user": "HOHO",
      "date": "2017-07-22 09:30:28",
      "content": "不知道，他说他觉得詹姆斯来之后他单打变得犹豫了。我觉得是借口。"
    },
    {
      "user": "这是昵称",
      "date": "2017-07-22 09:31:25",
      "content": "一山不容二虎"
    },
    {
      "user": "perhaps",
      "date": "2017-07-22 09:36:02",
      "content": "哦！感觉拿总冠军无望，心里有想法了！"
    },
    {
      "user": "梧夜",
      "date": "2017-07-22 09:36:43",
      "content": "关键，他配得上绝对核心。"
    },
    {
      "user": "HOHO",
      "date": "2017-07-22 09:39:12",
      "content": "关键不是实力虎不虎，而是打法虎不虎。勇士有二虎加二豹，但打法是狼群的打法。"
    },
    {
      "user": "HOHO",
      "date": "2017-07-22 09:40:24",
      "content": "有可能是这个原因。还有些可能的猜想：可能他和罗斯关系不好。"
    },
    {
      "user": "perhaps",
      "date": "2017-07-22 09:42:08",
      "content": "罗斯？他去骑士了？"
    },
    {
      "user": "Bonjour°",
      "date": "2017-07-22 09:45:34",
      "content": "比较支持去马刺"
    },
    {
      "user": "HOHO",
      "date": "2017-07-22 10:29:05",
      "content": "那就去尼克斯吧"
    },
    {
      "user": "HOHO",
      "date": "2017-07-22 10:29:28",
      "content": "快要签了。"
    },
    {
      "user": "HOHO",
      "date": "2017-07-22 10:29:39",
      "content": "我也是。"
    },
    {
      "user": "梧夜",
      "date": "2017-07-22 10:29:47",
      "content": "那这辈子再也别想的总冠军了"
    },
    {
      "user": "期待",
      "date": "2017-07-22 10:33:25",
      "content": "他可真不是控卫，如果去了我刺，要么被波波骂死，要么把波波气死"
    },
    {
      "user": "期待",
      "date": "2017-07-22 10:38:21",
      "content": "状元不兼容？本内特和维金斯被交易换乐福，欧文又主动要求被交易，四个状元眼看就要剩一个，如果下个赛季还有决定3，骑士又要开始重建了。不过和76人比，骑士真是命好，76人那么摆烂都没抽到状元签（别说今年，今年的状元签是凯尔特人的，只是绿凯和他们换了而已）"
    },
    {
      "user": "perhaps",
      "date": "2017-07-22 10:42:10",
      "content": "哦，好吧，骑士这么做风险很大啊"
    },
    {
      "user": "HOHO",
      "date": "2017-07-22 10:46:02",
      "content": "本西蒙斯"
    },
    {
      "user": "已注销",
      "date": "2017-07-22 11:21:59",
      "content": "詹姆斯本来就蛮独裁的，欧文的实力绝对可以做当家球星，现在被一个詹姆斯压着，什么都是二把手，可能也确实放不开手脚，想出去自立门户也正常"
    },
    {
      "user": "东楼公子",
      "date": "2017-07-22 13:33:29",
      "content": "帕克年轻时也很花，吉诺比利一辈子都很花……老爷子也不是不近人情。"
    },
    {
      "user": "perfect",
      "date": "2017-07-23 08:03:21",
      "content": "走了好，骑士这只球队核心是詹姆斯，欧文有没有有什么区别？"
    },
    {
      "user": "雪纺",
      "date": "2017-07-23 08:15:42",
      "content": "你刺没筹码"
    },
    {
      "user": "perfect",
      "date": "2017-07-23 17:50:15",
      "content": "欧文只适合当老二，当老大基本就一轮游"
    },
    {
      "user": "HOHO",
      "date": "2017-07-24 06:05:34",
      "content": "帕克确实被骂死了……"
    },
    {
      "user": "HOHO",
      "date": "2017-07-24 06:06:24",
      "content": "留詹姆斯走欧文可以，但必须换来和欧文等价的人"
    },
    {
      "user": "HOHO",
      "date": "2017-07-24 06:06:37",
      "content": "阿德格林"
    },
    {
      "user": "HOHO",
      "date": "2017-07-24 06:07:21",
      "content": "可以去森林狼当老大"
    },
    {
      "user": "perfect",
      "date": "2017-07-24 08:39:39",
      "content": "换不来也算了，强扭的瓜不甜，欧文这种一轮游季后赛都进不了的球员，离开骑士就知道水准了"
    },
    {
      "user": "雪纺",
      "date": "2017-07-24 10:36:32",
      "content": "阿德格林和乐福JR(香波特)太重叠了"
    },
    {
      "user": "HOHO",
      "date": "2017-07-24 14:36:40",
      "content": "加个米尔斯"
    },
    {
      "user": "一",
      "date": "2017-07-24 21:30:17",
      "content": "不是吧，跟詹姆斯一起我才好专一骑士咩(⁎⁍̴̛ᴗ⁍̴̛⁎)"
    },
    {
      "user": "雪纺",
      "date": "2017-07-24 23:17:59",
      "content": "乐福白了你一眼😂"
    },
    {
      "user": "一",
      "date": "2017-07-24 23:29:19",
      "content": "跳起来给他一个么么哒👻"
    },
    {
      "user": "HOHO",
      "date": "2017-07-25 02:10:23",
      "content": "詹姆斯明年也很可能走。"
    },
    {
      "user": "雪纺",
      "date": "2017-07-25 10:01:38",
      "content": "罗斯去你骑了，他不会打替补的"
    },
    {
      "user": "螃蟹|Daddy²",
      "date": "2017-07-25 14:36:16",
      "content": "let him go, let him go, no more rings in cavs anymore...let him go, let him go, turn away and be a boss."
    },
    {
      "user": "nweispace",
      "date": "2017-07-25 14:48:08",
      "content": "已经确定去，纽约了"
    },
    {
      "user": "HOHO",
      "date": "2017-07-25 18:48:05",
      "content": "消息可靠吗"
    },
    {
      "user": "HOHO",
      "date": "2017-07-25 18:49:11",
      "content": "let him go, let him go, Cavs got Derrick Rose."
    },
    {
      "user": "螃蟹|Daddy²",
      "date": "2017-07-25 19:03:32",
      "content": "D rose with a broken ankle"
    },
    {
      "user": "daydayhappy",
      "date": "2017-07-26 00:04:56",
      "content": "二文把老詹给取关了，到底什么剧情啊搞得跟偶像剧似的"
    },
    {
      "user": "HOHO",
      "date": "2017-07-26 02:52:46",
      "content": "看来交易势在必行啊。"
    }
  ]
}