{
  "title": "下赛季雷霆",
  "topic": {
    "name": "HOHO",
    "date": "2017-07-20 07:45:02",
    "content": "下赛季雷霆"
  },
  "pages": [],
  "replys": [
    {
      "user": "雪纺",
      "date": "2017-07-20 08:03:56",
      "content": "这个可能有"
    },
    {
      "user": "已注销",
      "date": "2017-07-22 16:24:13",
      "content": "有可能，威少看到勇士战斗力能直接爆表，以前是一个人没后续，现在起码多了个保罗"
    },
    {
      "user": "perfect",
      "date": "2017-07-23 08:00:27",
      "content": "被横扫，没洗"
    },
    {
      "user": "perhaps",
      "date": "2017-07-23 08:06:00",
      "content": "常规赛吗？"
    }
  ]
}