{
  "title": "德鲁大叔，再努力一年呗",
  "topic": {
    "name": "888",
    "date": "2017-07-23 00:37:16",
    "content": "德鲁大叔，再努力一年呗"
  },
  "pages": [],
  "replys": [
    {
      "user": "东楼公子",
      "date": "2017-07-23 06:38:50",
      "content": "好像再努力一年就打得过勇士……"
    },
    {
      "user": "888",
      "date": "2017-07-23 06:53:04",
      "content": "😓，至少可以多看一年他和老詹一起打球啊"
    },
    {
      "user": "东楼公子",
      "date": "2017-07-23 08:27:48",
      "content": "他们俩打球也没什么化学反应，就是各自单打，没什么劲"
    },
    {
      "user": "888",
      "date": "2017-07-23 10:34:35",
      "content": "不如风尘四侠？"
    },
    {
      "user": "丁漪stan",
      "date": "2017-07-23 11:14:01",
      "content": "要走就不要犹豫，早点说那两个保罗其中一个就可以换来了"
    },
    {
      "user": "888",
      "date": "2017-07-23 12:33:10",
      "content": "对头，风尘四侠有望"
    },
    {
      "user": "丁漪stan",
      "date": "2017-07-23 13:45:20",
      "content": "不可能的，因为甜瓜并不想"
    }
  ]
}