{
  "title": "中超硝烟四起 上海上港vs广州恒大前瞻",
  "topic": {
    "name": "科大米",
    "date": "2017-07-22 19:26:25",
    "content": "中超硝烟四起 上海上港vs广州恒大前瞻"
  },
  "pages": [],
  "replys": [
    {
      "user": "念奴娇",
      "date": "2017-07-26 14:24:35",
      "content": "票卖完了(┯_┯)"
    },
    {
      "user": "Capt. Backfire",
      "date": "2017-07-26 15:24:33",
      "content": "现场有的是黄牛"
    },
    {
      "user": "我很年轻",
      "date": "2017-07-26 15:31:32",
      "content": "在力帆小摩托面前都是娱乐"
    }
  ]
}