{
  "title": "【转】7.24 国际冠军杯-南京 国米vs里昂",
  "topic": {
    "name": "Sal",
    "date": "2017-07-24 13:25:03",
    "content": "【转】7.24 国际冠军杯-南京 国米vs里昂"
  },
  "pages": [],
  "replys": [
    {
      "user": "帅得愁人",
      "date": "2019-07-24 01:05:20",
      "content": "怎样交易"
    },
    {
      "user": "Sal",
      "date": "2019-07-24 16:19:38",
      "content": "哈哈 两年前的了 看错啦你"
    }
  ]
}