{
  "title": "昨天见到库里本人了",
  "topic": {
    "name": "深海小豚鼠",
    "date": "2017-07-27 14:10:55",
    "content": "昨天见到库里本人了"
  },
  "pages": [],
  "replys": [
    {
      "user": "深海小豚鼠",
      "date": "2017-07-27 22:50:41",
      "content": "长得很帅"
    },
    {
      "user": "东楼公子",
      "date": "2017-07-27 23:11:14",
      "content": "让我想到纳什了，也是mvp二连桩……某天看了看纳什的集锦，和库里真有点像。"
    },
    {
      "user": "东楼公子",
      "date": "2017-07-27 15:03:24",
      "content": "比普通人也就略高一点"
    },
    {
      "user": "深海小豚鼠",
      "date": "2017-07-27 22:50:41",
      "content": "长得很帅"
    },
    {
      "user": "东楼公子",
      "date": "2017-07-27 23:11:14",
      "content": "让我想到纳什了，也是mvp二连桩……某天看了看纳什的集锦，和库里真有点像。"
    },
    {
      "user": "未来即将到来",
      "date": "2017-07-28 00:05:15",
      "content": "那你很棒哟"
    },
    {
      "user": "深海小豚鼠",
      "date": "2017-07-28 09:08:23",
      "content": "有杜兰特在身边，库里的确可以转型成20+10的风格，不过我个人更喜欢看到刷分日天的库里"
    },
    {
      "user": "深海小豚鼠",
      "date": "2017-07-28 19:53:06",
      "content": "嗯哼"
    },
    {
      "user": "叫我真知棒!",
      "date": "2017-07-29 03:25:32",
      "content": "哈哈哈为什么路人都这么高"
    },
    {
      "user": "睡觉香香的呀",
      "date": "2017-07-30 16:41:22",
      "content": "库里 布朗"
    },
    {
      "user": "深海小豚鼠",
      "date": "2017-08-05 09:01:23",
      "content": "可能库里不够高"
    },
    {
      "user": "雪纺",
      "date": "2017-08-05 11:34:25",
      "content": "想要20+10除非科尔不把格林当轴了"
    },
    {
      "user": "叫我真知棒!",
      "date": "2017-08-05 20:53:48",
      "content": "哈哈哈我之前每次看他和别的球员合影一直觉得他160几"
    },
    {
      "user": "深海小豚鼠",
      "date": "2017-08-05 20:56:38",
      "content": "190还是有的，站普通人身边还是很高"
    },
    {
      "user": "叫我真知棒!",
      "date": "2017-08-09 19:51:55",
      "content": "嗯 我是说跟那些nba的大个子一起拍照的时候啦 毕竟小学生"
    },
    {
      "user": "深海小豚鼠",
      "date": "2017-08-13 09:40:39",
      "content": "库里助攻的确上不了10，尽管有这个能力，但他不会为了多刷几个助攻，而把全明星队友的武功废成cba"
    },
    {
      "user": "深海小豚鼠",
      "date": "2017-08-15 22:22:53",
      "content": "所以他取得成功更为不易。新秀赛季拿他和埃文斯比，媒体感叹库里虽然打球好看有灵气，但未来终究是埃文斯的天下…看看现在，埃文斯给库里打替补也不够格"
    },
    {
      "user": "叫我真知棒!",
      "date": "2017-08-16 01:16:52",
      "content": "嗯！ 爱勇士这个团队！也爱他们每一个！"
    },
    {
      "user": "深海小豚鼠",
      "date": "2017-08-23 01:04:08",
      "content": "希望明年再夺冠"
    },
    {
      "user": "Li",
      "date": "2017-12-18 00:40:13",
      "content": "羡慕！！！"
    },
    {
      "user": "[已注销]",
      "date": "2017-12-18 19:27:25",
      "content": "羡慕"
    },
    {
      "user": "深海小豚鼠",
      "date": "2017-12-19 00:08:52",
      "content": "嘿嘿"
    },
    {
      "user": "zyl",
      "date": "2017-12-29 12:45:03",
      "content": "羡慕"
    },
    {
      "user": "深海小豚鼠",
      "date": "2018-03-12 14:39:18",
      "content": "嘿嘿"
    },
    {
      "user": "马帮德",
      "date": "2018-03-12 14:44:55",
      "content": "裤里就是屌😄"
    },
    {
      "user": "呼呼",
      "date": "2019-02-25 08:09:09",
      "content": "呵呵楼主真的见到库里吗这赛季夺冠后老子离杜兰特有最近5米的距离可惜他开车进里面活动就没了啊"
    },
    {
      "user": "呼呼",
      "date": "2019-02-25 08:10:23",
      "content": "呵呵确实夺冠了啊"
    },
    {
      "user": "呼呼",
      "date": "2019-02-25 08:10:42",
      "content": "宇宙勇无敌啊"
    },
    {
      "user": "较瘦",
      "date": "2019-03-06 07:28:02",
      "content": "世事难料"
    },
    {
      "user": "金坷垃伟大",
      "date": "2019-05-17 18:16:27",
      "content": "库里运球好像是纳什教的"
    }
  ]
}