{
  "title": "帕托背后有人参谋",
  "topic": {
    "name": "咱不能放弃",
    "date": "2017-08-02 06:22:12",
    "content": "帕托背后有人参谋"
  },
  "pages": [],
  "replys": [
    {
      "user": "D-boy",
      "date": "2017-08-02 06:39:13",
      "content": "当然。。。"
    },
    {
      "user": "Capt. Backfire",
      "date": "2017-08-02 09:26:42",
      "content": "有团队在运营么？"
    },
    {
      "user": "nevus",
      "date": "2017-08-02 16:37:59",
      "content": "卡纳瓦罗功不可没吧"
    }
  ]
}