{
  "title": "大威少的球迷看过来！！！",
  "topic": {
    "name": "阿隆",
    "date": "2017-08-04 02:49:59",
    "content": "大威少的球迷看过来！！！"
  },
  "pages": [],
  "replys": [
    {
      "user": "史蒂芬 库里",
      "date": "2017-08-25 01:00:42",
      "content": "横扫西部  你说话有点狂啊  兄弟"
    },
    {
      "user": "阿隆",
      "date": "2017-08-29 00:22:50",
      "content": "一看就是勇士球迷，当然勇士是很强的"
    }
  ]
}