{
  "title": "猜一个球星",
  "topic": {
    "name": "深海小豚鼠",
    "date": "2017-08-26 09:38:23",
    "content": "猜一个球星"
  },
  "pages": [],
  "replys": [
    {
      "user": "Dealbreaker",
      "date": "2017-08-26 11:21:12",
      "content": "是姆斯哥吗？"
    },
    {
      "user": "深海小豚鼠",
      "date": "2017-08-26 11:33:17",
      "content": "不是～詹姆斯都8次总决赛了吧？"
    },
    {
      "user": "big three",
      "date": "2017-08-26 14:53:04",
      "content": "库里"
    },
    {
      "user": "深海小豚鼠",
      "date": "2017-08-26 17:02:56",
      "content": "bingo"
    },
    {
      "user": "远方",
      "date": "2017-08-26 22:20:21",
      "content": "库里啊"
    },
    {
      "user": "东楼公子",
      "date": "2017-08-26 23:24:26",
      "content": "这也太好猜了……"
    },
    {
      "user": "小鹏",
      "date": "2017-09-09 22:57:38",
      "content": "mvp赛季常规赛有30分了吧"
    }
  ]
}