{
  "title": "有没有北京的球友",
  "topic": {
    "name": "健身拖延症患者",
    "date": "2017-09-02 00:19:03",
    "content": "有没有北京的球友"
  },
  "pages": [],
  "replys": [
    {
      "user": "如云",
      "date": "2017-09-02 15:02:32",
      "content": "这里有点冷清，伪球迷飘过～"
    },
    {
      "user": "会飞的鱼子酱呐",
      "date": "2017-09-09 11:53:04",
      "content": "有没有上海的球友，一个人在充满延迟的直播8看球好没劲"
    },
    {
      "user": "tecsun",
      "date": "2017-09-25 09:11:17",
      "content": "有"
    },
    {
      "user": "健身拖延症患者",
      "date": "2017-09-25 21:48:11",
      "content": "发现女球迷是真的多"
    },
    {
      "user": "健身拖延症患者",
      "date": "2017-09-25 21:48:24",
      "content": "女球迷是真的多"
    }
  ]
}