{
  "title": "小女子穿上战衣为曼联加油！！求大家祝福周六的曼联",
  "topic": {
    "name": "啊",
    "date": "2017-09-07 16:28:35",
    "content": "小女子穿上战衣为曼联加油！！求大家祝福周六的曼联"
  },
  "pages": [],
  "replys": [
    {
      "user": "啊",
      "date": "2017-09-07 16:42:32",
      "content": "自己顶一下"
    },
    {
      "user": "super mario",
      "date": "2017-09-07 16:58:22",
      "content": "竟然硬了"
    },
    {
      "user": "呵呵",
      "date": "2017-09-07 19:45:05",
      "content": "我魔很高兴有你这样球迷"
    },
    {
      "user": "Wonderful",
      "date": "2017-09-07 20:14:06",
      "content": "文明看球！(⊙o⊙?)"
    },
    {
      "user": "啊",
      "date": "2017-09-08 17:34:34",
      "content": "好球迷，为你点赞"
    },
    {
      "user": "啊",
      "date": "2017-09-08 17:35:00",
      "content": "谢谢，大家为曼联点个赞"
    },
    {
      "user": "罗伊斯",
      "date": "2017-09-08 17:35:45",
      "content": "我要约你一起看球~"
    },
    {
      "user": "啊",
      "date": "2017-09-09 13:16:27",
      "content": "来呀"
    },
    {
      "user": "Torres",
      "date": "2017-09-09 13:18:33",
      "content": "都是有故事的人"
    },
    {
      "user": "伏羲昆仑",
      "date": "2017-09-10 08:35:14",
      "content": "一起"
    },
    {
      "user": "罗伊斯",
      "date": "2017-09-11 19:10:35",
      "content": "来吧，欧冠开始了"
    },
    {
      "user": "一^_^世界和平",
      "date": "2017-09-12 17:10:01",
      "content": "文明看球"
    },
    {
      "user": "aaa",
      "date": "2017-10-01 23:46:35",
      "content": "图都绿了"
    },
    {
      "user": "Jason",
      "date": "2017-10-06 21:48:56",
      "content": "曼联球迷点赞"
    },
    {
      "user": "eliker",
      "date": "2017-10-27 22:11:57",
      "content": "好球（●─●）"
    },
    {
      "user": "辛小鱼",
      "date": "2017-10-28 00:30:09",
      "content": "曼城是冠军"
    },
    {
      "user": "Hunter",
      "date": "2017-10-28 00:32:51",
      "content": "应该净胜两个球。"
    },
    {
      "user": "Jay",
      "date": "2017-11-02 17:38:26",
      "content": "我去，这球看的精彩"
    },
    {
      "user": "孤风起",
      "date": "2017-11-08 09:52:55",
      "content": "红魔心，娜迷情，文明看球，精彩纷呈"
    },
    {
      "user": "孑",
      "date": "2017-11-09 18:22:26",
      "content": "👍"
    },
    {
      "user": "Neo",
      "date": "2017-11-13 19:08:34",
      "content": "曼城球迷"
    },
    {
      "user": "湫风",
      "date": "2017-11-14 09:07:59",
      "content": "你接受过懂球帝的采访吗"
    }
  ]
}