{
  "title": "什么理由让你爱上了足球？",
  "topic": {
    "name": "想发财的迷",
    "date": "2017-09-14 18:33:32",
    "content": "什么理由让你爱上了足球？"
  },
  "pages": [],
  "replys": [
    {
      "user": "换了人间",
      "date": "2017-09-15 19:46:20",
      "content": "马特乌斯的一脚远射。安迪穆勒的一个手叉腰造型。"
    },
    {
      "user": "我是来找人的",
      "date": "2017-09-14 18:37:56",
      "content": "曼联三冠中国行~"
    },
    {
      "user": "奎",
      "date": "2017-09-14 23:39:12",
      "content": "罗纳尔多😎"
    },
    {
      "user": "北环以南",
      "date": "2017-09-15 01:26:29",
      "content": "初中吧，没事咯"
    },
    {
      "user": "想发财的迷",
      "date": "2017-09-15 18:32:06",
      "content": "我是自己所在的小学就是个足球学校，在那里跟着教练踢了几年，后来因为上初中，想跟随球队就要去比较差的学校，我爸怕我踢不出名堂。就放弃了，不过现在想想还挺后悔的。"
    },
    {
      "user": "想发财的迷",
      "date": "2017-09-15 18:32:24",
      "content": "足球天才！"
    },
    {
      "user": "想发财的迷",
      "date": "2017-09-15 18:32:44",
      "content": "手动点赞，老球迷！"
    },
    {
      "user": "换了人间",
      "date": "2017-09-15 19:46:20",
      "content": "马特乌斯的一脚远射。安迪穆勒的一个手叉腰造型。"
    },
    {
      "user": "鸡腿大战小龙虾",
      "date": "2017-09-16 02:55:26",
      "content": "好多年前的某个晚上因为失眠看了场球赛，我记得是拜仁的比赛，对手是谁忘了，看了整场觉得还蛮有意思的，之后的一段时间经常会搜一些经典的比赛来看，随着看的越来越多渐渐发现了足球的魅力喜欢上了足球喜欢上了巴萨"
    },
    {
      "user": "想发财的迷",
      "date": "2017-09-18 17:06:32",
      "content": "想必巴萨和罗马，我也更爱巴萨多一些。"
    },
    {
      "user": "格鲁",
      "date": "2017-09-18 17:17:55",
      "content": "忠诚、血性、硬汉，只有足球不会离我而去～"
    },
    {
      "user": "长发之殇",
      "date": "2017-09-18 17:28:21",
      "content": "没有理由啊，就是喜欢"
    },
    {
      "user": "想发财的迷",
      "date": "2017-09-18 17:50:35",
      "content": "对！还有一条！真汉子！"
    },
    {
      "user": "想发财的迷",
      "date": "2017-09-18 17:51:01",
      "content": "对于足球，没有理由就是最好的理由！"
    },
    {
      "user": "想发财的迷",
      "date": "2017-09-19 18:16:26",
      "content": "哈哈哈 亲好厉害，为了练听力努力听解说。现在什么水平？可以一起学习么"
    },
    {
      "user": "火锅与清酒",
      "date": "2017-09-19 22:06:44",
      "content": "2006年夏天我7岁 爸爸第一次带着我看世界杯 我爱上了那种千百人欢呼的气氛"
    },
    {
      "user": "说废话少废话",
      "date": "2017-09-20 11:48:58",
      "content": "看了   你没有看过足球，所以你不会知道……系列"
    },
    {
      "user": "想发财的迷",
      "date": "2017-09-20 18:11:47",
      "content": "嗯嗯，足球值得欢呼的地方也正是这种氛围使我们不得不爱！"
    },
    {
      "user": "想发财的迷",
      "date": "2017-09-20 18:12:07",
      "content": "这是一本书？"
    },
    {
      "user": "aaa",
      "date": "2017-10-01 23:43:23",
      "content": "暗恋的男生喜欢范佩西，后来就迷上了范佩西，然后喜欢上了足球"
    },
    {
      "user": "Amber",
      "date": "2017-10-26 17:36:54",
      "content": "起因是前任喜欢，经过是分手后的某天认真看了一场球赛，结果是一发不可收拾"
    },
    {
      "user": "我很年轻",
      "date": "2017-10-26 17:41:51",
      "content": "小时候舅舅带着看球、踢球，就喜欢了"
    },
    {
      "user": "elem",
      "date": "2017-10-26 21:26:40",
      "content": "一个叫巴蒂的男人"
    },
    {
      "user": "[已注销]",
      "date": "2017-10-27 03:48:46",
      "content": "好看然后还很刺激，奇迹，还有就是竞技体育带来的感动和激情"
    }
  ]
}