{
  "title": "17-18皇马球衣 C罗贝尔本泽马 阿森西奥 马塞洛 卡...",
  "topic": {
    "name": "巴巴拉兔",
    "date": "2017-09-23 12:00:31",
    "content": "17-18皇马球衣 C罗贝尔本泽马 阿森西奥 马塞洛 卡..."
  },
  "pages": [],
  "replys": [
    {
      "user": "awake",
      "date": "2017-09-24 13:45:14",
      "content": "哇 好喜欢阿森西奥"
    },
    {
      "user": "丑橘",
      "date": "2017-09-24 13:50:02",
      "content": "阿森西奥！！"
    },
    {
      "user": "巴巴拉兔",
      "date": "2017-09-24 13:53:36",
      "content": "我是做球衣批发的，需要球衣可以联系我。13927900248"
    },
    {
      "user": "巴巴拉兔",
      "date": "2017-09-24 13:53:44",
      "content": "我是做球衣批发的，需要球衣可以联系我。13927900248"
    },
    {
      "user": "awake",
      "date": "2017-09-24 13:54:01",
      "content": "你也喜欢他？"
    },
    {
      "user": "丑橘",
      "date": "2017-09-24 15:20:05",
      "content": "没有喜欢。但他很厉害！！！欣赏吧"
    },
    {
      "user": "awake",
      "date": "2017-09-24 15:29:57",
      "content": "也很帅 哈哈哈"
    }
  ]
}