{
  "title": "今年你们看好那只球队？",
  "topic": {
    "name": "༄ཉ྄ིོུ社会人ཉིུ",
    "date": "2017-09-23 12:42:43",
    "content": "今年你们看好那只球队？"
  },
  "pages": [],
  "replys": [
    {
      "user": "㝊䓁㳈",
      "date": "2017-10-23 19:49:44",
      "content": "马刺马刺马刺"
    },
    {
      "user": "㝊䓁㳈",
      "date": "2017-10-23 19:49:44",
      "content": "马刺马刺马刺"
    },
    {
      "user": "王世界",
      "date": "2017-11-09 15:54:41",
      "content": "比较看好勇士，但是我希望凯尔特人季后赛也有好的发挥。"
    },
    {
      "user": "浮云能避日",
      "date": "2017-11-11 11:46:51",
      "content": "还是勇士，科尔无解的战术，加上无解的4巨头。。一堆无解的替补"
    },
    {
      "user": "浮云能避日",
      "date": "2017-11-11 11:47:39",
      "content": "我也喜欢詹姆斯，不过，差距太大了，昨天对火箭的比赛就看出来了，虽然后来防守上来，但是最后几秒那个战术？？不对，应该没有战术。。"
    },
    {
      "user": "奋斗",
      "date": "2017-11-13 12:48:52",
      "content": "个人喜欢买凯尔特人赢球盘口"
    },
    {
      "user": "可乐",
      "date": "2017-11-13 12:56:49",
      "content": "希望东西决分别勇马骑凯，总决骑马大战。"
    },
    {
      "user": "Pedro丶Smart",
      "date": "2017-11-13 14:17:41",
      "content": "詹姆斯是很吊，东部问题应该不大，西部这边就难说了，勇士太尼玛变态，可我就是喜欢马刺，我能怎么办，我看好马刺"
    },
    {
      "user": "山治",
      "date": "2017-11-14 12:53:38",
      "content": "兄弟同意你的观点，小卡受伤和健康对马刺来说影响太大了，去年和勇士第一场就证明了"
    },
    {
      "user": "米斯兰达",
      "date": "2017-12-03 00:06:34",
      "content": "作为詹密，当然要支持我骑士啦~"
    },
    {
      "user": "凉泽尼光",
      "date": "2017-12-03 17:44:31",
      "content": "火箭……绝壁能冲的"
    },
    {
      "user": "一个简单的人",
      "date": "2017-12-07 22:32:24",
      "content": "支持骑士"
    },
    {
      "user": "甄",
      "date": "2017-12-08 21:30:25",
      "content": "马刺 马刺 马秃秃"
    },
    {
      "user": "22",
      "date": "2017-12-08 23:02:25",
      "content": "我詹"
    },
    {
      "user": "[已注销]",
      "date": "2017-12-09 14:02:58",
      "content": "主队马刺，虽然觉得刚不过勇火。但可能一冠封神。"
    }
  ]
}