{
  "title": "周一赛事：萨普斯堡将延续赛季强势！",
  "topic": {
    "name": "安磊球球",
    "date": "2017-09-25 20:52:28",
    "content": "周一赛事：萨普斯堡将延续赛季强势！"
  },
  "pages": [],
  "replys": [
    {
      "user": "慢灵魂",
      "date": "2017-09-27 11:40:33",
      "content": "貌似都打出来了？"
    },
    {
      "user": "安磊球球",
      "date": "2017-09-28 20:42:42",
      "content": "是的.一般情况下。7成命中率还是有的"
    }
  ]
}