{
  "title": "库迷妹一枚，很帅呀",
  "topic": {
    "name": "橙小兔",
    "date": "2017-09-27 14:57:28",
    "content": "库迷妹一枚，很帅呀"
  },
  "pages": [],
  "replys": [
    {
      "user": "部长",
      "date": "2017-09-27 16:33:57",
      "content": "你的三分球也那么6吗"
    },
    {
      "user": "[已注销]",
      "date": "2017-09-27 16:52:07",
      "content": "库里 我的最爱"
    },
    {
      "user": "期待",
      "date": "2017-09-27 18:45:23",
      "content": "一号看和掘金的季前赛吧"
    },
    {
      "user": "橙小兔",
      "date": "2017-09-27 19:06:56",
      "content": "比赛我到很少"
    },
    {
      "user": "期待",
      "date": "2017-09-27 19:11:36",
      "content": "我看企鹅的直播，在家手机投屏看，在电视上老清楚了"
    },
    {
      "user": "早安   king",
      "date": "2017-10-18 10:11:50",
      "content": "萌神"
    },
    {
      "user": "mark",
      "date": "2017-10-28 17:34:44",
      "content": "球场跳动的精灵 库里"
    },
    {
      "user": "宫少",
      "date": "2017-12-06 22:16:11",
      "content": "喜欢库里？"
    },
    {
      "user": "蒙太奇",
      "date": "2017-12-10 15:30:48",
      "content": "萌！！！"
    }
  ]
}