{
  "title": "今年总冠军花落谁家",
  "topic": {
    "name": "陈乐乐",
    "date": "2017-10-08 00:31:19",
    "content": "今年总冠军花落谁家"
  },
  "pages": [],
  "replys": [
    {
      "user": "卡卡",
      "date": "2017-10-09 14:00:51",
      "content": "骑士"
    },
    {
      "user": "陈乐乐",
      "date": "2017-10-09 19:11:55",
      "content": "骑士三连败了"
    },
    {
      "user": "卡卡",
      "date": "2017-10-09 22:01:03",
      "content": "你看球可吗？何况这还是季前赛。"
    },
    {
      "user": "陈乐乐",
      "date": "2017-10-09 23:48:28",
      "content": "我知道，季前赛嘛，就是为了磨合队伍"
    },
    {
      "user": "[已注销]",
      "date": "2017-10-10 14:41:21",
      "content": "虽然听上去没啥新意 但我还是投一个宇宙勇干掉骑士夺冠"
    },
    {
      "user": "陈乐乐",
      "date": "2017-10-10 16:04:25",
      "content": "勇士夺冠看腻了，我想看大猩猩哭"
    },
    {
      "user": "远方",
      "date": "2017-10-11 07:58:03",
      "content": "湖人也写进来，实在是🤔🤔，还不如写开拓者"
    },
    {
      "user": "尤夏",
      "date": "2017-10-11 13:29:26",
      "content": "有没有想玩体彩的可以联系我"
    },
    {
      "user": "陈乐乐",
      "date": "2017-10-11 17:11:32",
      "content": "主要是湖人一帮年轻人，搞事情还是不错的，至少体力上比较好，开拓者没怎么关注"
    },
    {
      "user": "远方",
      "date": "2017-10-11 23:12:24",
      "content": "要是在东部，湖人还有可能，西部就算了吧🤔🤔"
    },
    {
      "user": "陈乐乐",
      "date": "2017-10-12 11:45:09",
      "content": "西部近年来年年血雨腥风，想杀出去要费不少力"
    },
    {
      "user": "堂吉诃德",
      "date": "2017-10-12 11:53:40",
      "content": "估计还是勇士..."
    },
    {
      "user": "远方",
      "date": "2017-10-12 12:50:01",
      "content": "😂😂😂难啊"
    },
    {
      "user": "陈乐乐",
      "date": "2017-10-13 08:53:26",
      "content": "阵容豪华，不知道对上雷霆会怎样"
    },
    {
      "user": "陈乐乐",
      "date": "2017-10-13 08:57:34",
      "content": "例如勇士想出线，雷霆马刺火箭他们都够呛，还有爵士这个硬板板😂"
    },
    {
      "user": "百忍可成金Eel",
      "date": "2017-10-13 11:40:24",
      "content": "黄蜂，噗"
    },
    {
      "user": "[已注销]",
      "date": "2017-10-13 18:49:04",
      "content": "估计又是勇士吧"
    },
    {
      "user": "远方",
      "date": "2017-10-13 23:23:22",
      "content": "还有鹈鹕"
    },
    {
      "user": "陈乐乐",
      "date": "2017-10-14 12:51:06",
      "content": "这个不好说，毕竟勇士实力在那里"
    },
    {
      "user": "陈乐乐",
      "date": "2017-10-14 12:51:36",
      "content": "考辛斯加戴维斯，内线无敌"
    },
    {
      "user": "远方",
      "date": "2017-10-15 05:20:17",
      "content": "期待"
    },
    {
      "user": "陈乐乐",
      "date": "2017-10-15 10:26:54",
      "content": "先期待18号的绿军对骑士，我觉得会蛮精彩"
    },
    {
      "user": "远方",
      "date": "2017-10-15 21:20:05",
      "content": "是啊，可惜詹姆斯不能上场"
    },
    {
      "user": "陈乐乐",
      "date": "2017-10-16 18:56:48",
      "content": "又受伤了，小托马斯，罗斯和韦德应该能挑起大梁，不过球权是个问题"
    },
    {
      "user": "TeddyNick",
      "date": "2017-10-16 23:14:31",
      "content": "喜欢马刺和火箭🚀……谁拿都行"
    },
    {
      "user": "远方",
      "date": "2017-10-16 23:42:40",
      "content": "应该会解决好，现在联盟强弱太分明，不好玩🤔🤔"
    },
    {
      "user": "陈乐乐",
      "date": "2017-10-22 11:15:18",
      "content": "现在能挑起大梁的新秀有是有，但在老将面前还是不够看"
    },
    {
      "user": "陈乐乐",
      "date": "2017-10-22 11:20:14",
      "content": "不好说，今年勇士，骑士，雷霆这三队几率大点，虽然我也很喜欢马刺，但莱昂纳德腿伤太严重了"
    }
  ]
}