{
  "title": "用图吹一波汤神的防守",
  "topic": {
    "name": "深海小豚鼠",
    "date": "2017-10-12 10:58:37",
    "content": "用图吹一波汤神的防守"
  },
  "pages": [],
  "replys": [
    {
      "user": "z",
      "date": "2017-10-12 13:45:53",
      "content": "笑尿。。。"
    },
    {
      "user": "深海小豚鼠",
      "date": "2017-10-12 18:10:14",
      "content": "是的"
    },
    {
      "user": "LLLL",
      "date": "2017-10-12 21:57:36",
      "content": "👍"
    },
    {
      "user": "心软是病",
      "date": "2017-10-15 17:50:47",
      "content": "现役后场防守第二人"
    },
    {
      "user": "perhaps",
      "date": "2017-10-16 12:14:47",
      "content": "这图不错"
    },
    {
      "user": "深海小豚鼠",
      "date": "2017-11-13 00:05:03",
      "content": "第一是？"
    },
    {
      "user": "[已注销]",
      "date": "2017-11-13 00:11:22",
      "content": "666"
    },
    {
      "user": "心软是病",
      "date": "2017-11-14 12:35:26",
      "content": "卡哇伊"
    },
    {
      "user": "山治",
      "date": "2017-11-14 12:50:12",
      "content": "汤神牛逼在于 乐福詹姆斯都顶不动他\r高配版的3D球员"
    },
    {
      "user": "Collapsar",
      "date": "2017-11-14 14:39:23",
      "content": "我大欧文可破之😏"
    },
    {
      "user": "心软是病",
      "date": "2017-11-14 17:49:14",
      "content": "下盘稳，唯一不足就是速度有点慢"
    },
    {
      "user": "山治",
      "date": "2017-11-15 09:35:27",
      "content": "其实也不慢，只是跑动的时候动作不飘逸，哈哈哈"
    },
    {
      "user": "深海小豚鼠",
      "date": "2017-11-17 22:27:42",
      "content": "是的，我同意"
    },
    {
      "user": "深海小豚鼠",
      "date": "2017-11-27 00:04:39",
      "content": "dpoy"
    },
    {
      "user": "大雄孩子",
      "date": "2017-11-27 13:32:47",
      "content": "无坚不摧西麦克格雷迪 表示不服"
    },
    {
      "user": "深海小豚鼠",
      "date": "2017-12-28 23:50:55",
      "content": "啥…"
    },
    {
      "user": "[已注销]",
      "date": "2018-01-14 11:36:12",
      "content": "6666666666"
    },
    {
      "user": "愤怒的软软软",
      "date": "2018-01-21 00:58:43",
      "content": "加油加油 屋里汤汤"
    },
    {
      "user": "[已注销]",
      "date": "2018-01-23 22:31:41",
      "content": "好熟悉的名字，小豚鼠"
    },
    {
      "user": "深海小豚鼠",
      "date": "2018-01-23 22:42:24",
      "content": "可能我太有名了吧"
    },
    {
      "user": "假行僧",
      "date": "2018-02-06 13:28:59",
      "content": "汤神太有意思了"
    },
    {
      "user": "深海小豚鼠",
      "date": "2018-02-12 19:04:54",
      "content": "是的"
    },
    {
      "user": "随便什么好了",
      "date": "2018-02-13 05:04:07",
      "content": "盗走图 我就走"
    },
    {
      "user": "深海小豚鼠",
      "date": "2018-02-18 00:55:39",
      "content": "好"
    },
    {
      "user": "深海小豚鼠",
      "date": "2018-08-04 09:30:14",
      "content": "^_^"
    }
  ]
}