{
  "title": "JL7",
  "topic": {
    "name": "♈咬咬183",
    "date": "2017-10-17 12:57:31",
    "content": "JL7"
  },
  "pages": [],
  "replys": [
    {
      "user": "有劲没处使",
      "date": "2017-10-17 13:15:42",
      "content": "谁？小乔丹？"
    },
    {
      "user": "♈咬咬183",
      "date": "2017-10-17 13:37:53",
      "content": "林书豪啊"
    },
    {
      "user": "pt",
      "date": "2017-10-17 23:45:37",
      "content": "林书豪投篮可以了"
    },
    {
      "user": "♈咬咬183",
      "date": "2017-10-18 07:42:29",
      "content": "对啊对啊对啊"
    },
    {
      "user": "V_Aay",
      "date": "2017-10-20 01:34:07",
      "content": "书豪的伤病看的真是痛心。喜欢能伤愈归来。"
    },
    {
      "user": "热心网友二营长",
      "date": "2017-10-20 04:40:59",
      "content": "没有新赛季了，已经确认赛季报销了"
    },
    {
      "user": "♈咬咬183",
      "date": "2017-10-20 08:49:09",
      "content": "好可惜心痛"
    },
    {
      "user": "♈咬咬183",
      "date": "2017-10-20 08:49:21",
      "content": "下次痊愈以后"
    },
    {
      "user": "我就是我",
      "date": "2017-10-20 09:49:38",
      "content": "不出意外，职业生涯也就差不多了。3年打37场"
    },
    {
      "user": "VickyM",
      "date": "2017-10-20 10:04:37",
      "content": "希望书豪能够健康归来 祈祷"
    },
    {
      "user": "♈咬咬183",
      "date": "2017-10-20 14:03:24",
      "content": "对啊，希望"
    },
    {
      "user": "♈咬咬183",
      "date": "2017-10-20 14:03:57",
      "content": "不至于这么悲哀，他的路还长着呢"
    }
  ]
}