{
  "title": "开幕战实在精彩！",
  "topic": {
    "name": "翻脸猴子",
    "date": "2017-10-18 14:00:17",
    "content": "开幕战实在精彩！"
  },
  "pages": [],
  "replys": [
    {
      "user": "抱着嫦娥烤玉兔",
      "date": "2017-10-18 16:45:48",
      "content": "我的心脏病要犯了，起伏像是过山车"
    },
    {
      "user": "未来",
      "date": "2017-10-18 16:51:07",
      "content": "保罗在火箭体系感觉毫无用处"
    },
    {
      "user": "翻脸猴子",
      "date": "2017-10-18 16:55:22",
      "content": "这剧本实在精彩！"
    },
    {
      "user": "翻脸猴子",
      "date": "2017-10-18 16:56:06",
      "content": "毕竟有伤，再看几场吧，希望能磨合到一起去。"
    },
    {
      "user": "抱着嫦娥烤玉兔",
      "date": "2017-10-18 17:01:45",
      "content": "保罗防守很好，早早让库里陷入犯规麻烦下去了"
    }
  ]
}