{
  "title": "有时比赛的胜负真的是由裁判决定的",
  "topic": {
    "name": "LLLL",
    "date": "2017-10-22 13:09:06",
    "content": "有时比赛的胜负真的是由裁判决定的"
  },
  "pages": [],
  "replys": [
    {
      "user": "perhaps",
      "date": "2017-10-22 18:37:17",
      "content": "说得有道理"
    },
    {
      "user": "小黄豆",
      "date": "2017-10-23 07:17:55",
      "content": "所以说联盟想让谁赢，谁就能赢！"
    },
    {
      "user": "LLLL",
      "date": "2017-10-23 10:31:30",
      "content": "群众的眼睛是雪亮的😁"
    },
    {
      "user": "LLLL",
      "date": "2017-10-23 10:34:11",
      "content": "我不愿意承认是这样的，但到季后赛总决赛更明显，总能打到抢七"
    },
    {
      "user": "小黄豆",
      "date": "2017-10-23 11:04:03",
      "content": "对，像骑士的总冠军"
    },
    {
      "user": "LLLL",
      "date": "2017-10-23 11:12:07",
      "content": "哈哈😄，我其实就想说这个"
    },
    {
      "user": "青猫",
      "date": "2017-10-23 11:39:08",
      "content": "竖中指还冤枉。。冲谁甩牙套都是T吧。。"
    },
    {
      "user": "LLLL",
      "date": "2017-10-23 12:14:11",
      "content": "他是在比自己的戒指吧，摔牙套是可以给T"
    },
    {
      "user": "青猫",
      "date": "2017-10-23 12:51:30",
      "content": "比戒指。。。哈哈哈。。。这个理由满分。。"
    },
    {
      "user": "爱神守护",
      "date": "2017-10-23 12:59:27",
      "content": "得罪特朗普了"
    },
    {
      "user": "LLLL",
      "date": "2017-10-23 13:01:19",
      "content": "每一个人看待同一件事的角度不一样，结果也不一样"
    },
    {
      "user": "LLLL",
      "date": "2017-10-23 13:04:19",
      "content": "哈哈，这个理由不错"
    },
    {
      "user": "青猫",
      "date": "2017-10-23 13:08:02",
      "content": "不是勇密也不是勇黑。。客观评价罢了。。作为nba来说，那个手势肯定是有问题的，毕竟现在摇手指都不允许。。。"
    },
    {
      "user": "LLLL",
      "date": "2017-10-23 13:12:56",
      "content": "嗯，或许我是带感情色彩了，😭"
    },
    {
      "user": "笑看人生",
      "date": "2017-10-23 13:13:47",
      "content": "现在的NBA没有一点血性！体毛犯规，越来越不好看，强的太强，弱的太弱。"
    },
    {
      "user": "LLLL",
      "date": "2017-10-23 13:35:43",
      "content": "作为女生不想看太血性的，不过强的太强弱的太弱是没啥意思了，总决赛每次都是骑士和勇士也看烦了"
    },
    {
      "user": "笑看人生",
      "date": "2017-10-23 15:12:28",
      "content": "季后赛只有那么多场球赛，还是希望常规赛有观赏性，但是现在常规赛实力相当的比赛太少了，强队打弱，弱队对弱队看着没意思。"
    },
    {
      "user": "dangerous",
      "date": "2017-10-23 15:20:04",
      "content": "裁判MV胖"
    },
    {
      "user": "LLLL",
      "date": "2017-10-23 15:20:29",
      "content": "嗯，是，我很讨厌三节打卡下班的"
    },
    {
      "user": "不黑",
      "date": "2017-10-23 15:25:52",
      "content": "其实不管是不是比手指，就算是比戒指也是有挑衅性质的。"
    },
    {
      "user": "LLLL",
      "date": "2017-10-23 15:26:23",
      "content": "没明白"
    },
    {
      "user": "dangerous",
      "date": "2017-10-23 16:04:52",
      "content": "裁判MVP！！！"
    },
    {
      "user": "LLLL",
      "date": "2017-10-23 16:14:04",
      "content": "😄"
    },
    {
      "user": "Mike",
      "date": "2017-10-23 16:16:09",
      "content": "别的球队输了，老大背锅，勇士输球，第一是教练背锅，第二是裁判背锅……"
    },
    {
      "user": "笑看人生",
      "date": "2017-10-23 16:41:31",
      "content": "我最不喜欢看勇士的比赛！"
    },
    {
      "user": "LLLL",
      "date": "2017-10-23 16:46:21",
      "content": "这就不用告诉我了，干嘛刺激我"
    },
    {
      "user": "LLLL",
      "date": "2017-10-23 16:55:01",
      "content": "大家好像没有这么不理性吧，任何输球都是一个球队整体的原因，无论老大还是教练，都是这个球队的组成部分，但有时候教练这个因素很奇妙，虽然教练这判法客观说是没毛病，但不舒服，当然也怪球员自己没控制好自己的情绪"
    },
    {
      "user": "笑看人生",
      "date": "2017-10-23 20:53:46",
      "content": "你喜欢哪个队？"
    },
    {
      "user": "LLLL",
      "date": "2017-10-23 21:20:47",
      "content": "惭愧，有个人说我这不叫球迷叫粉丝，我喜欢库里，当然就喜欢勇士喽！"
    },
    {
      "user": "笑看人生",
      "date": "2017-10-24 07:02:58",
      "content": "我个人不喜欢勇士，因为杜兰特更加不喜欢了。"
    },
    {
      "user": "LLLL",
      "date": "2017-10-24 08:07:41",
      "content": "那你原本不喜欢勇士的原因呢？我也不太喜欢杜兰特，但是打的确实不错，来勇士就是勇士的成员就没那么讨厌他，不希望他续签"
    },
    {
      "user": "笑看人生",
      "date": "2017-10-24 12:13:40",
      "content": "看了多年NBA从没关注过勇士，虽然他现在是强队还是不喜欢他，杜兰特在雷霆时我挺喜欢他的，但是感觉他加盟勇士让人有点讨厌，勇士可是刚刚打败了自己的球队，你转过头就加入！"
    },
    {
      "user": "我要的阳光。",
      "date": "2017-10-24 20:49:04",
      "content": "零容忍啊，面朝裁判甩牙套怎么都得驱逐，这要不给驱逐就说不过去了。。。之前威少暂停时间不小心传球砸到裁判头，也让驱逐了。。当年邓肯最出名的，场下笑了笑就让驱逐了。"
    },
    {
      "user": "天涯路远",
      "date": "2017-10-26 08:48:49",
      "content": "联盟毕竟是商业组织，利益至上"
    },
    {
      "user": "mark",
      "date": "2017-10-28 17:33:39",
      "content": "比赛最后时刻都是关键一投，裁判太抢戏"
    }
  ]
}