{
  "title": "不是跟懂篮球 能帮我解答下么",
  "topic": {
    "name": "🌸🌸",
    "date": "2017-10-23 11:49:52",
    "content": "不是跟懂篮球 能帮我解答下么"
  },
  "pages": [],
  "replys": [
    {
      "user": "黄大胆SAMA",
      "date": "2017-10-28 17:06:03",
      "content": "现在球衣都是勾勾了"
    },
    {
      "user": "没内味儿",
      "date": "2017-10-29 09:50:44",
      "content": "阿迪好点，今年开赛到现在我已经看到两次球衣被撕烂的情况了"
    }
  ]
}