{
  "title": "哇，维金斯绝杀，够皮，真皮沙发",
  "topic": {
    "name": "陈乐乐",
    "date": "2017-10-23 09:30:04",
    "content": "哇，维金斯绝杀，够皮，真皮沙发"
  },
  "pages": [],
  "replys": [
    {
      "user": "小黄豆",
      "date": "2017-10-23 11:07:19",
      "content": "主教练不行"
    },
    {
      "user": "陈乐乐",
      "date": "2017-10-24 17:47:23",
      "content": "毫无战术体系的队伍，如果能把太阳主教练挖来也不错，毕竟太阳主教练准备放弃太阳了"
    }
  ]
}