{
  "title": "依然看好雄鹿，应该会打到东决吧。",
  "topic": {
    "name": "远方",
    "date": "2017-10-24 00:05:30",
    "content": "依然看好雄鹿，应该会打到东决吧。"
  },
  "pages": [],
  "replys": [
    {
      "user": "笑看人生",
      "date": "2017-10-24 12:15:16",
      "content": "难，感觉还是缺少深度！"
    },
    {
      "user": "远方",
      "date": "2017-10-24 12:29:01",
      "content": "在东部，帕克回归的话还是有希望的😊😊"
    },
    {
      "user": "小黄豆",
      "date": "2017-10-24 12:47:10",
      "content": "过了猛龙再说"
    },
    {
      "user": "远方",
      "date": "2017-10-24 12:53:44",
      "content": "哈哈，"
    },
    {
      "user": "喷火的哈士奇",
      "date": "2017-10-25 07:42:52",
      "content": "字母哥已然变态  角色球员再猛点就欧了"
    },
    {
      "user": "远方",
      "date": "2017-10-25 08:36:50",
      "content": "帕克不是角色球员，雄鹿版的双少🤓🤓"
    },
    {
      "user": "喷火的哈士奇",
      "date": "2017-10-25 12:16:58",
      "content": "其他的啦  帕克当然还是有可能全明星的"
    },
    {
      "user": "远方",
      "date": "2017-10-25 12:25:36",
      "content": "不知道啥时候回归啊，哎，又没有相关的新闻🤔🤔"
    },
    {
      "user": "喷火的哈士奇",
      "date": "2017-10-25 12:44:00",
      "content": "算了  还是让kid脱西装吧"
    },
    {
      "user": "远方",
      "date": "2017-10-26 10:05:06",
      "content": "😂😂😂"
    },
    {
      "user": "山治",
      "date": "2017-10-26 10:06:02",
      "content": "雷阿伦付出回密尔沃基吧"
    },
    {
      "user": "[已注销]",
      "date": "2017-10-26 14:27:51",
      "content": "这只是开赛几天而已，赛季末再看看吧。能进季后赛，东决难"
    },
    {
      "user": "远方",
      "date": "2017-10-26 21:24:55",
      "content": "可以有，做基德的助理教练，开发字母哥的三分😍😍"
    },
    {
      "user": "远方",
      "date": "2017-10-26 21:25:17",
      "content": "期待"
    },
    {
      "user": "黄大胆SAMA",
      "date": "2017-10-28 17:01:19",
      "content": "凯尔特人，猛龙，奇才实力都在雄鹿之上，但是我觉得还是有希望冲击的，毕竟字母哥的天赋在那里，话又说回来全联盟都在投三分，雄鹿还是不太顺应潮流"
    },
    {
      "user": "远方",
      "date": "2017-10-28 17:27:55",
      "content": "期待帕克回归后的雄鹿😍😍"
    }
  ]
}