{
  "title": "勇士还浪的起来吗？",
  "topic": {
    "name": "回归",
    "date": "2017-10-30 13:28:35",
    "content": "勇士还浪的起来吗？"
  },
  "pages": [],
  "replys": [
    {
      "user": "NIKO",
      "date": "2017-10-30 13:53:41",
      "content": "赛季才刚刚开始，输几场不要紧，不受伤就好。7场赛制，勇士还是很强的"
    },
    {
      "user": "远方",
      "date": "2017-10-30 21:12:47",
      "content": "勇士不要紧，要紧的是骑士。🤔🤔"
    }
  ]
}