{
  "title": "可能是个假的西部",
  "topic": {
    "name": "TeddyNick",
    "date": "2017-10-31 18:32:40",
    "content": "可能是个假的西部"
  },
  "pages": [],
  "replys": [
    {
      "user": "Delin~",
      "date": "2017-10-31 21:17:29",
      "content": "有同感，估计又被诅咒了，不是伤病就是打铁"
    },
    {
      "user": "[已注销]",
      "date": "2017-11-01 07:58:28",
      "content": "赛季初而已，中后期就显示出差距了"
    }
  ]
}