{
  "title": "有要在杨浦阿里网球场请教练一起学习的吗？",
  "topic": {
    "name": "盼俊羽",
    "date": "2017-11-06 15:30:33",
    "content": "有要在杨浦阿里网球场请教练一起学习的吗？"
  },
  "pages": [],
  "replys": [
    {
      "user": "网球钟教练",
      "date": "2017-11-08 11:56:00",
      "content": "动作标准至关重要，一是击球自己不受伤，二是姿态优美"
    },
    {
      "user": "盼俊羽",
      "date": "2017-12-05 14:06:02",
      "content": "对的，我认同。谢谢。"
    },
    {
      "user": "wxy",
      "date": "2017-12-05 15:34:54",
      "content": "所以教练水平好坏更重要。问题是一个新手又如何能辨别出教练的水平高低呢？"
    }
  ]
}