{
  "title": "大家来分析一下",
  "topic": {
    "name": "克里斯保罗",
    "date": "2017-11-22 23:18:08",
    "content": "大家来分析一下"
  },
  "pages": [],
  "replys": [
    {
      "user": "小乔",
      "date": "2017-11-22 23:37:43",
      "content": "一样的对阵"
    },
    {
      "user": "克里斯保罗",
      "date": "2017-11-22 23:39:16",
      "content": "什么意思"
    },
    {
      "user": "小乔",
      "date": "2017-11-22 23:40:58",
      "content": "和上一年一样呗"
    },
    {
      "user": "克里斯保罗",
      "date": "2017-11-22 23:49:49",
      "content": "不看好火箭和凯尔特人吗"
    },
    {
      "user": "小乔",
      "date": "2017-11-23 00:02:10",
      "content": "虽然火箭也很强，但是西部感觉勇士的地位还是比较难撼动的"
    },
    {
      "user": "小乔",
      "date": "2017-11-23 00:03:19",
      "content": "东部的话我其实看好凯尔特人，不过我是皇帝的球迷～哈哈"
    },
    {
      "user": "克里斯保罗",
      "date": "2017-11-23 07:56:43",
      "content": "骑士的年龄都偏老，这个是个问题，卢教也是瞎指挥战术"
    },
    {
      "user": "小乔",
      "date": "2017-11-23 09:35:02",
      "content": "年龄较大，球员晋级水平降低，防守进攻没有年轻人那么积极。泰卢斯也是挺无奈的，詹姆斯不在场这队就不会打了，只能期待小刺客复出看能不能盘活全队了，不然真没戏"
    },
    {
      "user": "言叶",
      "date": "2017-11-23 10:20:56",
      "content": "骑士需要一个黑贝或者斯玛特那样的人。。"
    },
    {
      "user": "克里斯保罗",
      "date": "2017-11-23 13:12:21",
      "content": "后防线太老了"
    },
    {
      "user": "克里斯保罗",
      "date": "2017-11-23 13:12:37",
      "content": "是啊"
    },
    {
      "user": "大雄孩子",
      "date": "2017-11-23 17:00:50",
      "content": "勇士 凯子 如果西决勇士伤病 窝火有希望"
    },
    {
      "user": "大雄孩子",
      "date": "2017-11-23 17:03:46",
      "content": "总冠军勇士35%凯子25% 火箭15% 骑士10%马刺5% 其他10%"
    },
    {
      "user": "老实人",
      "date": "2017-11-23 17:05:50",
      "content": "和勇士对决怕是窝火会有伤病哦"
    },
    {
      "user": "克里斯保罗",
      "date": "2017-11-23 17:05:53",
      "content": "今年真的是群雄逐鹿的一年，都有机会"
    },
    {
      "user": "大雄孩子",
      "date": "2017-11-23 17:12:46",
      "content": "今年各区八强的后四会竞争激烈 东西决看好 勇士 火箭 凯子和骑士 东部这两队没有伤病问题应该不出意外，如果海伍德季后半决赛之前能复出，凯子就很可怕了，西部半决影响因素 在于马刺和雷霆身上，尤其马刺如果对上火箭 火箭必死，对上勇士两败俱伤，雷霆后期如果磨合好或者换主教练也是很可怕的"
    },
    {
      "user": "克里斯保罗",
      "date": "2017-11-23 17:15:52",
      "content": "海沃德回来后又需要重新磨合，还是看看凯子产生的化学反应怎么样"
    },
    {
      "user": "大雄孩子",
      "date": "2017-11-23 17:18:27",
      "content": "火箭内线和替补硬伤 如果德隆巴恩斯能来 或者大卫李不退役 缺乏一个有经验的内线 内内季后赛伤病 体力会跟不上 安德森太软 卡佩拉粗糙 如果能换来小乔丹或者高波特"
    },
    {
      "user": "大雄孩子",
      "date": "2017-11-23 17:22:55",
      "content": "所以海沃德如果半决赛回来 还能用 布朗其实我去年就看好他了，塔图姆比意外的好 适合凯队球风 莫里斯复出后凯队先发除了欧文都是2米出头的 很适合现在的球风"
    },
    {
      "user": "[已注销]",
      "date": "2017-11-23 17:24:17",
      "content": "一样的剧本，勇士VS骑士4.0版本"
    },
    {
      "user": "大雄孩子",
      "date": "2017-11-23 17:25:37",
      "content": "凯尔特人的年轻，霍福德和莫里斯的伤病 江是凯尔特人的主要制约"
    },
    {
      "user": "[已注销]",
      "date": "2017-11-23 17:27:06",
      "content": "请不要忘记季后赛的杜兰特是什么水平，简直就是联盟第一人，勇士没伤病的话，很难会输球"
    },
    {
      "user": "大雄孩子",
      "date": "2017-11-23 17:27:56",
      "content": "骑士就看托马斯复出后和詹姆斯的兼容性，另外卡戴珊的魔咒 卢指导是限制骑士的主要因素"
    },
    {
      "user": "大雄孩子",
      "date": "2017-11-23 17:31:24",
      "content": "勇士在于球风被联盟适应 另外追逐总冠军的心和big4的健康 是制约因素"
    },
    {
      "user": "P!nk",
      "date": "2017-11-24 20:53:26",
      "content": "卡哇伊复出后的马刺也会很可怕"
    },
    {
      "user": "大雄孩子",
      "date": "2017-11-24 21:27:01",
      "content": "加索尔 帕克 吉诺比利都老了 gay和阿尔祖利奇难堪大用"
    },
    {
      "user": "P!nk",
      "date": "2017-11-24 21:32:25",
      "content": "我不是说了还有卡哇伊嘛，去年要不是他伤了，勇士能不能得冠军难说呢"
    },
    {
      "user": "大雄孩子",
      "date": "2017-11-24 21:46:46",
      "content": "没发现别的人都老了一岁了么 另外马刺强的是体系 卡哇伊放到别的队是很难有这个数据的 卡哇伊缺乏自己持球进攻的能力 季后赛的强度需要有关键时候出来砍分的，卡哇伊强在他对得分手的锁定，和在马刺进攻体系下的得分能力  马刺一旦半决赛对上勇士 如果都没有伤病，勇士6局解决问题"
    },
    {
      "user": "P!nk",
      "date": "2017-11-24 21:55:11",
      "content": "拭目以待吧！"
    },
    {
      "user": "大雄孩子",
      "date": "2017-11-24 22:09:53",
      "content": "其实特别希望看勇士打马刺"
    },
    {
      "user": "克里斯保罗",
      "date": "2017-11-24 23:45:25",
      "content": "还是希望所有球员远离伤病，今年的伤病真的是猛如虎"
    },
    {
      "user": "不掳私bruce",
      "date": "2017-11-25 20:32:36",
      "content": "一定又是骑勇的天下"
    },
    {
      "user": "P!nk",
      "date": "2017-12-02 22:23:43",
      "content": "勇士打不过，真的"
    },
    {
      "user": "可乐",
      "date": "2017-12-06 21:06:12",
      "content": "全员打健康的马刺第一场差点被教做人这么快就忘了？"
    },
    {
      "user": "[已注销]",
      "date": "2017-12-07 07:19:14",
      "content": "整天说这种屁话，伤病就是体育的一部分，事实上马刺被横扫了，整天活在梦里"
    }
  ]
}