{
  "title": "足坛球星童年照大曝光！总有一张你认不出...",
  "topic": {
    "name": "小仙女",
    "date": "2017-11-27 10:50:53",
    "content": "足坛球星童年照大曝光！总有一张你认不出..."
  },
  "pages": [],
  "replys": [
    {
      "user": "冰滴先生",
      "date": "2017-12-09 11:33:16",
      "content": "根据有限的内容，给出个人的答案1、伊涅斯塔  2、布冯或切赫  3、莫德里奇 4、梅西  5、里贝里 6 难度大，空 7、内马尔(内少)   8、拉姆  9、皮克 10贝克汉姆(小贝)  11、本泽马  12、罗纳尔迪尼奥"
    },
    {
      "user": "T1–324",
      "date": "2017-12-09 15:55:40",
      "content": "6是伊布吧"
    },
    {
      "user": "冰滴先生",
      "date": "2017-12-31 06:19:31",
      "content": "你给的答案应该是对的。"
    }
  ]
}