{
  "title": "今年冠军是火箭",
  "topic": {
    "name": "NBA交流",
    "date": "2017-12-12 17:05:25",
    "content": "今年冠军是火箭"
  },
  "pages": [],
  "replys": [
    {
      "user": "[已注销]",
      "date": "2017-12-12 17:33:32",
      "content": "最多西决…"
    },
    {
      "user": "阿不呆",
      "date": "2017-12-12 17:39:30",
      "content": "季后赛，德安东尼的九人轮换。。。。。。画美不看"
    },
    {
      "user": "[已注销]",
      "date": "2017-12-13 11:41:28",
      "content": "这个关注度最高是怎么来的？"
    }
  ]
}