{
  "title": "盘点世界杯二档球队：瑞士队世界杯的发展史",
  "topic": {
    "name": "小仙女",
    "date": "2017-12-11 16:27:18",
    "content": "盘点世界杯二档球队：瑞士队世界杯的发展史"
  },
  "pages": [],
  "replys": [
    {
      "user": "今天地",
      "date": "2017-12-11 17:20:23",
      "content": "看来没什么遇到什么强敌，实力应该不如同组的塞尔维亚"
    },
    {
      "user": "小米虫",
      "date": "2017-12-11 17:30:12",
      "content": "对瑞士🇨🇭路转粉"
    }
  ]
}