{
  "title": "Mamba out",
  "topic": {
    "name": "青春何处安放",
    "date": "2017-12-19 20:05:30",
    "content": "Mamba out"
  },
  "pages": [],
  "replys": [
    {
      "user": "0551",
      "date": "2017-12-19 20:06:27",
      "content": "thank you kobe"
    },
    {
      "user": "S",
      "date": "2017-12-23 19:48:14",
      "content": "我看球是从2013年总决赛开始的，而那时候科比跟腱撕裂赛季报销了，没见过巅峰科比，好可惜。"
    },
    {
      "user": "[已注销]",
      "date": "2017-12-23 22:12:42",
      "content": "图2收藏了"
    },
    {
      "user": "青春何处安放",
      "date": "2017-12-24 16:42:13",
      "content": "十几年的科密 去年最后一场哭成狗"
    }
  ]
}