{
  "title": "有没有踢球的女孩子呀",
  "topic": {
    "name": "YT.💋",
    "date": "2017-12-21 21:21:15",
    "content": "有没有踢球的女孩子呀"
  },
  "pages": [],
  "replys": [
    {
      "user": "天天天晴",
      "date": "2017-12-23 22:32:19",
      "content": "足球是体育选修课，颠球是考试内容，差不多挂了"
    },
    {
      "user": "🐻",
      "date": "2017-12-25 21:03:59",
      "content": "先拿在手上 放下去 再向上踢到手上 慢慢重复 祝你补考过⛽️"
    },
    {
      "user": "[已注销]",
      "date": "2017-12-25 21:09:49",
      "content": "足球课上分队比赛，我从本方后场直接吊门进了一球，颠球前老师说不用测了。"
    },
    {
      "user": "天天天晴",
      "date": "2017-12-25 21:27:53",
      "content": "谢谢，我会努力过的"
    },
    {
      "user": "天天天晴",
      "date": "2017-12-25 21:29:32",
      "content": "我绕杆射门被老师判为D，感觉对足球没有爱了"
    },
    {
      "user": "🐻",
      "date": "2017-12-25 21:29:48",
      "content": "厉害了👍"
    },
    {
      "user": "🐻",
      "date": "2017-12-25 21:30:01",
      "content": "过了记得告诉我"
    },
    {
      "user": "天天天晴",
      "date": "2017-12-25 21:33:11",
      "content": "好，等我好消息"
    },
    {
      "user": "天天天晴",
      "date": "2017-12-26 12:44:39",
      "content": "勉强过了，老师说我成绩很稳定😂"
    },
    {
      "user": "🐻",
      "date": "2017-12-26 18:00:01",
      "content": "嗯 挺好"
    },
    {
      "user": "米兹",
      "date": "2018-01-01 23:01:21",
      "content": "我倒是想，但是一点都不了解。麻烦你能科普下么。比如每个人该干什么呀。规则啊。"
    },
    {
      "user": "Yuan",
      "date": "2018-01-09 09:10:58",
      "content": "有"
    },
    {
      "user": "Ellis",
      "date": "2018-03-07 01:38:16",
      "content": "绵阳的女队友哇 😂"
    },
    {
      "user": "苏打水",
      "date": "2018-03-07 18:05:52",
      "content": "踢过一学期这样。。感觉很有趣 现在快毕业了 感觉以后估计没机会了"
    }
  ]
}