{
  "title": "致敬卡卡：上帝之子！一生红黑！",
  "topic": {
    "name": "下雨不打伞00",
    "date": "2017-12-19 14:20:36",
    "content": "致敬卡卡：上帝之子！一生红黑！"
  },
  "pages": [],
  "replys": [
    {
      "user": "雨从青野上山来",
      "date": "2017-12-29 21:10:25",
      "content": "优雅的杀手，就此落幕"
    },
    {
      "user": "阿川",
      "date": "2017-12-29 21:28:56",
      "content": "卡卡是我心中永远的王子。"
    },
    {
      "user": "铁掌无敌左冷禅",
      "date": "2017-12-29 21:30:08",
      "content": "有点发的太多了，卡卡不该去皇马否则成就会更高，可惜了"
    },
    {
      "user": "如云",
      "date": "2018-01-02 18:41:20",
      "content": "曾经的青春岁月有你相伴～"
    }
  ]
}