{
  "title": "韦德：NBA现役装逼之王",
  "topic": {
    "name": "BallU",
    "date": "2017-12-28 10:46:46",
    "content": "NBA球星装逼层级：一档叫韦德装逼一档其他人装逼其实装逼分为三种境界：第一种浅显浮躁一眼被人看穿尼克扬装逼失败第二种\n华丽惊艳让人不得不服库里勉扣成功第三种无色无味浑然天成人与装逼合二为一——比如韦德跟库里不一样的是库里装逼有点呆萌骚韦装出来的是天马行空就跟读李白的诗感觉一样卧槽这个逼装得我佩服花样繁多，从不重复各有意义，单人多人自嗨群嗨，件件拿手跟球迷演示什么叫做\"百科全书一般的装逼 \"论进球庆祝装B表演你韦说第二无人称第一韦德装的逼和别人不一样他装的刚刚好湿润有弹性有深度不过分不张扬正所谓是逼界里的最高境界他的装逼动作\n浑然天成，行云流水就跟他那骚气的上篮一样很多时候篮筐都看不到XJB一扔就进了韦德是现役里为数不多可以套得上霸气四射四个字的球员很多庆祝的姿势和动作一半是装逼一半是挑衅直接对对手造成大量心理打击骚韦在球场的装逼不仅包含了霸道和挑衅又有一股傲气在主场与公牛队的比赛中最后时刻抢断并且中场骑马射箭完成绝杀绝杀后冲到技术台上大喊：\" This is my house！\"难怪在NBA逼界有这么一句话：\n天下进球后装逼技能有一石而韦德独占八斗逼王之王的名头真不是虚的\n年轻时装逼成瘾现在由于年纪和伤病种种原因装逼量减少各项身体机能下降无法支撑他以往那种极具冲击性的打法本赛季虽然加入了骑士但英雄也迈不过伤病和年龄甘愿成为球队第六人场均得分也是职业生涯新低\n曾经让了联盟一对半月板的你或许状态会随着时间慢慢下滑偶尔的扣篮失败也提醒我不能连着两个晚上通宵了那年的闪电侠装逼如风陪伴了我一个又一个年少的午后现在你浪不动了 数据下滑了可只要你在的球场依然是我心中的全场最骚其实我们都不希望你老去毕竟你的张狂代表了我整个青春最近韦德表示身体状态已经越来越好强调自己还是个年轻的小伙子我想说嘿兄弟，这可真好愿你永远年轻永远骚气蓬勃\n永恒的3号Dwyane Wade"
  },
  "pages": [],
  "replys": [
    {
      "user": "未满",
      "date": "2017-12-28 19:37:19",
      "content": "啧啧啧"
    },
    {
      "user": "[已注销]",
      "date": "2017-12-29 10:17:12",
      "content": "666"
    },
    {
      "user": "蹲小僵尸蹲",
      "date": "2017-12-31 18:59:53",
      "content": "哈哈哈笑死我了"
    },
    {
      "user": "狗吧你是",
      "date": "2018-01-02 22:55:49",
      "content": "牛逼，大爱骚韦!"
    },
    {
      "user": "荒野世家",
      "date": "2018-01-17 00:27:35",
      "content": "大爱我韦，"
    }
  ]
}