{
  "title": "吹一波今天的破骑吧",
  "topic": {
    "name": "请瘦",
    "date": "2018-01-16 16:01:35",
    "content": "差了十分，打的还是比较焦灼，不过太累了，骑士打的是个人篮球，勇士打的是团队篮球"
  },
  "pages": [],
  "replys": [
    {
      "user": "可乐",
      "date": "2018-01-16 17:55:30",
      "content": "防守天坑，尤其IT和TT。"
    },
    {
      "user": "[已注销]",
      "date": "2018-01-22 11:54:25",
      "content": "被猛龙爆了148分，卢指导要你何用"
    },
    {
      "user": "我要的阳光。",
      "date": "2018-01-22 19:25:38",
      "content": "我是个詹黑，但我也没你黑的厉害"
    },
    {
      "user": "热心网友二营长",
      "date": "2018-01-23 02:32:17",
      "content": "是被雷霆拿了148分，楼上的张嘴就来……"
    }
  ]
}