{
  "title": "格里芬和泡椒没进全明星还是有点可惜",
  "topic": {
    "name": "山外小楼听夜雨",
    "date": "2018-01-28 08:47:23",
    "content": "今年期待杜兰特双MVP"
  },
  "pages": [],
  "replys": [
    {
      "user": "青猫",
      "date": "2018-01-28 08:48:54",
      "content": "格里芬就算了吧。。"
    },
    {
      "user": "青猫",
      "date": "2018-01-28 08:48:54",
      "content": "格里芬就算了吧。。"
    },
    {
      "user": "山外小楼听夜雨",
      "date": "2018-01-28 08:50:26",
      "content": "这两年确实没有之前好"
    },
    {
      "user": "Stephen先生",
      "date": "2018-01-30 17:49:36",
      "content": "泡椒进了"
    },
    {
      "user": "22",
      "date": "2018-01-30 20:10:18",
      "content": "期待我詹詹嘻嘻"
    },
    {
      "user": "山外小楼听夜雨",
      "date": "2018-01-31 08:10:38",
      "content": "可以的补位，不用过今年鹈鹕有点惨"
    },
    {
      "user": "山外小楼听夜雨",
      "date": "2018-01-31 08:11:39",
      "content": "老汉一如既往地不错，我觉得他马上要破季后赛得分记录了"
    }
  ]
}