{
  "title": "哈哈哈，麦科勒姆，没有不尊重，只是没忍住…",
  "topic": {
    "name": "魑魅魍魉",
    "date": "2018-02-01 16:40:57",
    "content": "今天麦科勒姆大杀四方，看到一张他小时候的照片，太励志了…不过喜感太强。"
  },
  "pages": [],
  "replys": [
    {
      "user": "呛司",
      "date": "2018-02-02 17:05:07",
      "content": "哈哈哈，哪儿来的图片，笑死了"
    },
    {
      "user": "魑魅魍魉",
      "date": "2018-02-02 21:11:32",
      "content": "看体育新闻的插图…哈"
    }
  ]
}