{
  "title": "你认为本赛季的火箭能走多远？",
  "topic": {
    "name": "紫色精灵虫",
    "date": "2018-02-03 07:39:43",
    "content": "火箭赛季开始来了保罗，赛季中补强了板凳格林，实力提升了很多排名西部第二，那么各位认为火箭在季后赛能走多远？保罗能不能冲破诅咒到西决？"
  },
  "pages": [],
  "replys": [
    {
      "user": "假行僧",
      "date": "2018-02-06 13:23:11",
      "content": "西决"
    },
    {
      "user": "北岛彻",
      "date": "2018-02-10 12:22:57",
      "content": "西决，看好火箭雷霆，就看谁能狙击勇士了"
    },
    {
      "user": "为你写诗",
      "date": "2018-02-10 12:44:25",
      "content": "稳住"
    },
    {
      "user": "长老。",
      "date": "2018-02-11 16:01:49",
      "content": "总冠军。"
    },
    {
      "user": "nweispace",
      "date": "2018-02-11 17:15:26",
      "content": "西决"
    },
    {
      "user": "机智如我冯宝宝",
      "date": "2018-02-11 18:40:11",
      "content": "西决"
    },
    {
      "user": "未满",
      "date": "2018-02-11 21:46:37",
      "content": "西决"
    },
    {
      "user": "梅尔基亚德斯",
      "date": "2018-02-12 18:17:46",
      "content": "湖人总冠军"
    },
    {
      "user": "东楼公子",
      "date": "2018-02-13 14:35:46",
      "content": "谁赢西决，谁基本锁定总冠军了吧"
    },
    {
      "user": "新征程",
      "date": "2018-02-16 01:55:12",
      "content": "我是火蜜，但是勇士很难搞"
    },
    {
      "user": "[已注销]",
      "date": "2018-02-18 11:03:33",
      "content": "啃马刺和勇士。"
    },
    {
      "user": "杏鲍菇和胖头鱼",
      "date": "2018-02-19 22:09:43",
      "content": "特别希望火箭能拿总冠军"
    },
    {
      "user": "MoonZiggy",
      "date": "2018-03-05 21:31:20",
      "content": "西决，勇士常规赛压根没好好打"
    },
    {
      "user": "难得糊涂",
      "date": "2018-03-05 22:57:14",
      "content": "外强中干"
    },
    {
      "user": "三都 主",
      "date": "2018-03-06 00:45:10",
      "content": "起码要进个总决赛吧"
    },
    {
      "user": "何来的自信啊",
      "date": "2018-03-06 07:09:52",
      "content": "西决"
    },
    {
      "user": "HOP球衣",
      "date": "2018-03-06 14:31:00",
      "content": "金州勇士一直难搞啊"
    },
    {
      "user": "梅尔基亚德斯",
      "date": "2018-03-07 21:52:16",
      "content": "跟我一起念，湖人总冠军"
    },
    {
      "user": "飞云之下",
      "date": "2018-03-07 22:05:01",
      "content": "刺迷觉得西部决赛"
    },
    {
      "user": "紫色精灵虫",
      "date": "2018-03-08 14:46:48",
      "content": "雷霆是不行了"
    },
    {
      "user": "紫色精灵虫",
      "date": "2018-03-08 14:47:04",
      "content": "我也觉得西决"
    },
    {
      "user": "紫色精灵虫",
      "date": "2018-03-08 14:47:16",
      "content": "😂😂有点难"
    },
    {
      "user": "紫色精灵虫",
      "date": "2018-03-08 14:47:50",
      "content": "☺☺不把我绿凯放眼里？"
    },
    {
      "user": "紫色精灵虫",
      "date": "2018-03-08 14:48:27",
      "content": "马刺不行了，我狗刺季后赛一轮困难"
    },
    {
      "user": "紫色精灵虫",
      "date": "2018-03-08 14:48:52",
      "content": "哈哈哈哈😄"
    },
    {
      "user": "[已注销]",
      "date": "2018-03-08 16:25:29",
      "content": "我刺肿么了"
    },
    {
      "user": "北岛彻",
      "date": "2018-03-08 16:42:42",
      "content": "放眼西部，我觉得从对位上讲，有罗伯森的雷霆对勇士是最有希望的😂我火还保持这样轮换的话，饼王一个伤病就完了。。"
    },
    {
      "user": "紫色精灵虫",
      "date": "2018-03-13 08:06:48",
      "content": "😂😂我现在担心我刺季后赛都困难"
    },
    {
      "user": "紫色精灵虫",
      "date": "2018-03-13 08:07:34",
      "content": "现在小胡子也不是八人轮换了"
    },
    {
      "user": "[已注销]",
      "date": "2018-03-13 09:12:09",
      "content": "我刺真的老了！"
    },
    {
      "user": "野望",
      "date": "2018-03-13 09:25:27",
      "content": "西决！"
    },
    {
      "user": "紫色精灵虫",
      "date": "2018-03-13 09:58:00",
      "content": "这赛季的最低目标"
    },
    {
      "user": "小浩loft",
      "date": "2018-03-18 22:16:28",
      "content": "西决估计会被勇士4:1干掉"
    },
    {
      "user": "你好2018",
      "date": "2018-03-19 23:37:15",
      "content": "第一轮被马刺黑八"
    },
    {
      "user": "[已注销]",
      "date": "2018-03-25 12:33:36",
      "content": "火蜜表示，今年能进西决就已经心满意足"
    },
    {
      "user": "沉默是金",
      "date": "2018-03-25 12:52:11",
      "content": "西部半决赛"
    },
    {
      "user": "[已注销]",
      "date": "2018-03-26 19:00:31",
      "content": "我赌总冠军"
    }
  ]
}