{
  "title": "看马刺比赛看的我揪心",
  "topic": {
    "name": "一别两宽",
    "date": "2018-03-11 11:20:09",
    "content": "这个赛季真的是太惨了，现在真的处于求生模式，看一场揪一场😭"
  },
  "pages": [],
  "replys": [
    {
      "user": "蹲小僵尸蹲",
      "date": "2018-03-11 11:28:35",
      "content": "我也是"
    },
    {
      "user": "一别两宽",
      "date": "2018-03-11 11:32:37",
      "content": "害怕季后赛都进不去呀"
    },
    {
      "user": "紫色精灵虫",
      "date": "2018-03-14 07:55:53",
      "content": "我刺这赛季凉了"
    },
    {
      "user": "Shirley",
      "date": "2018-03-15 12:49:52",
      "content": "最低谷了"
    },
    {
      "user": "一别两宽",
      "date": "2018-03-15 12:51:30",
      "content": "希望能进季后赛呀"
    },
    {
      "user": "一别两宽",
      "date": "2018-03-15 12:51:40",
      "content": "等小卡吧！"
    },
    {
      "user": "雨过天晴",
      "date": "2018-03-15 13:05:42",
      "content": "佛系佛系，已经做好最坏打算了"
    }
  ]
}