{
  "title": "【排名】现役主流CCTV5篮球专业评论员",
  "topic": {
    "name": "Q",
    "date": "2018-04-01 11:22:30",
    "content": "大年龄组：现役现役现役的，1.王非（懂技术、爱篮球、说话谨慎，不乱bb）> 2.张指导（科蜜最爱）> 3.徐济成（本来不想排他的，尊重前辈吧，反正出头率也少了）现役主要担当组：1.于嘉 （近两年成长明显，具备独立思考和扎实的知识基础，年龄优势，参与各类篮球活动，接地气的如接球野球赛类的）≥ 2.苏群 （考虑年龄和出头率，拍于嘉后）＞3.杨毅（说话作，太喜欢夸张）> 4.杨健（毫无观点、纯附和他人、说话能力不行、喜欢随势，ps这个能力居然还能当某比赛评委）>5.刘星宇（同杨健，并且还是尬聊之王+催眠大师，声音也不好听）>6.霍楠（本来也不想排名的，冷搞笑大师，但考虑也是刚转行，多给新人些鼓励吧，希望不断进步）注：1.黄子忠nmb的滚粗好么（对不起，爆粗，实在忍不住，没法忍，不说这b了，一听是这b，再好的赛也没心情了，艹）2.王仕鹏偶尔穿插，主要是一没想专心走这条路的心，并且还没达到专业解说能力3.本排名不含张曼源等此类非专业纯。。。的（虽然就小源身材好、其它不忍直视）"
  },
  "pages": [],
  "replys": [
    {
      "user": "储心",
      "date": "2018-04-01 14:39:28",
      "content": "徐济成和霍楠实在是忍不了"
    },
    {
      "user": "储心",
      "date": "2018-04-01 14:41:48",
      "content": "最佳二人组，杨健，杨毅，杨毅能耍，杨健擅长配合，两人在一起，无敌，于嘉自我意识太强，不适合和人配合"
    },
    {
      "user": "心海微蓝",
      "date": "2018-04-01 14:45:44",
      "content": "一般看广东体育粤语解说，CCAV的主持人好像都偏帮某一方，火箭就是他们的主队"
    },
    {
      "user": "Q",
      "date": "2018-04-01 18:58:45",
      "content": "黄子忠出场，谁与争锋"
    },
    {
      "user": "Q",
      "date": "2018-04-01 19:00:18",
      "content": "腾讯那帮骚女主播也是相当搞笑其实劲爆体育的还是不错的"
    },
    {
      "user": "储心",
      "date": "2018-04-01 19:17:57",
      "content": "确实更难忍"
    }
  ]
}