{
  "title": "火箭早早锁定联盟第一！收官之战练兵为主",
  "topic": {
    "name": "jinjin",
    "date": "2018-04-12 16:01:48",
    "content": "火箭当家超级巨星詹姆斯哈登本赛季表现抢眼，带领火箭利亚卫冕冠军勇士排名联盟第一。赛季拿到65胜也打破记录，这个赛季火箭有望拿到66胜，而哈登场均可以贡献30.6分5.4篮板8.7助攻1.8抢断，数据十分全面。哈登也是本赛季MVP的最大热门人选。火箭65胜 休斯敦火箭的季后赛首轮对手也自此确定为森林狼。两队上一次在季后赛相遇要追溯到1997年，距今已经时隔21年。从火箭与森林狼本赛季四次交手来看，火箭场均可以贡献122.8分，投篮命中率50%，三分球命中率39.8%。而哈登除了首战因为刚刚伤愈复出而发挥失常之外，其余比赛都相当出彩，得分+助攻两不误。 火箭赛场投资商GGPM透露火箭与森林狼的系列赛将在当地时间本周末打响。无论从交手纪录看，还是从实力而言，火箭对森林狼都占尽上风，显然他们对上了一个“不错”的对手。对于打森林狼，休城媒体都显得非常乐观。火箭赛场投资商GGPM表示：“预计这会是一个有趣的、高得分的系列赛，也会是一个精彩的系列赛!”"
  },
  "pages": [],
  "replys": [
    {
      "user": "路灯下的小姑娘",
      "date": "2018-04-22 20:36:36",
      "content": "登哥这赛季确实牛，没得说"
    },
    {
      "user": "萝莉暴力",
      "date": "2018-05-29 09:51:51",
      "content": "叫詹姆斯的男人我都爱"
    }
  ]
}