{
  "title": "勇士球迷何在？",
  "topic": {
    "name": "黎耀辉",
    "date": "2018-05-01 17:38:17",
    "content": "明天勇士打水鸟，库里复出，大家怎么看？我先来CCTV5。佛光普照我库像智障，哈哈😳😳"
  },
  "pages": [],
  "replys": [
    {
      "user": "LLLL",
      "date": "2018-05-01 19:27:40",
      "content": "上班没办法看😩"
    },
    {
      "user": "阿喳",
      "date": "2018-05-01 19:40:04",
      "content": "想念库里"
    },
    {
      "user": "期待",
      "date": "2018-05-01 19:43:59",
      "content": "企鹅看，但是明天上班"
    },
    {
      "user": "过客",
      "date": "2018-05-01 22:30:42",
      "content": "腾讯大王卡加高级会员，手机蓝光看很舒服"
    },
    {
      "user": "[已注销]",
      "date": "2018-05-02 04:29:50",
      "content": "库里迷在这"
    },
    {
      "user": "[已注销]",
      "date": "2018-05-02 16:33:03",
      "content": "4:0，没的说"
    },
    {
      "user": "球球",
      "date": "2018-05-02 17:01:18",
      "content": "傻库打替补carry了o>_\n回应\n赞\n删除\n来自 豆瓣App"
    },
    {
      "user": "[已注销]",
      "date": "2018-05-03 11:36:35",
      "content": "傻库爆了"
    },
    {
      "user": "[已注销]",
      "date": "2018-05-04 00:55:57",
      "content": "帖子都没人"
    },
    {
      "user": "这妖风",
      "date": "2018-05-04 00:57:54",
      "content": "76人总冠军"
    },
    {
      "user": "胖了么",
      "date": "2018-05-04 21:17:10",
      "content": "再下一城，鹈鹕打出了GG"
    }
  ]
}