{
  "title": "大家来猜一猜，今年西部决赛勇士和火箭大比分是多少?",
  "topic": {
    "name": "Gnefiew",
    "date": "2018-05-05 23:12:01",
    "content": ""
  },
  "pages": [],
  "replys": [
    {
      "user": "我要的阳光。",
      "date": "2018-05-05 23:47:12",
      "content": "火箭2/4勇士"
    },
    {
      "user": "清溪一道穿桃李",
      "date": "2018-05-06 00:09:13",
      "content": "我不管，猛龙总冠军！"
    },
    {
      "user": "金鞍玉勒寻芳客",
      "date": "2018-05-06 00:55:39",
      "content": "猛龙被4:0"
    },
    {
      "user": "红枣",
      "date": "2018-05-06 01:08:38",
      "content": "4.3"
    },
    {
      "user": "可乐",
      "date": "2018-05-06 13:21:34",
      "content": "？？？不是鹈鹕vs爵士吗？我看好爵士4:2鹈鹕，创造第二个新秀带队打总决赛的神话！"
    },
    {
      "user": "徐败摆",
      "date": "2018-05-08 16:49:10",
      "content": "3:4"
    },
    {
      "user": "lim",
      "date": "2018-05-08 18:11:50",
      "content": "4:1，就是不知道哪个是4"
    },
    {
      "user": "霸王念虞姬",
      "date": "2018-05-09 13:25:07",
      "content": "火箭4：2勇士"
    },
    {
      "user": "nweispace",
      "date": "2018-05-09 14:26:51",
      "content": "理性想了想 火箭2:4勇士"
    },
    {
      "user": "Coffee的C",
      "date": "2018-05-09 15:04:45",
      "content": "勇士4:1干掉火箭，在此立flag，如勇士不进总决赛，半年不看NBA"
    },
    {
      "user": "97",
      "date": "2018-05-12 18:54:30",
      "content": "理性的想了想，勇士4:1🚀"
    },
    {
      "user": "[已注销]",
      "date": "2018-05-12 19:01:03",
      "content": "只看勇士哈哈哈哈哈"
    },
    {
      "user": "大猫",
      "date": "2018-05-13 07:53:40",
      "content": "勇士4:1或4:2"
    },
    {
      "user": "故事的开始",
      "date": "2018-05-13 23:46:17",
      "content": "勇士4:2火箭"
    },
    {
      "user": "好吧，大叔！",
      "date": "2018-05-15 00:15:00",
      "content": "勇士4：3火箭"
    },
    {
      "user": "对A要不起",
      "date": "2018-05-15 00:23:16",
      "content": "明天开打了，有啥想法，火箭主场能拿得下不"
    },
    {
      "user": "贺永斌",
      "date": "2018-05-16 06:38:14",
      "content": "火箭1/4勇士，没得商量"
    }
  ]
}