{
  "title": "勇士今天冰到极点了",
  "topic": {
    "name": "LLLL",
    "date": "2018-05-05 10:27:23",
    "content": "有看比赛的吗？起个大早看了一场不精彩的比赛，勇士现在的比赛要么赢要么大比分输。要没手感全队都没手感也是神奇。"
  },
  "pages": [],
  "replys": [
    {
      "user": "Dream洋洋洋",
      "date": "2018-05-05 11:06:59",
      "content": "今天进攻 防守 都不行。下场好好打。"
    },
    {
      "user": "LLLL",
      "date": "2018-05-05 11:25:52",
      "content": "是啊，但是这状态还是让人慌，要么低迷，要么浪😂"
    },
    {
      "user": "Dream洋洋洋",
      "date": "2018-05-05 11:33:18",
      "content": "没事 打得过鹈鹕。下一场鹈鹕如果赢了 那就4:2。如果输那就勇士4:1拿下。😁😁"
    },
    {
      "user": "LLLL",
      "date": "2018-05-05 13:08:09",
      "content": "哈哈，好的✌"
    },
    {
      "user": "若木",
      "date": "2018-05-05 15:47:00",
      "content": "夸夸隆多啊20+10的😏😏"
    },
    {
      "user": "红枣",
      "date": "2018-05-05 15:52:35",
      "content": "隆指导教做人"
    },
    {
      "user": "Gnefiew",
      "date": "2018-05-05 23:05:14",
      "content": "回到鹈鹕主场丢一场很正常，下一场稳稳拿下。😊"
    },
    {
      "user": "我要的阳光。",
      "date": "2018-05-05 23:46:49",
      "content": "习惯性第三场放松"
    },
    {
      "user": "LLLL",
      "date": "2018-05-06 08:41:47",
      "content": "嗯嗯，我就是总会被他们的低迷影响，还是相信他们的，下场上班又没有时间好好看。"
    },
    {
      "user": "LLLL",
      "date": "2018-05-06 08:42:59",
      "content": "是，相当习惯😂"
    },
    {
      "user": "大猫",
      "date": "2018-05-13 07:55:03",
      "content": "勇士习惯性放松，我们看球也要习惯这点"
    }
  ]
}