{
  "title": "老北京又绝杀了",
  "topic": {
    "name": "[已注销]",
    "date": "2018-05-06 11:24:54",
    "content": "这个赛季，没得黑了"
  },
  "pages": [],
  "replys": [
    {
      "user": "储心",
      "date": "2018-05-06 11:43:29",
      "content": "老靠绝杀赢球可不是什么好事，说明球队整体实力没有优势"
    },
    {
      "user": "[已注销]",
      "date": "2018-05-06 11:44:33",
      "content": "至少他现在心态好了，自信了，以前传球比较多"
    },
    {
      "user": "储心",
      "date": "2018-05-06 11:45:36",
      "content": "这叫自信呀？这叫对队友绝望了"
    },
    {
      "user": "Player 3",
      "date": "2018-05-06 11:52:49",
      "content": "猛龙还是没过这个坎，德罗赞都坐板凳了"
    },
    {
      "user": "[已注销]",
      "date": "2018-05-06 12:06:57",
      "content": "其实最初我觉得猛龙是赢不了奇才的"
    },
    {
      "user": "Player 3",
      "date": "2018-05-06 12:07:44",
      "content": "可惜"
    },
    {
      "user": "[已注销]",
      "date": "2018-05-06 12:13:21",
      "content": "队友也不完全坑，科沃尔乐福希尔还好。新换的那三个就有点了，可能季后赛经验不多，上场时间也不多"
    },
    {
      "user": "影子C",
      "date": "2018-05-06 12:14:31",
      "content": "老北京很不错了 话说这个外号是十年前北京奥运会时起的吧"
    },
    {
      "user": "[已注销]",
      "date": "2018-05-06 12:16:11",
      "content": "哈哈，外号那么多，随便叫一个不黑的就好。我还是喜欢马刺格林的皇阿玛，起得好叼"
    },
    {
      "user": "Dream洋洋洋",
      "date": "2018-05-06 12:22:12",
      "content": "猛龙今年不弱啊，老詹还是厉害啊。"
    },
    {
      "user": "可乐",
      "date": "2018-05-06 13:15:39",
      "content": "奥斯曼日日奇们压根得不到上场时间，太能撸的问题。这个教练完全没发掘出替补作用"
    },
    {
      "user": "[已注销]",
      "date": "2018-05-06 16:23:04",
      "content": "猛龙不行，竟然被骑士的渣防守给防住了"
    },
    {
      "user": "Dream洋洋洋",
      "date": "2018-05-06 22:05:07",
      "content": "德罗赞迷失了。 心里有阴影。害怕骑士。哈哈"
    },
    {
      "user": "我要的阳光。",
      "date": "2018-05-06 23:02:20",
      "content": "因为是平分，所以没传…"
    },
    {
      "user": "那片云",
      "date": "2018-05-07 17:19:33",
      "content": "季后赛就是巨星的舞台"
    },
    {
      "user": "绝对吃鸡wx来➕",
      "date": "2018-05-07 21:14:11",
      "content": "真服气 你要知道季后赛比分咬得那么紧 很正常"
    }
  ]
}