{
  "title": "最有看点的系列赛",
  "topic": {
    "name": "新风",
    "date": "2018-05-09 20:34:50",
    "content": "来来来，大家都来预测一下，火箭🚀和勇士谁能晋级，猜一下比分😁😁"
  },
  "pages": [],
  "replys": [
    {
      "user": "新风",
      "date": "2018-05-09 20:35:14",
      "content": "我认为勇士4:2火箭🚀"
    },
    {
      "user": "新风",
      "date": "2018-05-09 22:33:08",
      "content": "一看就是火箭迷弟😁"
    },
    {
      "user": "假洒脱",
      "date": "2018-05-10 10:19:02",
      "content": "火箭肯定要硬了"
    },
    {
      "user": "[已注销]",
      "date": "2018-05-10 12:40:11",
      "content": "当然勇士"
    },
    {
      "user": "山治",
      "date": "2018-05-10 12:41:34",
      "content": "火箭想赢西决，第一场主场很关键，如果输了整个系列赛嗝屁如果赢也是抢七 艰险赢"
    },
    {
      "user": "韦韦韦",
      "date": "2018-05-10 12:44:00",
      "content": "勇士面大一点"
    },
    {
      "user": "Alex",
      "date": "2018-05-10 13:00:56",
      "content": "压勇士 因为我怕火箭赢了玩不过骑士"
    },
    {
      "user": "新风",
      "date": "2018-05-10 14:43:24",
      "content": "主要勇士确实太强大，迈过了火箭就是总冠军"
    },
    {
      "user": "新风",
      "date": "2018-05-10 14:43:38",
      "content": "😄，都是篮球爱好者，大家可以相互关注一下"
    },
    {
      "user": "STEVEE",
      "date": "2018-05-10 14:59:31",
      "content": "很有意思的系列赛期待。。不过大帝被淘汰了，又看骑士凯尔特人真的有点累了"
    },
    {
      "user": "红枣",
      "date": "2018-05-10 15:44:40",
      "content": "4:3勇士赢"
    },
    {
      "user": "拉面馆",
      "date": "2018-05-10 16:53:44",
      "content": "唉虽然我也想火箭赢，但是杜兰特确实没法限制"
    },
    {
      "user": "新风",
      "date": "2018-05-10 17:11:34",
      "content": "没人防得住杜兰特和詹姆斯"
    },
    {
      "user": "胖了么",
      "date": "2018-05-10 19:03:25",
      "content": "4:2勇士晋级"
    },
    {
      "user": "新风",
      "date": "2018-05-10 23:23:54",
      "content": "赞同"
    },
    {
      "user": "新风",
      "date": "2018-05-11 07:56:17",
      "content": "虽然我是勇迷，但我是真想保罗拿个总冠军，今年支持火箭🚀"
    }
  ]
}