{
  "title": "骑士凉凉",
  "topic": {
    "name": "好吧，大叔！",
    "date": "2018-05-16 11:46:17",
    "content": "骑士是要0：4被横扫吗？感觉挣扎一下，可以1：4"
  },
  "pages": [],
  "replys": [
    {
      "user": "Mellow Beats",
      "date": "2018-05-16 12:54:15",
      "content": "横扫倒不至于吧 接下来两场是骑士主场了 嗯...挣扎一下还是可以的"
    },
    {
      "user": "好吧，大叔！",
      "date": "2018-05-16 12:56:41",
      "content": "赢一场不亏，两场血赚"
    },
    {
      "user": "P!nk",
      "date": "2018-05-16 13:12:08",
      "content": "横扫不大可能会的，心疼老汉100秒"
    },
    {
      "user": "好吧，大叔！",
      "date": "2018-05-16 13:17:05",
      "content": "靠老汉一个人是不行的"
    },
    {
      "user": "Canoe",
      "date": "2018-05-16 13:44:16",
      "content": "希望老詹健健康康吧"
    },
    {
      "user": "好吧，大叔！",
      "date": "2018-05-16 13:48:56",
      "content": "老詹这身体，还可以操五年"
    }
  ]
}