{
  "title": "两组2:2，畅想总决赛四组对阵夺冠概率",
  "topic": {
    "name": "根号四",
    "date": "2018-05-23 12:20:00",
    "content": "火箭：骑士=5.5:4.5火箭：凯尔特人=6:4勇士：骑士=8:2勇士：凯尔特人=7:3一句话总结：詹密、绿迷都期盼火箭淘汰勇士。火箭更喜欢对阵凯尔特人。勇迷，只要能过火箭基本上总冠军十拿九稳。而中立球迷希望每轮都抢七，哈哈。坐等各种判官。。。"
  },
  "pages": [],
  "replys": [
    {
      "user": "宇内存知己",
      "date": "2018-05-23 12:22:58",
      "content": "抢七精彩"
    },
    {
      "user": "根号四",
      "date": "2018-05-28 14:56:09",
      "content": "拭目以待"
    }
  ]
}