{
  "title": "cp3球迷",
  "topic": {
    "name": "米修",
    "date": "2018-05-26 14:37:48",
    "content": "cp3球迷找组织 纯炮蜜"
  },
  "pages": [],
  "replys": [
    {
      "user": "米修",
      "date": "2018-05-26 16:30:38",
      "content": "嗯嗯 祈祷"
    },
    {
      "user": "豆角",
      "date": "2018-05-26 21:51:08",
      "content": "希望你炮g7能回来"
    },
    {
      "user": "米修",
      "date": "2018-05-27 00:01:44",
      "content": "更希望g6就结束比赛"
    },
    {
      "user": "樱木",
      "date": "2018-05-27 07:14:11",
      "content": "勇士已不是以前的勇士。g6一切皆有可能"
    },
    {
      "user": "Jump",
      "date": "2018-05-27 09:50:15",
      "content": "看着炮，心疼。。"
    },
    {
      "user": "米修",
      "date": "2018-05-27 10:35:51",
      "content": "特别心疼"
    },
    {
      "user": "米修",
      "date": "2018-05-27 10:36:03",
      "content": "嗯嗯 就是 加油🚀"
    },
    {
      "user": "Jump",
      "date": "2018-05-27 10:42:43",
      "content": "看着炮在场下一直找裁判聊天。真是能干的都干"
    },
    {
      "user": "樱木",
      "date": "2018-05-27 11:37:50",
      "content": "保罗不在，整个的节奏和防守强度都不一样了。看第七了。赢了火箭今年的冠军几率9成"
    },
    {
      "user": "米修",
      "date": "2018-05-27 13:56:48",
      "content": "嗯 是啊 保罗今天不在火箭失误太多"
    },
    {
      "user": "米修",
      "date": "2018-05-27 13:57:24",
      "content": "我炮恨不得自己上去 好心疼"
    },
    {
      "user": "Jump",
      "date": "2018-05-27 14:10:25",
      "content": "执着的炮真是魅力Max"
    },
    {
      "user": "无与伦比",
      "date": "2018-05-27 14:29:51",
      "content": "有nba群拉我mo9911314，求组织收留"
    },
    {
      "user": "米修",
      "date": "2018-05-27 14:38:07",
      "content": "对 在场上永远不认输"
    },
    {
      "user": "Jump",
      "date": "2018-05-27 15:00:36",
      "content": "很担心下场带伤上。。"
    },
    {
      "user": "米修",
      "date": "2018-05-27 17:47:08",
      "content": "以保罗的性格很有可能会"
    },
    {
      "user": "Jump",
      "date": "2018-05-27 18:29:15",
      "content": "上了就不会不拼。。"
    },
    {
      "user": "冰糖葫芦",
      "date": "2018-05-27 18:35:05",
      "content": "不容易，但是谁都吃过亏，都占过便宜"
    },
    {
      "user": "米修",
      "date": "2018-05-27 18:54:31",
      "content": "是啊 他就是那种性格"
    },
    {
      "user": "Jump",
      "date": "2018-05-27 21:30:13",
      "content": "哎，如果能跨过勇士就好了"
    }
  ]
}