{
  "title": "就问还有谁",
  "topic": {
    "name": "新风",
    "date": "2018-05-28 12:40:01",
    "content": "地表上最强的男人，，勒布朗，就问还有谁。。。"
  },
  "pages": [],
  "replys": [
    {
      "user": "[已注销]",
      "date": "2018-05-28 14:51:42",
      "content": "总决赛又是乱拳打死老师傅"
    },
    {
      "user": "David",
      "date": "2018-05-28 13:36:20",
      "content": "佩服但也心疼 希望他能健康长寿。"
    },
    {
      "user": "Mellow Beats",
      "date": "2018-05-28 12:59:54",
      "content": "低调 这里不只是詹蜜的小组..."
    },
    {
      "user": "霸王念虞姬",
      "date": "2018-05-28 13:08:31",
      "content": "确实厉害。我火加油。"
    },
    {
      "user": "David",
      "date": "2018-05-28 13:36:20",
      "content": "佩服但也心疼 希望他能健康长寿。"
    },
    {
      "user": "[已注销]",
      "date": "2018-05-28 13:56:02",
      "content": "赛后累得瘫坐在地上，不容易"
    },
    {
      "user": "新风",
      "date": "2018-05-28 14:48:57",
      "content": "看哭了"
    },
    {
      "user": "[已注销]",
      "date": "2018-05-28 14:51:42",
      "content": "总决赛又是乱拳打死老师傅"
    },
    {
      "user": "迷茫的小医生",
      "date": "2018-05-28 14:54:37",
      "content": "的确看哭了，觉得詹姆斯太不容易了，一个人扛着球队，同时感谢姐夫的三分，能把该投进的三分投进，最后骑士总冠军"
    },
    {
      "user": "菲凡琦",
      "date": "2018-05-28 15:40:17",
      "content": "傻逼詹姆斯"
    },
    {
      "user": "红枣",
      "date": "2018-05-28 15:41:46",
      "content": "无法用言语形容的伟大"
    },
    {
      "user": "无问",
      "date": "2018-05-28 23:35:47",
      "content": "没有了"
    },
    {
      "user": "大雄先生",
      "date": "2018-05-29 01:16:05",
      "content": "体育精神诠释的淋漓尽致"
    },
    {
      "user": "绝对吃鸡wx来➕",
      "date": "2018-05-29 17:24:32",
      "content": "大连老出奇葩"
    },
    {
      "user": "卡卡",
      "date": "2018-05-29 22:29:23",
      "content": "这轮系列赛确实是吊炸天，G6G7。"
    },
    {
      "user": "菲凡琦",
      "date": "2018-07-02 11:59:42",
      "content": "你就是个鸡巴"
    },
    {
      "user": "新风",
      "date": "2018-07-02 14:15:31",
      "content": "我很开心，在沃顿手下我詹还能多打几年，在卢手下非得弄废为止"
    },
    {
      "user": "绝对吃鸡wx来➕",
      "date": "2018-07-02 14:18:14",
      "content": "对，不然哪来的你"
    },
    {
      "user": "[已注销]",
      "date": "2018-07-02 15:21:27",
      "content": "要是再能带领湖人夺冠，那就是歹毒了！！"
    },
    {
      "user": "菲凡琦",
      "date": "2018-07-26 01:14:35",
      "content": "你长在我身上"
    },
    {
      "user": "绝对吃鸡wx来➕",
      "date": "2018-07-26 13:22:13",
      "content": "意思我干你媳妇？"
    },
    {
      "user": "菲凡琦",
      "date": "2018-08-02 06:55:21",
      "content": "我带着你干你媳妇"
    },
    {
      "user": "绝对吃鸡wx来➕",
      "date": "2018-08-02 16:25:21",
      "content": "你妈吗 好呀 还有你爹爹 四人行"
    },
    {
      "user": "绝对吃鸡wx来➕",
      "date": "2018-08-02 16:26:19",
      "content": "孩子 告诉你 我当年没射你妈妈 里面 只射你妈妈嘴里"
    },
    {
      "user": "大山",
      "date": "2018-08-02 17:53:14",
      "content": "现在联盟勇士一手遮天"
    },
    {
      "user": "菲凡琦",
      "date": "2018-08-10 22:23:48",
      "content": "你鸡巴挺大啊，连你妈都干"
    },
    {
      "user": "绝对吃鸡wx来➕",
      "date": "2018-08-11 10:18:40",
      "content": "哈哈 孩子 你可真搞笑 记住 不是干了你妈妈 你妈早已经被我割掉了头 用勺子把脑浆挖吃完了"
    },
    {
      "user": "菲凡琦",
      "date": "2018-08-18 19:04:42",
      "content": "看来你口味挺重啊，你妈的脑浆是不好吃呗，可以吃你闺女的啊，小孩子的嫩"
    },
    {
      "user": "绝对吃鸡wx来➕",
      "date": "2018-08-18 22:10:03",
      "content": "哈哈 傻逼 你闺女死了吗 我去吃 你妈妈头掉了 放冰箱里慢慢吃"
    },
    {
      "user": "菲凡琦",
      "date": "2018-09-29 11:20:07",
      "content": "你个大傻逼，你是从狗逼里出来的，你爸天天草狗，草出你这么个东西来"
    },
    {
      "user": "绝对吃鸡wx来➕",
      "date": "2018-09-29 21:46:16",
      "content": "你好 孙子 你妈妈脑浆红的 白的 可好吃 香香的 软软的… 你妈妈四肢我冻冰箱里 到时候给你塞嘴巴里吃啊 红烧吧"
    }
  ]
}