{
  "title": "总决赛",
  "topic": {
    "name": "新风",
    "date": "2018-05-27 22:59:14",
    "content": "来来来，大家预测一波，。今年总决赛是哪两个队的舞台。。😁😁。。"
  },
  "pages": [],
  "replys": [
    {
      "user": "孤单喂饱了理性",
      "date": "2018-05-27 23:01:08",
      "content": "勇士和骑士"
    },
    {
      "user": "那片云",
      "date": "2018-05-27 23:29:37",
      "content": "可以预测总冠军属于西部"
    },
    {
      "user": "霸王念虞姬",
      "date": "2018-05-27 23:53:05",
      "content": "火箭绿军"
    },
    {
      "user": "新风",
      "date": "2018-05-28 07:50:52",
      "content": "我认为勇士打凯尔特人😁"
    },
    {
      "user": "山治",
      "date": "2018-05-28 09:39:12",
      "content": "勇士 凯尔特人"
    }
  ]
}