{
  "title": "为我火打CALL",
  "topic": {
    "name": "霸王念虞姬",
    "date": "2018-05-29 08:26:36",
    "content": "啥事也不干了，为我火加油！希望今天力克勇士，进军总决赛。"
  },
  "pages": [],
  "replys": [
    {
      "user": "[已注销]",
      "date": "2018-05-29 09:06:20",
      "content": "只能说拼了还是有希望的"
    },
    {
      "user": "萝莉暴力",
      "date": "2018-05-29 09:43:26",
      "content": "期待东西部詹姆斯对决"
    },
    {
      "user": "霸王念虞姬",
      "date": "2018-05-29 10:00:19",
      "content": "目前的态势保持下去就是胜利"
    },
    {
      "user": "云中袖手人",
      "date": "2018-05-29 10:02:32",
      "content": "加油  爱拼才会赢"
    },
    {
      "user": "萝莉暴力",
      "date": "2018-05-29 10:09:20",
      "content": "今年迷死哈登了"
    },
    {
      "user": "霸王念虞姬",
      "date": "2018-05-29 10:16:58",
      "content": "女球迷。给力"
    },
    {
      "user": "霸王念虞姬",
      "date": "2018-05-29 10:17:10",
      "content": "这场不一样"
    },
    {
      "user": "霸王念虞姬",
      "date": "2018-05-29 10:17:19",
      "content": "加油"
    },
    {
      "user": "Ennnm",
      "date": "2018-05-29 10:42:50",
      "content": "期待骑士和火箭啊"
    },
    {
      "user": "霸王念虞姬",
      "date": "2018-05-29 10:49:40",
      "content": "还有一节。库里太他妈逆天了"
    },
    {
      "user": "霸王念虞姬",
      "date": "2018-05-29 10:49:50",
      "content": "期待"
    },
    {
      "user": "👁",
      "date": "2018-05-29 10:51:28",
      "content": "把阿里扎换下去吧"
    },
    {
      "user": "霸王念虞姬",
      "date": "2018-05-29 10:59:27",
      "content": "加油加油啊"
    },
    {
      "user": "萝莉暴力",
      "date": "2018-05-29 11:05:46",
      "content": "谢谢 篮球才第八年"
    },
    {
      "user": "霸王念虞姬",
      "date": "2018-05-29 11:07:14",
      "content": "这库里又开始日天了"
    },
    {
      "user": "霸王念虞姬",
      "date": "2018-05-29 11:30:23",
      "content": "来年再战！火箭第十七年了！加油。"
    }
  ]
}