{
  "title": "想看勇士VS骑士",
  "topic": {
    "name": "酒酒",
    "date": "2018-05-29 11:00:55",
    "content": "前提是勇士今天必胜"
  },
  "pages": [],
  "replys": [
    {
      "user": "[已注销]",
      "date": "2018-05-29 13:06:21",
      "content": "就不心疼老詹吗？"
    },
    {
      "user": "你真好看。",
      "date": "2018-05-29 12:00:29",
      "content": "恭喜恭喜，小学生发来贺电"
    },
    {
      "user": "need U",
      "date": "2018-05-29 11:48:39",
      "content": "赢了吧，哈哈勇士稳了"
    },
    {
      "user": "根号四",
      "date": "2018-05-29 11:03:24",
      "content": "我一点都不喜欢你"
    },
    {
      "user": "酒酒",
      "date": "2018-05-29 11:05:54",
      "content": "做咩中意我?"
    },
    {
      "user": "need U",
      "date": "2018-05-29 11:48:39",
      "content": "赢了吧，哈哈勇士稳了"
    },
    {
      "user": "你真好看。",
      "date": "2018-05-29 12:00:29",
      "content": "恭喜恭喜，小学生发来贺电"
    },
    {
      "user": "Mellow Beats",
      "date": "2018-05-29 12:06:56",
      "content": "提前预定总冠军了 今年的骑士根本就不是对手"
    },
    {
      "user": "[已注销]",
      "date": "2018-05-29 13:06:21",
      "content": "就不心疼老詹吗？"
    }
  ]
}