{
  "title": "都不喜欢勇士赢吗？",
  "topic": {
    "name": "零～。",
    "date": "2018-05-29 12:40:44",
    "content": "看了很多帖子，发现除了摆明了的勇蜜之外，几乎全网黑勇士啊，不太懂……"
  },
  "pages": [],
  "replys": [
    {
      "user": "我要一桶浆糊",
      "date": "2018-05-29 13:03:13",
      "content": "因为火箭球迷多啊，他们说什么就是什么。"
    },
    {
      "user": "储心",
      "date": "2018-05-29 14:09:26",
      "content": "火箭那么拼，也没有奖励，勇士那阵容，对其它29个队不公平，怎么拼都没有冠军的希望"
    },
    {
      "user": "[已注销]",
      "date": "2018-05-29 13:00:35",
      "content": "不用管他们，他们再怎么黑，勇士都赢了。那帮人心态不行。"
    },
    {
      "user": "[已注销]",
      "date": "2018-05-29 13:04:59",
      "content": "见不得别人好呗。自己培养了三个全明星，还老有人来黑"
    },
    {
      "user": "[已注销]",
      "date": "2018-05-29 13:00:35",
      "content": "不用管他们，他们再怎么黑，勇士都赢了。那帮人心态不行。"
    },
    {
      "user": "篮协巴特尔",
      "date": "2018-05-29 13:03:01",
      "content": "不喜欢杜兰特而已，库里，汤普森没问题"
    },
    {
      "user": "我要一桶浆糊",
      "date": "2018-05-29 13:03:13",
      "content": "因为火箭球迷多啊，他们说什么就是什么。"
    },
    {
      "user": "[已注销]",
      "date": "2018-05-29 13:04:59",
      "content": "见不得别人好呗。自己培养了三个全明星，还老有人来黑"
    },
    {
      "user": "LLLL",
      "date": "2018-05-29 13:08:23",
      "content": "我也发现了，都有火箭情节。"
    },
    {
      "user": "[已注销]",
      "date": "2018-05-29 13:14:07",
      "content": "是的，我是绿军球迷～"
    },
    {
      "user": "阿钧猫唧",
      "date": "2018-05-29 13:24:02",
      "content": "火箭大概是一种情怀吧，但是客观的讲，勇士还是打得更好，虽然裁判有给勇士当助攻的嫌疑……"
    },
    {
      "user": "迷茫的小医生",
      "date": "2018-05-29 13:31:58",
      "content": "一生勇士黑"
    },
    {
      "user": "未来",
      "date": "2018-05-29 13:36:50",
      "content": "火箭出过姚大！所以中国很多老粉"
    },
    {
      "user": "alive",
      "date": "2018-05-29 13:37:15",
      "content": "我喜欢勇士赢，鄙视说裁判控场"
    },
    {
      "user": "你真好看。",
      "date": "2018-05-29 13:46:19",
      "content": "就喜欢看库里丢3分，我勇无敌"
    },
    {
      "user": "Mellow Beats",
      "date": "2018-05-29 13:54:07",
      "content": "不讨厌勇士任何球员 就是纯粹不希望他们赢 要说为什么的话 可能是因为火箭有保罗吧 看保罗打球比看库里要早"
    },
    {
      "user": "J0",
      "date": "2018-05-29 14:01:30",
      "content": "因为姚明 所以都有火箭情节吧，但27节3分不中 你能怪谁"
    },
    {
      "user": "储心",
      "date": "2018-05-29 14:09:26",
      "content": "火箭那么拼，也没有奖励，勇士那阵容，对其它29个队不公平，怎么拼都没有冠军的希望"
    },
    {
      "user": "零～。",
      "date": "2018-05-29 14:19:38",
      "content": "本来只是比较喜欢库里，这样全网黑，黑的我都快喜欢勇士了……"
    },
    {
      "user": "海盐柠檬",
      "date": "2018-05-29 14:20:09",
      "content": "并没有，只是他们这季状态不好。但是，即使状态不好，实力还摆在那，绝逼卫冕。。。"
    },
    {
      "user": "961021夕阳",
      "date": "2018-05-29 14:21:58",
      "content": "who  care"
    },
    {
      "user": "红枣",
      "date": "2018-05-29 14:26:36",
      "content": "只是希望炮哥生涯能有一冠才支持火箭"
    },
    {
      "user": "LALKB",
      "date": "2018-05-29 16:28:59",
      "content": "不能这么说，老板愿意给钱，球员愿意降薪，一个愿打一个愿挨，没什么不公平，骑士也是一手好牌，不也赢不了。勇士除了杜兰特的加盟大家看不惯，其他的主力都是自己选秀培养的"
    },
    {
      "user": "[已注销]",
      "date": "2018-05-29 17:19:21",
      "content": "我不喜欢火箭，但是也没有说不希望谁赢"
    },
    {
      "user": "喵定薛的饿",
      "date": "2018-05-29 18:22:33",
      "content": "🤔与其说不喜欢勇士赢，不如说觉得骑士vs勇士的套路看累了～想换个口味～"
    },
    {
      "user": "良Sir",
      "date": "2018-05-29 19:17:07",
      "content": "我就喜欢火箭，从姚麦开始，从未改变。"
    },
    {
      "user": "茶叶done",
      "date": "2018-05-29 23:40:16",
      "content": "勇士真的强"
    },
    {
      "user": "seulqi",
      "date": "2018-05-30 15:08:08",
      "content": "我没有火箭清洁 西部要是马刺能进 我也希望马刺能赢 单纯不想看骑勇对决了"
    },
    {
      "user": "[已注销]",
      "date": "2018-05-30 15:14:46",
      "content": "说得没毛病"
    },
    {
      "user": "李子很怂",
      "date": "2018-05-31 11:54:01",
      "content": "因为拥有了杜兰特的勇士，不再是逐梦的少年，而是守护冠军的恶狼"
    },
    {
      "user": "过客",
      "date": "2018-05-31 12:26:15",
      "content": "保罗不受伤，火箭真没希望过勇士吗？火箭不在29队里面吗？"
    },
    {
      "user": "DM",
      "date": "2018-05-31 13:56:47",
      "content": "不管勇士多强 就是喜欢不起来"
    },
    {
      "user": "P!nk",
      "date": "2018-05-31 19:54:51",
      "content": "勇士太强，我站骑士，侠之大者，锄强扶弱"
    },
    {
      "user": "无问",
      "date": "2018-05-31 23:07:57",
      "content": "喜欢，但是勒布朗更值得喜欢"
    },
    {
      "user": "飞翔的猪",
      "date": "2018-06-02 01:58:58",
      "content": "金州裁判队，金州垫脚队"
    },
    {
      "user": "颈子甘",
      "date": "2018-06-02 09:55:29",
      "content": "格林、渣渣、部分詹蜜、部分勇蜜，都在给自己的主队招黑，狗咬狗"
    },
    {
      "user": "🙃",
      "date": "2018-06-02 16:27:57",
      "content": "我喜欢克莱-汤普森 但我不喜欢勇士队。。"
    },
    {
      "user": "飞云之下",
      "date": "2018-06-02 16:34:51",
      "content": "整个联盟都不喜欢，很多技术都是失传了，垃圾话水平也低了。"
    },
    {
      "user": "冰糖葫芦",
      "date": "2018-06-02 16:37:12",
      "content": "火箭球迷=科密+詹密还多。。。"
    },
    {
      "user": "汤圆🐱",
      "date": "2018-06-02 17:24:54",
      "content": "希望保罗来骑士呵呵呵"
    },
    {
      "user": "无问",
      "date": "2018-06-02 20:46:23",
      "content": "培养了几个脏比全明星牛逼了？可以赢，用得着那么恶心吗？垃圾"
    },
    {
      "user": "胖了么",
      "date": "2018-06-02 21:13:44",
      "content": "水花兄弟厉害啊"
    },
    {
      "user": "Ennnm",
      "date": "2018-06-02 21:33:39",
      "content": "没有火箭情节，单纯的不喜欢勇士赢"
    },
    {
      "user": "P!nk",
      "date": "2018-06-02 22:26:39",
      "content": "+1"
    },
    {
      "user": "宇",
      "date": "2018-06-03 12:05:34",
      "content": "主要老汉太不容易，今年真的没得黑。"
    },
    {
      "user": "零～。",
      "date": "2018-06-03 20:24:46",
      "content": "单看今年，老詹真的是以一己之力扛起了整个骑士。说是倾骑所有，实际上只不过是倾詹姆斯所有而已！"
    },
    {
      "user": "[已注销]",
      "date": "2018-06-04 09:03:01",
      "content": "有全明星就是牛b，牛逼到骨子里了。保罗不脏？"
    },
    {
      "user": "无问",
      "date": "2018-06-04 09:04:47",
      "content": "操你妈，回去看看标题是什么，你是傻逼吗"
    },
    {
      "user": "[已注销]",
      "date": "2018-06-04 09:06:43",
      "content": "脏的屎都能从鼻孔里喷出来，就是说你呢。"
    },
    {
      "user": "无问",
      "date": "2018-06-04 09:08:31",
      "content": "你妈十块三次贵了！"
    },
    {
      "user": "[已注销]",
      "date": "2018-06-04 09:10:27",
      "content": "被你这种蛆恶心到，我还会去打苍蝇吗？无非说一声shit。"
    },
    {
      "user": "无问",
      "date": "2018-06-04 09:11:42",
      "content": "操你妈！关火箭什么事，你个弱智"
    },
    {
      "user": "[已注销]",
      "date": "2018-06-04 09:19:02",
      "content": "屎吃多了，只会说带色的是吧。可能你再多吃点能进化也说不准呢。去吧"
    },
    {
      "user": "Eddy_01",
      "date": "2018-06-04 09:30:15",
      "content": "看他相册就是个傻逼了，不要理他"
    },
    {
      "user": "[已注销]",
      "date": "2018-06-04 09:37:38",
      "content": "是哪。不理了"
    },
    {
      "user": "零～。",
      "date": "2018-06-04 10:38:13",
      "content": "库里这场出手太多了吧，这么爆炸的输出……次数是汤普森和杜兰特两人的总和"
    }
  ]
}