{
  "title": "还是输了！",
  "topic": {
    "name": "宇内存知己",
    "date": "2018-05-29 12:07:28",
    "content": "西决追看了七场，火箭还是输了，气得我下楼买了几瓶啤酒喝，心疼哈登，保罗.....，火箭咱们明年再来。"
  },
  "pages": [],
  "replys": [
    {
      "user": "子兮",
      "date": "2018-05-29 12:09:47",
      "content": "最后两场打的不好"
    },
    {
      "user": "宇内存知己",
      "date": "2018-05-29 12:11:37",
      "content": "恩，缺了保罗，感觉少了点韧性"
    },
    {
      "user": "子兮",
      "date": "2018-05-29 12:12:22",
      "content": "说实在的，登哥还需要成熟，"
    },
    {
      "user": "宇内存知己",
      "date": "2018-05-29 12:16:00",
      "content": "己经比前两年有前步了，他终久不是真正詹姆斯，还是差点。"
    },
    {
      "user": "轻舞飞扬",
      "date": "2018-05-29 12:17:53",
      "content": "造诣…很难有突破了，毕竟只有一个詹姆斯。哎说什么都没用，我就纳闷了死防三分放库里突破很难么？"
    },
    {
      "user": "宇内存知己",
      "date": "2018-05-29 12:20:17",
      "content": "勇士起势三分防得了吗，还是最后关键火箭三分连投不进。"
    },
    {
      "user": "子兮",
      "date": "2018-05-29 12:21:02",
      "content": "这不是霸气，哈登就没保罗纵览大场的大局观，说实在的，我觉得这两场登哥很带情绪"
    },
    {
      "user": "宇内存知己",
      "date": "2018-05-29 12:23:08",
      "content": "唉，恩，火箭还是试着招来揽詹姆斯，明年干死勇士"
    },
    {
      "user": "子兮",
      "date": "2018-05-29 12:24:38",
      "content": "如果保罗可以继续留在火箭，明年我觉得还是可以拼拼的"
    },
    {
      "user": "宇内存知己",
      "date": "2018-05-29 12:26:03",
      "content": "恩，冠军还是要底蕴和经验吧，明年再来。"
    },
    {
      "user": "LALKB",
      "date": "2018-05-29 16:30:49",
      "content": "你确定保罗夏天不走？"
    },
    {
      "user": "[已注销]",
      "date": "2018-05-29 16:48:55",
      "content": "保罗这宿命真是令人唏嘘"
    },
    {
      "user": "[已注销]",
      "date": "2018-05-29 17:22:36",
      "content": "老板同意？联盟同意，这样下来火箭不知道要交多少奢侈税，不要想着詹姆斯了，还是想想怎么样才可以控制情绪、打好比赛"
    },
    {
      "user": "喵定薛的饿",
      "date": "2018-05-29 18:21:43",
      "content": "😳大哥…你在逗我…隔壁“真正”的詹姆斯去年被打的更花…"
    },
    {
      "user": "轻舞飞扬",
      "date": "2018-05-29 18:49:31",
      "content": "第二节后半段防库里外线防的就很好啊，一个人贴住他不给三分给突破不难啊"
    },
    {
      "user": "子兮",
      "date": "2018-05-29 21:32:34",
      "content": "我的意思是还用今年的阵容，如果保罗可以继续留在火箭，还是可以一拼的，其实我个人觉得詹姆斯不适合在火箭"
    },
    {
      "user": "水库浪子",
      "date": "2018-05-29 22:37:18",
      "content": "哈登想要有詹姆斯那种档次，光靠意志没有用，哈登身体素质就不行，体力不行，詹姆斯能打48分钟。哈登能打多少？ 然后就是进攻方式和詹姆斯比还是差点。再下来就是大心脏和经验了。詹姆斯都进过几次决赛了，总冠军。哈登......"
    },
    {
      "user": "米修",
      "date": "2018-05-30 18:34:38",
      "content": "只心疼保罗"
    }
  ]
}