{
  "title": "JR是跟拉莫斯学的吗？上来先废你主将",
  "topic": {
    "name": "米兰诺",
    "date": "2018-06-01 09:39:40",
    "content": "又看了一遍慢动作，是故意的无疑了。打过球的应该会知道，JR这个动作绝对是收的住的，然后他还是冲着汤普森的脚撞过去，好脏好恶心"
  },
  "pages": [],
  "replys": [
    {
      "user": "绝对吃鸡wx来➕",
      "date": "2018-06-02 00:00:28",
      "content": "戳瞎一只眼睛还有一只 对吧？"
    },
    {
      "user": "米兰诺",
      "date": "2018-06-01 09:41:42",
      "content": "现在JR一拿球，勇士现场球迷就发嘘声"
    },
    {
      "user": "水库浪子",
      "date": "2018-06-01 10:12:15",
      "content": "但是骑士球迷眼里永远都是“我觉得jr真不是故意的”"
    },
    {
      "user": "[已注销]",
      "date": "2018-06-01 10:15:53",
      "content": "太脏了"
    },
    {
      "user": "控制变量",
      "date": "2018-06-01 10:22:36",
      "content": "格林大叔也蛮脏的嘞，脏脏相抵，打个平手"
    },
    {
      "user": "[已注销]",
      "date": "2018-06-01 10:23:11",
      "content": "格林一直这样"
    },
    {
      "user": "控制变量",
      "date": "2018-06-01 10:25:25",
      "content": "是捏是捏，勇士球迷们就别闹JR了嘛"
    },
    {
      "user": "米兰诺",
      "date": "2018-06-01 10:32:28",
      "content": "我要反驳:JR这个动作是要废人职业生涯去的。。格林看着挺脏但顶多算小动作"
    },
    {
      "user": "控制变量",
      "date": "2018-06-01 11:31:07",
      "content": "哈哈 神经刀 懵了"
    },
    {
      "user": "你真好看。",
      "date": "2018-06-01 12:13:00",
      "content": "神经刀最后演得好…"
    },
    {
      "user": "绝对吃鸡wx来➕",
      "date": "2018-06-02 00:00:28",
      "content": "戳瞎一只眼睛还有一只 对吧？"
    },
    {
      "user": "Kinggj",
      "date": "2018-06-02 14:18:01",
      "content": "JR那球滑倒了没看出来，平衡没了怎么收"
    },
    {
      "user": "后院的傻子",
      "date": "2018-06-02 14:24:50",
      "content": "加内特和布鲁斯鲍文表示不服"
    }
  ]
}