{
  "title": "恭喜勇士王朝！詹蜜留",
  "topic": {
    "name": "Ne吒",
    "date": "2018-06-01 13:55:58",
    "content": "今天的总决赛看的人憋屈。\n一个连续依靠詹姆斯的能力绝杀走进总决赛。本来就让人觉得不可思议，一座城一个人，一个人扛起一座城。\n这人毫无疑问就是詹姆斯，他已经为我们奉献了太多的经典比赛。输球没有关系，在人生的道路上，我们都有经历过，或多或少的，赢或者失败。但是我看比赛从来没有像今天这么憋屈过，球场输球，你可以找到很多原因，比如说对手太强大，比如说裁判判罚，但你一万个想不到你的队友在最后时刻脑子梦游。\n事实上也就是这样，即使詹姆斯的眼眶被恶意犯规打到充血，我们认了！即使最后詹姆斯防守杜兰特的争议判罚，我们认了！一个人单挑四个全明星级别的mvp选手，全场打满51分钟，那个男人依然得到49分8助攻8篮板的准三双数据。\n我差点以为他们真的赢下系列赛第一场，但是希尔最后投丢了那个关键罚球！但是jr抢到了那个关键篮板，可能想着过儿童节吧，他把球带出场外，将整场的努力化作白费，将胜利拱手让人！我想说这场比赛，有可能是他们4场总决赛唯一的胜利，因为勇士打的确实不好，但是真正杀死比赛的人是骑士自己，是詹姆斯的队友。\n今天给我们的教训就是团队篮球吧。在一个没有英雄的时代，我们憧憬英雄，憧憬毁天灭地和逆天改命的力量。就像这场比赛一样，詹姆斯已经做到做到了个人能力的极致。但是他只能决定整个球队的底线，他只能将骑士带到总决赛这个级别的战场上，就像有的网友说的吕布大战刘关张300回合，却被赤兔马一脚踢翻了马下，这就是御前带刀侍卫的价值吧。\n下来我们说球队的上限，还是要像金州勇士一样，杜兰特今天打的状态是很不好的，有目共睹，如果就个人能力相比较的话，詹姆斯是这个星球上最有能力的篮球运动员，没有任何毛病，你们经常把杜兰特和詹姆斯相比较，在没有伊戈达拉在场上的时候，杜兰特承担更多防守责任的时候，进攻得分的能力就显得明显下降，而且他没有任何单核带队证明自己的经验。但是，我们也能看到金州勇士队向我们展示了真正的篮球运动是一个团体行为。总有队友站出来替他分担，同样是角色球员，格林全场也没有投进三分球，但是他到最后加时的时候连续投进两个三分，真正的杀死了比赛。反观骑士乐福，jr等人关键时刻的表现，高下立判。\n本来可以像2001年总决赛第一场，ai独自杀死湖人的比赛一样，这同样也是詹姆斯封神的一战，但是不一样的是詹姆斯好像拿错了剧本，同样是逆天改命的个人表现，将个人英雄主义发挥到极致，但是得到的结果却截然相反。\n也许结局早就注定了吧，勇士球迷们，你们可以尽情的欢舞开香槟庆祝了。但作为一个骑士球迷，准确的来说是詹姆斯的球迷。恭喜勇士队开创一个王朝，别不服气，以后人们提起的依然是詹姆斯。"
  },
  "pages": [],
  "replys": [
    {
      "user": "Ne吒",
      "date": "2018-06-01 18:06:04",
      "content": "哀其不幸"
    },
    {
      "user": "神秘人",
      "date": "2018-06-01 22:25:53",
      "content": "詹姆斯是这个星球上最有能力的篮球运动员这句话 必须加一个附加条件啊"
    },
    {
      "user": "Ne吒",
      "date": "2018-06-01 23:57:50",
      "content": "没必要，二十年过后他就是上古神兽 张大帅的存在"
    },
    {
      "user": "神秘人",
      "date": "2018-06-02 00:29:56",
      "content": "要客观"
    },
    {
      "user": "这，就是小号！",
      "date": "2018-06-02 01:29:27",
      "content": "联盟第一人"
    },
    {
      "user": "perhaps",
      "date": "2018-06-02 08:41:49",
      "content": "詹姆斯身边的队友为什么一个不如一个呢？包括全明星乐福也时灵时不灵"
    },
    {
      "user": "水库浪子",
      "date": "2018-06-02 09:30:00",
      "content": "兄弟，打了48分钟，拿了51分....你到底看没看比赛"
    },
    {
      "user": "Ne吒",
      "date": "2018-06-02 13:32:19",
      "content": "常规赛拿了49分 加时2分 后面的加时知道 输定了 没看。。。"
    },
    {
      "user": "Ne吒",
      "date": "2018-06-02 13:34:58",
      "content": "苏群老师写了一篇文章我觉得很好，詹姆斯就是一个自带体系的黑洞 星系，足够强大他会让队友变得更好，会更加适应体系，反之以然 那说明队友不够好，老詹和韦德 欧文在一起打球的时候可是拿了3个冠军。"
    },
    {
      "user": "Ne吒",
      "date": "2018-06-02 13:35:56",
      "content": "这个都知道 我只说这场比赛和看完比赛自己的感悟"
    }
  ]
}