{
  "title": "为什么最近很多勇气队和骑士队互骂",
  "topic": {
    "name": "[已注销]",
    "date": "2018-06-03 11:24:25",
    "content": ""
  },
  "pages": [],
  "replys": [
    {
      "user": "卡卡",
      "date": "2018-06-03 12:00:18",
      "content": "詹姆斯还在，科比却不在了"
    },
    {
      "user": "Player 3",
      "date": "2018-06-03 12:12:34",
      "content": "多正常的事儿"
    },
    {
      "user": "绕远路的雏偶",
      "date": "2018-06-03 12:22:36",
      "content": "你怕是没见过皇马巴萨的互骂群"
    },
    {
      "user": "东楼公子",
      "date": "2018-06-03 13:20:40",
      "content": "这两位最终也没有在总决赛相遇"
    },
    {
      "user": "sssssky",
      "date": "2018-06-03 18:55:39",
      "content": "一个输了不服，一个赢了显摆"
    },
    {
      "user": "ha",
      "date": "2018-06-03 20:18:03",
      "content": "而且是完美的擦肩而过。08，09，10科比，詹姆斯11，12，13分别两连冠。15开始库里就出现了"
    }
  ]
}