{
  "title": "心疼骑士",
  "topic": {
    "name": "tuotuozebra",
    "date": "2018-06-04 10:48:31",
    "content": "真的受不了了  暴风雨式哭泣"
  },
  "pages": [],
  "replys": [
    {
      "user": "颠三倒四",
      "date": "2018-06-04 11:02:54",
      "content": "心疼我詹"
    },
    {
      "user": "[已注销]",
      "date": "2018-06-04 11:06:39",
      "content": "后面都没看下去了，看的心态崩了"
    },
    {
      "user": "ha",
      "date": "2018-06-04 11:19:49",
      "content": "输了就输了，有撒子哇，三个总冠军，三个fmvp够了，跟邓肯奥尼尔一样，不差"
    },
    {
      "user": "想去看海",
      "date": "2018-06-04 11:44:45",
      "content": "生在克利夫兰，没法，在其他球队生涯会好的多"
    },
    {
      "user": "tuotuozebra",
      "date": "2018-06-04 11:55:28",
      "content": "对哈 是这样的❤️"
    },
    {
      "user": "tuotuozebra",
      "date": "2018-06-04 11:55:55",
      "content": "真的好心疼😔"
    },
    {
      "user": "tuotuozebra",
      "date": "2018-06-04 11:56:29",
      "content": "反正这次勇士就是冠军了 没毛病"
    },
    {
      "user": "点赞王",
      "date": "2018-06-04 12:41:32",
      "content": "跟邓肯奥尼尔一样？"
    },
    {
      "user": "薛定谔的马",
      "date": "2018-06-04 22:48:54",
      "content": "不是詹姆斯球迷，以前詹黑，这次我真是被詹姆斯打服了，我看球以来我认为最伟大的球员，真是厉害！"
    },
    {
      "user": "小哥哥",
      "date": "2018-06-05 01:11:18",
      "content": "心疼老詹应该"
    },
    {
      "user": "沐之",
      "date": "2018-06-05 22:31:13",
      "content": "我库蜜，以前特别不喜欢老詹，今年季后赛基本看完了他的比赛，真的被他的能力征服，我觉得他是我十来年看球生涯最伟大球星了……以后不管他去哪都只有支持，多年后再谈起和勇士的恩怨对决也是一段辉煌的历史佳话了！"
    }
  ]
}