{
  "title": "勇士骑士球迷群简直一天24小时对骂不停歇",
  "topic": {
    "name": "可爱多",
    "date": "2018-06-05 13:25:35",
    "content": "服气。"
  },
  "pages": [],
  "replys": [
    {
      "user": "轻舞飞扬",
      "date": "2018-06-06 13:32:36",
      "content": "这是干啥？真是胸怀天下啊"
    },
    {
      "user": "茶叶done",
      "date": "2018-06-06 14:03:42",
      "content": "人生的乐趣不就在于此嘛"
    },
    {
      "user": "kiwi",
      "date": "2018-11-21 20:17:10",
      "content": "哈哈哈想看"
    },
    {
      "user": "万能鹅鹅鹅鹅",
      "date": "2018-11-23 08:28:15",
      "content": "骑士都这样了还有什么可骂的"
    },
    {
      "user": "Cyrus..",
      "date": "2018-11-23 09:45:25",
      "content": "现在还有骑士球迷？不是湖人勇士对骂？"
    }
  ]
}