{
  "title": "勒布朗去哪，勒布朗还能几冠",
  "topic": {
    "name": "无问",
    "date": "2018-06-09 21:45:54",
    "content": "勒布朗，谢谢你👍"
  },
  "pages": [],
  "replys": [
    {
      "user": "东楼公子",
      "date": "2018-06-09 22:19:05",
      "content": "说出来你可能不信，我曾经是詹黑"
    },
    {
      "user": "东楼公子",
      "date": "2018-06-09 22:18:49",
      "content": "来火箭来火箭"
    },
    {
      "user": "东楼公子",
      "date": "2018-06-09 22:19:05",
      "content": "说出来你可能不信，我曾经是詹黑"
    },
    {
      "user": "无问",
      "date": "2018-06-09 22:19:40",
      "content": "火箭要不起，也不太适合火箭"
    },
    {
      "user": "无问",
      "date": "2018-06-09 22:19:54",
      "content": "正常正常"
    },
    {
      "user": "水库浪子",
      "date": "2018-06-09 22:20:23",
      "content": "职业生涯顶多2冠了。很难越过勇士这座山。而且也开始慢慢从巅峰往下走了。我觉得去凯尔特人希望大。能和勇士打，主要是看教练。"
    },
    {
      "user": "无问",
      "date": "2018-06-09 22:21:51",
      "content": "应该不会去凯子吧，去了欧文再走？我觉得湖人或者76人，个人看法"
    },
    {
      "user": "水库浪子",
      "date": "2018-06-09 22:27:33",
      "content": "教练不行。湖人会比76人好点"
    },
    {
      "user": "无问",
      "date": "2018-06-09 22:29:22",
      "content": "再有俩全明星就行了，可以和勇士火箭打一打。好教练可遇不可求"
    },
    {
      "user": "水库浪子",
      "date": "2018-06-09 22:32:54",
      "content": "说实在的，詹姆斯去哪个队、哪个队的队友遭殃。詹皇打不了无球，真的得欧文那种超牛逼的后卫可以。"
    },
    {
      "user": "无问",
      "date": "2018-06-09 22:36:22",
      "content": "嗯，他要一个尖兵后卫，关键时候能杀一杀，今年如果有欧文，其实可以打一打的，欧文打库里一打一个准。队友嘛，就是需要大心脏投手。勒布朗创造的机会其实是可以的。"
    },
    {
      "user": "[已注销]",
      "date": "2018-06-09 22:39:36",
      "content": "应该不会走"
    },
    {
      "user": "无问",
      "date": "2018-06-09 22:41:30",
      "content": "应该会走，我是觉得要去洛杉矶了，和乔治，表妹什么的。勒布朗在骑士的使命完成了，跟老板关系一般，克利夫兰又是小城市，不适合长远规划。"
    },
    {
      "user": "宇内存知己",
      "date": "2018-06-09 23:06:52",
      "content": "怎么可能去凯尔特人，从皮尔斯时期就是死敌，去了和杜兰特没啥区别，招骂"
    },
    {
      "user": "alvin",
      "date": "2018-06-09 23:19:12",
      "content": "希望威少加乔治能够来骑士，骑士留个tt，其他人全部裁掉吧"
    },
    {
      "user": "我要的阳光。",
      "date": "2018-06-09 23:30:33",
      "content": "你是做梦的吗？？其次，威少去，跟詹姆斯抢球比着刷？？再其次，你觉得保罗乔治还愿意跟威少一起玩？？"
    },
    {
      "user": "我要的阳光。",
      "date": "2018-06-09 23:32:15",
      "content": "都是成年人的话，分析就理性点，对自己要求高点"
    },
    {
      "user": "alvin",
      "date": "2018-06-09 23:39:39",
      "content": "不好意思，我是说希望，你反应别这么大"
    },
    {
      "user": "alvin",
      "date": "2018-06-09 23:41:17",
      "content": "詹姆斯身边需要一个能持球攻的，保罗乔治可以多练练无球跟防守就行了，毕竟威少打杜兰特很来劲"
    },
    {
      "user": "多年未见",
      "date": "2018-06-09 23:43:07",
      "content": "我也是，黑久生情，说实话今年把我打服了"
    },
    {
      "user": "无问",
      "date": "2018-06-09 23:49:13",
      "content": "勒布朗感觉季后赛今年最强，总决赛第一场如果没那些幺蛾子事，手不受伤，打不过的前提下，估计会有不一样的表演。哎。。。辛苦啊"
    },
    {
      "user": "那片云",
      "date": "2018-06-10 00:52:46",
      "content": "底薪去勇士，还可以拿好几个冠军"
    },
    {
      "user": "红枣",
      "date": "2018-06-10 01:23:46",
      "content": "是觉得挺适合火箭的啊，都是突分，詹姆斯也是打突分，可以让哈登多打打无球，詹姆斯打无球也可以的，参考以前热火的詹韦无球。而且詹姆斯能来火箭的话某种程度上来说不需要卡佩拉了，就跟勇士对钢五小"
    },
    {
      "user": "无问",
      "date": "2018-06-10 02:24:15",
      "content": "去了火箭，勇士就去玩泥巴吧。。。但是应该不会去。球权一个问题，要是去了，火箭啥板凳都没有了。哈哈"
    },
    {
      "user": "无问",
      "date": "2018-06-10 02:25:20",
      "content": "勇士？那他前功尽弃，得被喷死啊。。。哈哈。可能性0%"
    },
    {
      "user": "红枣",
      "date": "2018-06-10 03:04:26",
      "content": "替补留下塔克和格林就行了，其他都可以不要"
    },
    {
      "user": "小浩loft",
      "date": "2018-06-10 09:05:16",
      "content": "去马刺挺好的，跟咔哇伊单换"
    },
    {
      "user": "这，就是小号！",
      "date": "2018-06-10 11:56:49",
      "content": "我詹如果去火箭，退役之前至少2冠"
    },
    {
      "user": "这，就是小号！",
      "date": "2018-06-10 11:57:04",
      "content": "你居然以前是詹黑！？why"
    },
    {
      "user": "东楼公子",
      "date": "2018-06-10 11:59:32",
      "content": "詹黑不是很正常么"
    },
    {
      "user": "这，就是小号！",
      "date": "2018-06-10 12:34:31",
      "content": "我希望他去火箭，但是不降薪不太可能，然后虎扑有人分析，说去马刺可能性高"
    },
    {
      "user": "这，就是小号！",
      "date": "2018-06-10 12:35:29",
      "content": "我是詹蜜，我任何黑都不是~可以不喜欢，但是黑的话………"
    },
    {
      "user": "David",
      "date": "2018-06-10 13:17:20",
      "content": "去76人 离家近 先签后换"
    },
    {
      "user": "长江以南",
      "date": "2018-06-10 13:43:18",
      "content": "去火箭去火箭去火箭 。就是不知道🚀 薪资够吗？  不是之前说还要招募乔治 然后组成 克里斯·保罗·乔治+勒布朗·詹姆斯·哈登组合吗…虽然觉得不太可能 …"
    },
    {
      "user": "无问",
      "date": "2018-06-10 15:20:17",
      "content": "我觉得最有可能去湖人，和乔治 表妹一起"
    },
    {
      "user": "22",
      "date": "2018-06-10 17:37:08",
      "content": "问这种问题的都有毛病"
    },
    {
      "user": "无问",
      "date": "2018-06-10 18:15:50",
      "content": "你懂个蛋"
    },
    {
      "user": "22",
      "date": "2018-06-10 18:22:30",
      "content": "见都没见过他 你懂什么呢 呵呵呵 键盘上打打字是蛮舒服的"
    },
    {
      "user": "无问",
      "date": "2018-06-10 18:25:35",
      "content": "赶紧滚，不回复了"
    },
    {
      "user": "22",
      "date": "2018-06-10 18:27:09",
      "content": "就你这种 还喜欢詹姆斯  怂的哟"
    },
    {
      "user": "无问",
      "date": "2018-06-10 18:29:14",
      "content": "你的猪脑子不适合思考问题，只适合吃猪食。另外，管好你自己就行了，蠢货。"
    },
    {
      "user": "22",
      "date": "2018-06-10 18:30:26",
      "content": "哈哈哈哈哈哈"
    },
    {
      "user": "今夜不打烊",
      "date": "2018-06-12 01:17:47",
      "content": "我也是"
    },
    {
      "user": "喔刷吴少奇",
      "date": "2018-06-13 10:27:57",
      "content": "希望去马刺吧。"
    },
    {
      "user": "绝对吃鸡wx来➕",
      "date": "2018-06-13 13:53:51",
      "content": "科沃尔还是要留下 这个人真的好用 就是骑士的冲击点太少 不给他足够的空间和机会"
    }
  ]
}