{
  "title": "葡萄牙vs西班牙占星预测",
  "topic": {
    "name": "泠然",
    "date": "2018-06-14 14:13:55",
    "content": "作者心之灵，转帖请注明。 下面进入大家最关注的这场比赛，定于当地时间6月15日21点举办的葡西比赛，由于西班牙临阵换帅而备受瞩目，由于预测分析文写好了，他们这幼稚的换帅行为导致我又要重做一大堆盘，所以本占星师其实非常生气。好，拉回正题，首先我希望你们放宽心，因为从占星上来说，葡萄牙本身不太具备实力，西班牙即便换一百个主教练，也和葡萄牙本身待解决的问题完全无关。本届世界杯葡萄牙某些地方会非常像上届世界杯时的德国，比如说他们即便疲累或大比分赢球再或者已经拿到了足够进入8强的分数，也不会对任何队伍就此收手，更不会保存实力恢复体力。但问题就在于，这个做法换成有实力有能力的队伍去这么做，效果会非常好；换成了一个能力并不算太强的球队，流年运势又不支持，这就未免显得太不自量力了。葡萄牙本场比赛的最大问题是很高概率去想“西班牙那边这么乱，我们可以轻松取胜，可以把比赛当成葡萄牙首秀的直播秀场了”，这个带有藐视的心态对于任何一场比赛来说都将是非常大的忌讳。葡萄牙需要在西班牙进球之后才能消停，如果这场比赛不能够使葡萄牙摆正心态，那么后面的每一场比赛这支队伍都会面临几乎无法解决的问题。由于葡萄牙心态和运势问题的叠加作用，西班牙有很高概率获得在葡萄牙前场的任意球机会。葡萄牙依靠中路是肯定没戏的，依靠左前场和右中场人员还能有一定的进球机会，不过鉴于比起配合，葡萄牙球员更适合单刀直入地作战方式，所以要看临场发挥时他们是否能做到了。 葡萄牙队犯规率很高。这届葡萄牙队球员需要刻苦训练技术才能够走得远。说一下西班牙，我真的不知道西班牙队是怎么想的，因为从星盘来看这些人满脑子都是进攻进攻，大部分时间他们在和葡萄牙在葡萄牙的半场争夺足球。然后如果主教练耶罗可以花一天时间和队员磨合好，做到心意相通的话，获胜不是不可能。 比分估计：西班牙那边若磨合的好是0-1。 声明：因世界杯期间一切公开发布的预测内容均为无偿提供，故此任何阅读者因本文产生的一切行为，本人均不负任何法律责任，博彩和买彩票需谨慎，后果请自负。"
  },
  "pages": [],
  "replys": [
    {
      "user": "石头哥",
      "date": "2018-06-14 14:36:29",
      "content": "我猜2：1"
    },
    {
      "user": "户田惠梨香",
      "date": "2018-06-14 16:30:13",
      "content": "葡萄牙早就不靠进攻赢了 现在都是务实题法"
    },
    {
      "user": "Heatonfaded",
      "date": "2018-06-15 02:08:21",
      "content": "西班牙依旧是巴萨传控踢法，只要中场有小白和小布，换教练影响并不大。"
    }
  ]
}