{
  "title": "今晚上埃及对乌拉圭，有朋友有什么见解吗？？",
  "topic": {
    "name": "奶油小猫蜜",
    "date": "2018-06-15 15:39:11",
    "content": "想聊天~~~~"
  },
  "pages": [],
  "replys": [
    {
      "user": "灰色",
      "date": "2018-06-15 18:22:35",
      "content": "埃及凉凉"
    },
    {
      "user": "cysreh",
      "date": "2018-06-15 18:24:11",
      "content": "萨拉赫上不了的话，埃及大概率输大比分"
    },
    {
      "user": "Nana",
      "date": "2018-06-15 18:27:01",
      "content": "压乌拉圭"
    },
    {
      "user": "Schweinsteger",
      "date": "2018-06-15 19:03:32",
      "content": "萨拉赫上，埃及被屠"
    },
    {
      "user": "[已注销]",
      "date": "2018-06-15 22:08:34",
      "content": "……"
    },
    {
      "user": "奶油小猫蜜",
      "date": "2018-06-15 22:44:56",
      "content": "妈呀今晚上太刺激了！"
    },
    {
      "user": "奶油小猫蜜",
      "date": "2018-06-15 22:45:22",
      "content": "最后一分钟进球，我买的两块钱保住了！哈哈哈哈哈开心！"
    }
  ]
}