{
  "title": "哥伦比亚VS日本 大家怎么看？",
  "topic": {
    "name": "[已注销]",
    "date": "2018-06-19 11:04:48",
    "content": "我怎么感觉会平？比分0:0或1:1，稳不稳 各位怎么看……"
  },
  "pages": [],
  "replys": [
    {
      "user": "孤独患者",
      "date": "2018-06-19 11:21:02",
      "content": "哥伦比亚独赢"
    },
    {
      "user": "[已注销]",
      "date": "2018-06-19 11:22:17",
      "content": "大神，预测下比分呢"
    },
    {
      "user": "[已注销]",
      "date": "2018-06-19 11:27:27",
      "content": "哥伦比亚过热了"
    },
    {
      "user": "[已注销]",
      "date": "2018-06-19 11:28:29",
      "content": "1.54赔率不如不买"
    },
    {
      "user": "[已注销]",
      "date": "2018-06-19 11:30:09",
      "content": "所以搏一搏平局，是不是比较明智？"
    },
    {
      "user": "[已注销]",
      "date": "2018-06-19 11:32:11",
      "content": "我赢和平分别买了"
    },
    {
      "user": "[已注销]",
      "date": "2018-06-19 11:32:45",
      "content": "哪个平台下的？"
    },
    {
      "user": "[已注销]",
      "date": "2018-06-19 11:34:52",
      "content": "线下，线上中了大的就扯皮玩套路"
    },
    {
      "user": "[已注销]",
      "date": "2018-06-19 11:43:31",
      "content": "小赢肯定给啊，主要是有的它不给你出实体票，他赔不起就套路你"
    },
    {
      "user": "[已注销]",
      "date": "2018-06-19 11:57:26",
      "content": "有道理 不过也不敢玩太大 也没啥运气中高赔率哈哈"
    },
    {
      "user": "[已注销]",
      "date": "2018-06-19 13:57:23",
      "content": "日本没赢过哥伦比亚吧 上届被打了1-4 这届同样不看好"
    },
    {
      "user": "c",
      "date": "2018-06-19 15:26:46",
      "content": "平"
    },
    {
      "user": "恭叔的前女友",
      "date": "2018-06-19 15:39:14",
      "content": "让一球 赢"
    },
    {
      "user": "[已注销]",
      "date": "2018-06-19 15:40:44",
      "content": "日本刚换了主帅 估计也内忧外患 哥伦比亚还是赢面大"
    },
    {
      "user": "[已注销]",
      "date": "2018-06-19 16:15:24",
      "content": "平也难 如果日本442 哥伦比亚估计进两个球"
    },
    {
      "user": "[已注销]",
      "date": "2018-06-19 16:15:43",
      "content": "让一球 平或赢哈哈"
    },
    {
      "user": "[已注销]",
      "date": "2018-06-19 16:26:08",
      "content": "买塞内加尔那场吧"
    },
    {
      "user": "[已注销]",
      "date": "2018-06-19 16:26:50",
      "content": "那场也买 串起来 波兰不败"
    },
    {
      "user": "海山",
      "date": "2018-06-19 20:25:11",
      "content": "…开场就红牌罚下一个…"
    },
    {
      "user": "[已注销]",
      "date": "2018-06-19 20:37:52",
      "content": "先是J罗替补 然后开场就少一人 落后一分 心在流血哇……"
    },
    {
      "user": "212",
      "date": "2018-06-19 20:50:02",
      "content": "- - 嗯 已经日本进一球了"
    },
    {
      "user": "[已注销]",
      "date": "2018-06-19 20:50:47",
      "content": "已经1:1了，我还是看好哥伦比亚，干翻小日本:)"
    },
    {
      "user": "212",
      "date": "2018-06-19 20:51:30",
      "content": "hhhhhh 对"
    },
    {
      "user": "inze",
      "date": "2018-06-20 06:00:06",
      "content": "上来就罚掉一人，日本运气真全好了。"
    },
    {
      "user": "[已注销]",
      "date": "2018-06-20 06:01:17",
      "content": "小日本那种水平都赢球 真不爽呀"
    },
    {
      "user": "inze",
      "date": "2018-06-20 06:08:18",
      "content": "缺一人的哥伦比亚中前场没有掌控力，上半场扳回一球算是实力体现，到了下半场形势越来越不好，输得憋屈。"
    },
    {
      "user": "[已注销]",
      "date": "2018-06-20 06:33:12",
      "content": "90分钟 少一人 确实很累 加上日本球员挺能跑"
    }
  ]
}