{
  "title": "北京 今晚 连三场 约不约",
  "topic": {
    "name": "塔儿爷",
    "date": "2018-06-20 17:22:41",
    "content": "不想总一个人看约酒吧喝酒看球AA"
  },
  "pages": [],
  "replys": [
    {
      "user": "Roberto",
      "date": "2018-06-20 17:59:01",
      "content": "用生命在看球。"
    },
    {
      "user": "空白格",
      "date": "2018-06-20 23:31:33",
      "content": "明天准备看三场"
    },
    {
      "user": "塔儿爷",
      "date": "2018-06-20 23:32:06",
      "content": "每天 都三连"
    },
    {
      "user": "空白格",
      "date": "2018-06-20 23:56:04",
      "content": "明天法国阿根廷"
    },
    {
      "user": "Je.",
      "date": "2018-06-21 02:06:43",
      "content": "明天酒吧三连吧！"
    }
  ]
}