{
  "title": "勒布朗詹姆斯",
  "topic": {
    "name": "新风",
    "date": "2018-07-02 08:32:35",
    "content": "勒布朗去湖人咯。大家有什么感受，说说看😁"
  },
  "pages": [],
  "replys": [
    {
      "user": "西噗",
      "date": "2018-07-02 08:43:09",
      "content": "呵呵 勇士王朝了 火箭又跪了 保罗的合同太贵了"
    },
    {
      "user": "香蕉咔咔脆",
      "date": "2018-07-03 21:06:19",
      "content": "他去哪都支持他！他做什么决定都喜欢他！！！我要攒钱买球衣！"
    }
  ]
}