{
  "title": "大声喊出我们的口号“湖人总冠军”",
  "topic": {
    "name": "孜仲",
    "date": "2018-07-02 09:09:25",
    "content": "詹姆斯加盟湖人我不是詹姆斯的球迷，但是我是科比的忠粉！湖人总冠军！"
  },
  "pages": [],
  "replys": [
    {
      "user": "青衣年少",
      "date": "2018-07-02 09:58:29",
      "content": "一日紫金，终生湖人，我湖终于要崛起了"
    },
    {
      "user": "ZOE",
      "date": "2018-07-02 12:16:27",
      "content": "湖人总冠军！！"
    },
    {
      "user": "木木子说",
      "date": "2018-07-02 12:39:58",
      "content": "湖人总冠军"
    },
    {
      "user": "JohnUSYD",
      "date": "2018-07-02 12:40:50",
      "content": "湖人总冠军!"
    },
    {
      "user": "可乐",
      "date": "2018-07-02 15:33:00",
      "content": "可惜詹姆斯已经33岁了，没多少巅峰啦"
    },
    {
      "user": "孜仲",
      "date": "2018-07-02 16:21:53",
      "content": "其实可以看出来詹姆斯的三次决定，第一次“兄弟篮球”第二次“家乡篮球”第三次“家庭篮球”"
    },
    {
      "user": "走……呃",
      "date": "2018-07-02 19:03:10",
      "content": "越发觉得詹姆斯穿上黄衫有点怪"
    }
  ]
}