{
  "title": "如果法国和英格兰在决赛相遇，只能说明世界还很落后",
  "topic": {
    "name": "咱不能放弃",
    "date": "2018-07-11 07:13:35",
    "content": "有个中国老足球从业者说他希望法国和英格兰相遇，其实他所认知的足球已经落后，他所希望的是建立在自己落后的足球理念基础上，只有正能量的胜利，才能健康地带动世界向前发展。"
  },
  "pages": [],
  "replys": [
    {
      "user": "今天地",
      "date": "2018-07-11 07:18:18",
      "content": "又回到千年前了，应该印度和美国出现在那里，这是新兴势力"
    },
    {
      "user": "J君",
      "date": "2018-07-11 08:08:52",
      "content": "什么叫正能量的胜利 求教"
    },
    {
      "user": "[已注销]",
      "date": "2018-07-14 03:00:17",
      "content": "如果克罗地亚拿下世界杯，大概就是很正能量的胜利了"
    }
  ]
}