{
  "title": "虽然天天黑你。你还是这个星球最伟大球员",
  "topic": {
    "name": "自由，随我",
    "date": "2018-07-11 00:55:44",
    "content": "祝福"
  },
  "pages": [],
  "replys": [
    {
      "user": "自由，随我",
      "date": "2018-07-11 00:58:41",
      "content": "祝福"
    },
    {
      "user": "自由，随我",
      "date": "2018-07-11 18:38:15",
      "content": "尤文赚大发了"
    },
    {
      "user": "自由，随我",
      "date": "2018-07-12 19:22:41",
      "content": "哎"
    },
    {
      "user": "HBH",
      "date": "2018-07-17 13:34:02",
      "content": "还是不习惯他穿斑马球衣的样子，皇马真是冷酷无情"
    },
    {
      "user": "自由，随我",
      "date": "2018-07-17 15:02:11",
      "content": "一直冷酷无情"
    },
    {
      "user": "石里",
      "date": "2018-07-17 21:20:13",
      "content": "黑你是爱你"
    },
    {
      "user": "自由，随我",
      "date": "2018-07-17 22:26:48",
      "content": "最伟大的球员"
    }
  ]
}