{
  "title": "周六晚有没有一起看英格兰的呀",
  "topic": {
    "name": "aaa",
    "date": "2018-07-13 09:26:05",
    "content": "我的三喵军团，虽然没有进决赛，但是还是要支持呀，毕竟我们只要快乐就好了😂"
  },
  "pages": [],
  "replys": [
    {
      "user": "aaa",
      "date": "2018-07-13 09:26:12",
      "content": "顶"
    },
    {
      "user": "车路士赢3点",
      "date": "2018-07-13 11:17:47",
      "content": "可惜我支持的是比利时"
    },
    {
      "user": "aaa",
      "date": "2018-07-13 11:18:15",
      "content": "因为丁丁和阿扎尔吗"
    },
    {
      "user": "车路士赢3点",
      "date": "2018-07-13 11:24:14",
      "content": "有这个原因，但不单单是这样"
    },
    {
      "user": "aaa",
      "date": "2018-07-13 11:30:08",
      "content": "还有卢卡库？我前几天看到一个写卢卡库的文章，有点圈粉"
    },
    {
      "user": "杭州厄齐尔",
      "date": "2018-07-13 11:59:48",
      "content": "支持三喵"
    },
    {
      "user": "车路士赢3点",
      "date": "2018-07-13 13:01:04",
      "content": "你不是英格兰的球迷吗？怎么那么了解比利时"
    },
    {
      "user": "aaa",
      "date": "2018-07-13 13:36:53",
      "content": "我看英超很多啊。再说世界杯我基本一场比赛没落，不了解也了解了"
    },
    {
      "user": "十七。",
      "date": "2018-07-13 13:38:34",
      "content": "英超球迷，真想老范盛世英超"
    },
    {
      "user": "aaa",
      "date": "2018-07-13 13:41:57",
      "content": "老范是…范佩西…范迪克还是范加尔？"
    },
    {
      "user": "十七。",
      "date": "2018-07-13 13:44:07",
      "content": "我是想说真想看到"
    },
    {
      "user": "aaa",
      "date": "2018-07-13 14:00:01",
      "content": "😂😂😂"
    },
    {
      "user": "十七。",
      "date": "2018-07-13 14:02:28",
      "content": "红魔球迷"
    },
    {
      "user": "aaa",
      "date": "2018-07-13 14:11:46",
      "content": "我是利物浦球迷…"
    },
    {
      "user": "James",
      "date": "2018-07-13 21:23:15",
      "content": "有啊，约吗？"
    },
    {
      "user": "James",
      "date": "2018-07-13 21:46:57",
      "content": "有一起吗？"
    },
    {
      "user": "[已注销]",
      "date": "2018-07-14 02:56:54",
      "content": "可是我看比利时哈哈哈哈"
    }
  ]
}