{
  "title": "你觉得湖人新赛季能进季后赛吗？",
  "topic": {
    "name": "呛司",
    "date": "2018-07-22 08:50:17",
    "content": "我觉得四成可能性～理性讨论"
  },
  "pages": [],
  "replys": [
    {
      "user": "奶奶",
      "date": "2018-07-22 16:11:15",
      "content": "不知道"
    },
    {
      "user": "大雄先生",
      "date": "2018-07-22 16:50:55",
      "content": "詹姆斯身体健康的情况下，四个老太太都可以和詹姆斯打进季后赛"
    },
    {
      "user": "布鲁斯李",
      "date": "2018-07-23 00:16:22",
      "content": "不是我吹，我和各位组四个，老詹都能带我们进季后赛"
    },
    {
      "user": "噎死艾毒",
      "date": "2018-07-23 00:39:51",
      "content": "能吧，虽然不粉詹詹，但现役第一我认"
    },
    {
      "user": "走钢索的人",
      "date": "2018-07-23 09:13:22",
      "content": "哈哈哈哈哈 同意"
    },
    {
      "user": "22",
      "date": "2018-07-23 10:48:22",
      "content": "不能我打自己哈哈哈"
    },
    {
      "user": "风之子",
      "date": "2018-07-23 19:05:31",
      "content": "有可能"
    },
    {
      "user": "P!nk",
      "date": "2018-07-23 22:51:37",
      "content": "肯定能啊"
    },
    {
      "user": "阿童沐沐",
      "date": "2018-07-24 08:44:27",
      "content": "何止季后赛，简直是决赛！"
    },
    {
      "user": "呛司",
      "date": "2018-07-24 09:53:48",
      "content": "你确定～500块？湖人进西决我给你500进不了你给我500，嘻嘻"
    },
    {
      "user": "阿童沐沐",
      "date": "2018-07-24 10:01:36",
      "content": "有意思吗？"
    },
    {
      "user": "呛司",
      "date": "2018-07-24 10:45:29",
      "content": "有啊，就是赌一赌～"
    },
    {
      "user": "阿童沐沐",
      "date": "2018-07-24 10:51:29",
      "content": "赌一赌，摩托变吉普！"
    },
    {
      "user": "橘子先生",
      "date": "2018-07-25 00:15:47",
      "content": "詹姆斯的队啥时候没进过季后赛"
    },
    {
      "user": "[已注销]",
      "date": "2018-07-25 07:48:28",
      "content": "季后赛应该差不多，决赛有点难，磨合问题，战术问题等等"
    },
    {
      "user": "点击更改昵称",
      "date": "2018-07-25 16:08:11",
      "content": "各位对詹姆斯有些过于崇拜不过应该还是能进湖人下赛季目标就只是磨合"
    },
    {
      "user": "lhxslamdunk",
      "date": "2018-07-25 20:19:34",
      "content": "是真的吹了。。哈哈"
    },
    {
      "user": "呛司",
      "date": "2018-07-25 20:23:26",
      "content": "太高估詹姆斯了吧"
    },
    {
      "user": "肉肉吃不起",
      "date": "2018-07-26 07:56:49",
      "content": "季后赛是可以的 决赛就湖人这样子 三个詹姆斯带不动"
    },
    {
      "user": "土豆的哥",
      "date": "2018-07-26 08:45:08",
      "content": "问题不大"
    },
    {
      "user": "Henry_Wong",
      "date": "2018-07-29 09:17:38",
      "content": "能不进？？？"
    },
    {
      "user": "👲🏽MrLin",
      "date": "2018-07-29 11:10:48",
      "content": "肯定啊 多个詹姆斯喔兄弟 还不说有隆多师弟这些季后赛猛男"
    },
    {
      "user": "以父之名",
      "date": "2018-07-29 18:26:15",
      "content": "一定进"
    },
    {
      "user": "[已注销]",
      "date": "2018-07-31 21:03:46",
      "content": "哈哈哈哈哈哈哈哈。能！"
    },
    {
      "user": "Gabriel__H",
      "date": "2018-08-14 15:21:53",
      "content": "季后赛应该没啥问题，二轮之后难说"
    },
    {
      "user": "[已注销]",
      "date": "2018-08-14 15:35:05",
      "content": "湖人总冠军！不允许质疑！"
    },
    {
      "user": "豆是一碗汤",
      "date": "2018-08-15 23:24:14",
      "content": "季后赛随便进"
    },
    {
      "user": "升华",
      "date": "2018-09-18 13:22:13",
      "content": "可以"
    },
    {
      "user": "大發",
      "date": "2018-09-19 23:29:18",
      "content": "个人觉得起步第二轮吧 毕竟有个老詹 其他配置也不算差 中规中矩的"
    },
    {
      "user": "吴沁峰",
      "date": "2018-09-21 23:35:42",
      "content": "没问题"
    },
    {
      "user": "鲨鱼辣椒",
      "date": "2018-09-22 17:45:50",
      "content": "湖人总冠军！"
    },
    {
      "user": "Young",
      "date": "2018-10-17 21:25:32",
      "content": "湖人总冠军"
    },
    {
      "user": "能雯雯",
      "date": "2018-10-21 18:27:51",
      "content": "没错！"
    },
    {
      "user": "能雯雯",
      "date": "2018-10-21 18:28:00",
      "content": "没错！！！"
    },
    {
      "user": "柳尚",
      "date": "2018-10-25 02:26:40",
      "content": "这个肯定能，这个队需要磨合，也需要詹皇，需要时间，需要沃顿及教练组共同努力。以詹姆斯的性格和作风，不会让自己停止不前。我们共同期待吧！"
    },
    {
      "user": "四喜",
      "date": "2018-10-31 10:41:45",
      "content": "逢詹必买赢！"
    },
    {
      "user": "414曼走",
      "date": "2018-10-31 14:04:05",
      "content": "作为湖蜜，当然是希望进了，但是经过前几场下来，问题还是多啊，毕竟这是一个团队游戏，不是靠一个人撑起来的"
    },
    {
      "user": "呛司",
      "date": "2019-02-19 11:37:43",
      "content": "预言看最后二十五场了"
    },
    {
      "user": "[已注销]",
      "date": "2019-02-19 20:27:10",
      "content": "能不能要看全对，不能看老詹一人"
    },
    {
      "user": "077",
      "date": "2019-02-20 18:41:15",
      "content": "四个老太太过分了"
    },
    {
      "user": "MoonZiggy",
      "date": "2019-02-21 13:13:31",
      "content": "和我凯相约总决赛吧"
    },
    {
      "user": "能雯雯",
      "date": "2019-02-21 20:27:42",
      "content": "哎"
    },
    {
      "user": "TAN",
      "date": "2019-02-26 23:44:27",
      "content": "很难，老詹身体开始下滑，一拖四太难"
    },
    {
      "user": "我要的阳光。",
      "date": "2019-02-27 20:41:31",
      "content": "还一拖4？？？？是莺歌拖你詹吧"
    },
    {
      "user": "江北嘴gakki",
      "date": "2019-02-28 14:11:19",
      "content": "第一次这么不希望湖人别进季后赛 哎"
    },
    {
      "user": "呛司",
      "date": "2019-03-06 18:40:26",
      "content": "楼上的好多人要被打脸了"
    },
    {
      "user": "喵",
      "date": "2019-03-08 10:34:34",
      "content": "目前看来是不能了"
    },
    {
      "user": "cipher",
      "date": "2019-03-09 09:34:11",
      "content": "3成吧，得看年轻人们的心气状态"
    }
  ]
}