{
  "title": "安东尼240万加盟火箭了",
  "topic": {
    "name": "水库浪子",
    "date": "2018-07-26 10:38:39",
    "content": ".......无语"
  },
  "pages": [],
  "replys": [
    {
      "user": "知足的咸鱼",
      "date": "2018-07-26 19:27:54",
      "content": "现在的安东尼啊，也没多适合火箭"
    },
    {
      "user": "[已注销]",
      "date": "2018-07-26 21:20:38",
      "content": "我想说这有多fuck"
    },
    {
      "user": "点赞王",
      "date": "2018-07-27 09:36:56",
      "content": "虽然板上钉钉不过你这假新闻吧，都还没买断"
    },
    {
      "user": "太阳书店",
      "date": "2018-07-27 23:57:14",
      "content": "不看好"
    },
    {
      "user": "Henry_Wong",
      "date": "2018-07-29 09:17:15",
      "content": "或许不一样吧"
    },
    {
      "user": "以父之名",
      "date": "2018-07-29 17:57:17",
      "content": "卡佩拉留住了更重要"
    },
    {
      "user": "紫参保险人",
      "date": "2018-07-31 13:17:29",
      "content": "防守是大问题"
    },
    {
      "user": "nweispace",
      "date": "2018-07-31 13:28:02",
      "content": "火箭没希望了"
    }
  ]
}