{
  "title": "王的承诺湖人加油。",
  "topic": {
    "name": "宫本井画",
    "date": "2018-07-30 09:50:09",
    "content": ""
  },
  "pages": [],
  "replys": [
    {
      "user": "阿童沐沐",
      "date": "2018-07-31 19:20:54",
      "content": "酷"
    },
    {
      "user": "可乐",
      "date": "2018-08-01 12:47:46",
      "content": "詹姆斯没王气，猥琐了点"
    },
    {
      "user": "我健身我快乐",
      "date": "2018-08-10 15:16:52",
      "content": "有詹皇群吗？拉我进。"
    }
  ]
}