{
  "title": "有木有恩比德的粉丝儿呀呀呀",
  "topic": {
    "name": "mosu",
    "date": "2018-08-01 21:54:19",
    "content": "最近迷恋恩比德不行不行的，有没有同样喜欢的🤔🤔🤔"
  },
  "pages": [],
  "replys": [
    {
      "user": "小浩loft",
      "date": "2018-08-04 09:22:19",
      "content": "自从詹皇西走，从此天下两分，东帝西皇"
    },
    {
      "user": "$uit",
      "date": "2018-08-02 11:12:29",
      "content": "痛恩比德粉同时还是76忍粉"
    },
    {
      "user": "[已注销]",
      "date": "2018-08-02 14:12:06",
      "content": "没有说是粉丝，但是确实喜欢看他打球"
    },
    {
      "user": "johnson",
      "date": "2018-08-02 18:04:50",
      "content": "“相信过程”邪教创办者2333"
    },
    {
      "user": "KiKiQAQ",
      "date": "2018-08-02 23:12:36",
      "content": "大帝铁粉，从选秀就开始在虎扑看他的分析帖子加视频，前两年最喜欢的就是他和大白边的视频集锦，因为我特别喜欢奥拉朱旺，所以对大帝就有特别的感情"
    },
    {
      "user": "Kulliay",
      "date": "2018-08-02 23:49:26",
      "content": "大帝"
    },
    {
      "user": "Funky",
      "date": "2018-08-03 19:10:46",
      "content": "大帝不仅牛逼，关键还贼鸡儿骚"
    },
    {
      "user": "太阳书店",
      "date": "2018-08-03 21:28:40",
      "content": "哈哈，大帝真的66，个性很复古"
    },
    {
      "user": "小浩loft",
      "date": "2018-08-04 09:22:19",
      "content": "自从詹皇西走，从此天下两分，东帝西皇"
    },
    {
      "user": "mosu",
      "date": "2018-08-04 22:27:09",
      "content": "哇哦"
    },
    {
      "user": "mosu",
      "date": "2018-08-04 22:29:53",
      "content": "很喜欢他得劲"
    },
    {
      "user": "mosu",
      "date": "2018-08-04 22:30:09",
      "content": "哈哈，很可爱的人"
    },
    {
      "user": "mosu",
      "date": "2018-08-04 22:37:10",
      "content": "哈哈哈，，相信过程"
    },
    {
      "user": "mosu",
      "date": "2018-08-04 22:38:45",
      "content": "😃是的，他很喜欢奥拉朱旺的动作"
    },
    {
      "user": "太阳书店",
      "date": "2018-08-04 22:39:12",
      "content": "76人打法很好看，也实用，看好他们的未来"
    },
    {
      "user": "mosu",
      "date": "2018-08-04 22:41:40",
      "content": "是的，看好"
    },
    {
      "user": "小许来啦",
      "date": "2018-08-05 19:03:41",
      "content": "但是说实话啊，贝里内利和伊利亚索瓦走了，76人的三分会受很大影响，期待西蒙斯开发出射程，还有富儿子，"
    },
    {
      "user": "alain潘",
      "date": "2018-08-06 13:27:31",
      "content": "我是大帝粉，哈哈😄"
    },
    {
      "user": "mosu",
      "date": "2018-08-06 13:48:34",
      "content": "哈哈"
    },
    {
      "user": "花花花花仙子",
      "date": "2018-08-08 16:44:25",
      "content": "我我我我我我我"
    },
    {
      "user": "mosu",
      "date": "2018-08-08 23:23:45",
      "content": "我也是是是是"
    }
  ]
}