{
  "title": "⚽联赛火热开启，欢迎讨论",
  "topic": {
    "name": "vip77a",
    "date": "2018-08-25 17:43:18",
    "content": "足球源于热爱，欧冠率领五大联赛即将开始。我们群里面真球迷非常的多，大家讨论足球也非常的和谐、气氛好，进大家加入我们薇信群后文明聊天，不管欧冠、五大联赛、中国足球大家都可以聊，没比赛时也可自选话题聊！专业带队分析，有推荐方案哦！详情加我名字围信。(暗号db)"
  },
  "pages": [],
  "replys": [
    {
      "user": "老三竞彩交流",
      "date": "2018-08-25 20:14:11",
      "content": "欢迎各地玩球的朋友一起来交流"
    },
    {
      "user": "复古风的粉丝",
      "date": "2018-09-06 17:16:56",
      "content": "顶一下！！！！加"
    },
    {
      "user": "豆友184493886",
      "date": "2018-09-20 21:14:20",
      "content": "加一个，新手，带带我"
    },
    {
      "user": "MMI爱喝牛奶",
      "date": "2018-09-24 20:59:25",
      "content": "老司机带我飞"
    },
    {
      "user": "步步的布布",
      "date": "2018-09-26 20:52:10",
      "content": "加我加我"
    },
    {
      "user": "asd123456",
      "date": "2018-10-05 23:57:03",
      "content": "支持一下，带我飞"
    },
    {
      "user": "zks的大宝宝",
      "date": "2018-10-07 22:02:03",
      "content": "通过一下！！！！！！"
    },
    {
      "user": "啧啧啧",
      "date": "2018-10-14 20:59:16",
      "content": "老司机，带我进群"
    },
    {
      "user": "兰海",
      "date": "2018-10-15 10:53:29",
      "content": "mingtian7535"
    },
    {
      "user": "越幸运越努力",
      "date": "2018-11-10 18:04:53",
      "content": "xyxyc9"
    }
  ]
}