{
  "title": "今天比赛，天气很不错",
  "topic": {
    "name": "大明",
    "date": "2018-09-03 04:20:22",
    "content": "下午二点出门，晚上十点十五分进门，单打双打后一起吃了晚饭才回来。赢了比赛，赢得对手尊重，打网球真是件开心的事情"
  },
  "pages": [],
  "replys": [
    {
      "user": "大明",
      "date": "2018-09-03 05:05:30",
      "content": "这个夏季我们队的最后一场比赛"
    },
    {
      "user": "大明",
      "date": "2018-09-03 21:06:29",
      "content": "今年是我的网球丰收年，打了十八场对外的正式比赛，就是网球协会有备案并计算积分的那种，赢16输2，可升二级。俱乐部杯这种内部比赛没有计算，虽然有备案，但不积分，计算也没什么意思，加上现在还没有打完，已经赢了四场了，另外加上双打混双，估计会赢十来场。"
    },
    {
      "user": "Fit",
      "date": "2018-09-04 12:20:41",
      "content": "👍 令人高兴的成就"
    }
  ]
}