{
  "title": "开心的周末",
  "topic": {
    "name": "大明",
    "date": "2018-09-17 04:26:37",
    "content": "天气很好，拿下了  俱乐部杯 女子单打 女子双打 和 四十岁组别混双 三个冠军，心情也很好"
  },
  "pages": [],
  "replys": [
    {
      "user": "阿琅",
      "date": "2018-09-17 07:23:04",
      "content": "厉害啦！"
    },
    {
      "user": "Fit",
      "date": "2018-09-17 15:49:14",
      "content": "三冠军👍👍"
    },
    {
      "user": "大明",
      "date": "2018-09-18 02:55:47",
      "content": "主要是这个山头没老虎的缘故"
    },
    {
      "user": "大明",
      "date": "2018-09-18 02:59:20",
      "content": "今年的地区杯女子单打我就被人家打得落花流水，我的地区杯冠军是三年前的事情了，明年看看对手状况，没啥机会的话就去参加五十岁组别的，明年够年龄了"
    },
    {
      "user": "大喵",
      "date": "2018-09-18 12:56:07",
      "content": "好棒！"
    },
    {
      "user": "绿叶",
      "date": "2018-09-20 20:39:51",
      "content": "明姐，好厉害！"
    },
    {
      "user": "大明",
      "date": "2018-09-21 05:13:29",
      "content": "谢谢大家"
    }
  ]
}