{
  "title": "出票 NBA深圳费城76人对达拉斯独行侠小牛",
  "topic": {
    "name": "TheBleepBloop",
    "date": "2018-09-28 19:49:27",
    "content": "孤品！2018NBA中国赛深圳站费城76人队VS对达拉斯独行侠小牛队保证正品！位置好！仅剩一张！！孤品难求！难得来一趟中国岂能错过价格私聊，速度来！本交易支持邮寄"
  },
  "pages": [],
  "replys": [
    {
      "user": "Sophia-SS",
      "date": "2018-10-01 05:01:13",
      "content": "票还在嘛？"
    },
    {
      "user": "TheBleepBloop",
      "date": "2018-10-04 22:08:32",
      "content": "还在呢"
    },
    {
      "user": "白日梦想家",
      "date": "2018-10-06 17:26:49",
      "content": "我也有票，需要的联系"
    }
  ]
}