{
  "title": "看了湖人",
  "topic": {
    "name": "冰封V存在",
    "date": "2018-11-05 12:14:52",
    "content": "除了伤心，还是伤心啊"
  },
  "pages": [],
  "replys": [
    {
      "user": "可乐",
      "date": "2018-11-05 18:48:22",
      "content": "淡定，20场以内能磨合出来算不错的了，当初热火三巨头还磨合了小半个赛季，骑士2.0也是磨合了三个月。詹姆斯和隆多都是高手，迟早能摸出来办法。目前来看，隆多在球场指挥方面更胜一筹。"
    },
    {
      "user": "远方",
      "date": "2018-11-05 18:22:16",
      "content": "佛系看球😂😂"
    },
    {
      "user": "可乐",
      "date": "2018-11-05 18:48:22",
      "content": "淡定，20场以内能磨合出来算不错的了，当初热火三巨头还磨合了小半个赛季，骑士2.0也是磨合了三个月。詹姆斯和隆多都是高手，迟早能摸出来办法。目前来看，隆多在球场指挥方面更胜一筹。"
    },
    {
      "user": "冰封V存在",
      "date": "2018-11-05 19:31:18",
      "content": "说的也对啊"
    },
    {
      "user": "王燚",
      "date": "2018-11-05 20:46:01",
      "content": "耐心，。！？"
    },
    {
      "user": "冰封V存在",
      "date": "2018-11-05 20:52:12",
      "content": "只是看着捉急啊"
    },
    {
      "user": "已注销",
      "date": "2018-11-06 02:23:31",
      "content": "防守很重要"
    },
    {
      "user": "ZhuBinZhuBin",
      "date": "2018-11-06 13:56:16",
      "content": "湖蜜一生请看淡输赢 反正这几年没好过不是吗"
    },
    {
      "user": "四喜",
      "date": "2018-11-06 15:01:41",
      "content": "逢詹必买赢！"
    },
    {
      "user": "冰封V存在",
      "date": "2018-11-06 15:02:39",
      "content": "科比退了，就基本不看了"
    },
    {
      "user": "冰封V存在",
      "date": "2018-11-06 15:02:46",
      "content": "哈哈"
    },
    {
      "user": "咸鸭蛋",
      "date": "2018-11-12 10:29:40",
      "content": "每次看，都给自己搞得很难受😭"
    },
    {
      "user": "冰封V存在",
      "date": "2018-11-12 10:30:15",
      "content": "说的对"
    }
  ]
}