{
  "title": "湖人森林狼",
  "topic": {
    "name": "冰封V存在",
    "date": "2018-11-08 09:19:32",
    "content": "两个对，你们更看好那个队，你们觉得他们两个队，会有交易嘛？"
  },
  "pages": [],
  "replys": [
    {
      "user": "四喜",
      "date": "2018-11-08 09:43:26",
      "content": "湖人逢詹必买赢！"
    },
    {
      "user": "冰封V存在",
      "date": "2018-11-08 09:45:14",
      "content": "哈哈，这个有点害怕了啊"
    },
    {
      "user": "士多啤梨霹雳屁",
      "date": "2018-11-08 09:52:02",
      "content": "喜欢詹姆斯和罗斯~~~谁赢我都开心"
    },
    {
      "user": "冰封V存在",
      "date": "2018-11-08 09:53:12",
      "content": "自己不会纠结了"
    },
    {
      "user": "一梦遥红尘",
      "date": "2018-11-08 12:11:02",
      "content": "湖人，森林狼烂透了"
    },
    {
      "user": "冰封V存在",
      "date": "2018-11-08 12:34:09",
      "content": "都烂啊，没啥区别的啊"
    },
    {
      "user": "夜空中的星星",
      "date": "2018-11-08 14:01:01",
      "content": "今天的主角是螺丝"
    },
    {
      "user": "冰封V存在",
      "date": "2018-11-08 14:02:32",
      "content": "是的，螺丝现在是不是状态回来了，难道是想逆袭，再拿2000万的合同"
    },
    {
      "user": "已注销",
      "date": "2018-11-08 18:04:26",
      "content": "当玫瑰遇到拳王"
    },
    {
      "user": "冰封V存在",
      "date": "2018-11-08 18:05:11",
      "content": "爆虐"
    },
    {
      "user": "Rex Wang",
      "date": "2018-11-10 22:22:21",
      "content": "可惜没签诺阿 我看好明尼苏达森林牛队"
    },
    {
      "user": "蓝天清浅",
      "date": "2018-11-10 22:41:56",
      "content": "湖人"
    },
    {
      "user": "八两",
      "date": "2018-11-12 22:13:12",
      "content": "哈哈，哈哈哈，哈哈哈哈"
    }
  ]
}