{
  "title": "湖人能进季后赛嘛？？？？？？",
  "topic": {
    "name": "冰封V存在",
    "date": "2018-11-12 06:59:57",
    "content": "湖人感觉每场比赛总是缺少点什么，有老科感觉肯定会赢，你们怎么看"
  },
  "pages": [],
  "replys": [
    {
      "user": "请把小熊还给我",
      "date": "2018-11-20 23:07:42",
      "content": "湖人总冠军"
    },
    {
      "user": "22",
      "date": "2018-11-21 20:44:42",
      "content": "进了明年还去现场吧"
    },
    {
      "user": "[已注销]",
      "date": "2018-11-21 22:03:43",
      "content": "能进吧"
    },
    {
      "user": "youggman",
      "date": "2018-11-22 00:00:22",
      "content": "可能吧"
    },
    {
      "user": "面朝大海",
      "date": "2018-11-22 08:57:11",
      "content": "湖人总冠军"
    }
  ]
}