{
  "title": "有喜欢泡椒的吗",
  "topic": {
    "name": "来碗孟婆汤，不",
    "date": "2018-11-26 15:25:18",
    "content": ""
  },
  "pages": [],
  "replys": [
    {
      "user": "太呢了",
      "date": "2018-11-26 20:05:00",
      "content": "感觉自从腿折了后 状态不如从前了"
    },
    {
      "user": "来碗孟婆汤，不",
      "date": "2018-11-27 04:10:02",
      "content": "不应该是更强了吗？这个赛季不是他硬撑着雷霆早就完了，在威少受伤的时候"
    },
    {
      "user": "diend",
      "date": "2018-11-27 11:55:04",
      "content": "就是个铁王  数据大多靠出手堆出来"
    },
    {
      "user": "一梦遥红尘",
      "date": "2018-11-27 14:25:01",
      "content": "防守还可以，进攻我觉得挺差的。不过老有人吹，人气高。"
    },
    {
      "user": "diend",
      "date": "2018-11-27 14:33:48",
      "content": "偶尔能抽个风   大多时候3成命中   一直说他是超巨挺奇怪的"
    },
    {
      "user": "一梦遥红尘",
      "date": "2018-11-27 14:35:12",
      "content": "人气高呗！像奥迪我觉得比他强好多，但没人说"
    },
    {
      "user": "一梦遥红尘",
      "date": "2018-11-27 14:37:07",
      "content": "不过在人家喜欢乔治的帖子下说人家不好，感觉有点不好。多有得罪"
    },
    {
      "user": "来碗孟婆汤，不",
      "date": "2018-11-27 19:04:15",
      "content": "大家一起讨论啦，没事"
    },
    {
      "user": "Neal",
      "date": "2018-11-29 18:52:39",
      "content": "确实身体素质大不如从前了，虽然球技和经验丰富了许多，但是从前的PG身体素质也很惊艳的"
    },
    {
      "user": "能雯雯",
      "date": "2018-11-30 05:55:57",
      "content": "我还以为你卖泡椒的"
    }
  ]
}