{
  "title": "想找一个一起看球赛的妹子",
  "topic": {
    "name": "Yz.",
    "date": "2018-12-16 00:27:04",
    "content": "有深圳喜欢足球的妹子嘛"
  },
  "pages": [],
  "replys": [
    {
      "user": "K° 0131",
      "date": "2019-01-11 11:01:47",
      "content": "小哥哥踢球吗。来我们球队踢球吗"
    },
    {
      "user": "Yz.",
      "date": "2019-01-11 11:07:10",
      "content": "你球队在哪的"
    },
    {
      "user": "K° 0131",
      "date": "2019-01-11 11:07:40",
      "content": "emmmm~~请问你是什么队的球迷的~"
    },
    {
      "user": "Yz.",
      "date": "2019-01-11 11:08:12",
      "content": "中立球迷，哪个联赛都看，自己也踢球"
    },
    {
      "user": "K° 0131",
      "date": "2019-01-11 11:08:55",
      "content": "啊哈哈我们是拜仁球迷会~~球队一般在福田踢球。每周日都有球踢~"
    },
    {
      "user": "Yz.",
      "date": "2019-01-11 11:09:30",
      "content": "那你讨厌皇马嘛，哈哈哈"
    },
    {
      "user": "K° 0131",
      "date": "2019-01-11 11:09:51",
      "content": "是的！很讨厌皇马哦！"
    }
  ]
}