{
  "title": "Only one champion 欧冠冠军🏆🏆🏆",
  "topic": {
    "name": "Wonderful",
    "date": "2018-12-17 23:42:39",
    "content": "你的选择——18-19欧洲冠军联赛冠军"
  },
  "pages": [],
  "replys": [
    {
      "user": "1",
      "date": "2018-12-23 09:21:29",
      "content": "都没人？"
    },
    {
      "user": "Wonderful",
      "date": "2019-03-20 17:01:57",
      "content": "但如果你是一个普通学生，或许会对梅西和C罗这两种学霸有不同的感知。你觉得C罗就是一直在玩命写作业刷题，每次考试咬牙切齿，遇到什么难题都面不改色；梅西则会拿出你见都没见过的思路和解题方法，让你发现这种想法自己想破脑袋也琢磨不出来。你可能很快就会承认自己不如梅西，但多半还会觉得“够努力”就能追上C罗。追的上也就只存在理论上而已！"
    },
    {
      "user": "阿宇",
      "date": "2019-03-20 19:48:28",
      "content": "巴萨巴萨巴萨"
    },
    {
      "user": "阿川",
      "date": "2019-04-17 18:41:49",
      "content": "要么巴萨，要么阿贾吧哈哈哈哈"
    },
    {
      "user": "ONe DAy",
      "date": "2019-04-17 21:11:18",
      "content": "决赛巴萨v曼城  or  利物浦v曼城"
    },
    {
      "user": "ONe DAy",
      "date": "2019-04-17 21:11:32",
      "content": "巴萨夺冠  哈哈"
    },
    {
      "user": "Wonderful",
      "date": "2019-04-19 12:35:14",
      "content": "期待巴萨与阿贾会师万达大都会球场！😛"
    },
    {
      "user": "santa monica",
      "date": "2019-04-20 01:57:28",
      "content": "不要低估热刺，孙兴慜"
    },
    {
      "user": "菲尼",
      "date": "2019-04-24 16:19:15",
      "content": "我文被贾府掀翻了😂贾府是冠军！我朋友觉着应该是巴萨"
    },
    {
      "user": "Wonderful",
      "date": "2019-04-28 08:19:19",
      "content": "恭喜巴萨喜提冠军🏆 ！继续为欧冠冲刺！"
    },
    {
      "user": "Wonderful",
      "date": "2019-05-04 11:20:37",
      "content": ""
    }
  ]
}