{
  "title": "绚丽的玫瑰再次绽放，德里克-罗斯",
  "topic": {
    "name": "远方",
    "date": "2018-12-28 12:16:35",
    "content": "德里克-罗斯曾经被称为天之骄子，刚进NBA就备受期待，担负着重振公牛的使命。最辉煌的时刻是独自带领公牛队杀进东部决赛，挑战盛极一时的热火三巨头。双拳难敌四手，最终还是饮恨败北。这个挑战三巨头的男人，让人钦佩。自那以后因为打球太拼，重大伤病向他袭来，接连着赛季报销。后来转会到尼克斯，伤病依然时常伴随，没有打出好的成绩。又再次的被交易到骑士，还是伤病的原因，几度想要退役，这段时间心情抑郁到极点。我们有句老话叫否极泰来，但他并不因此转运，随后被骑士交易到爵士队，然后被裁。\n兜兜转转的他，最后底薪签约森林狼，一直到现在。2018年11月1号，森林狼主场迎来的爵士的挑战。这场比赛中，罗斯狂砍50分，在他优异的表现下，森林狼获得这场比赛的胜利。在罗斯被犯规罚球的时候，全场响起mvp的喊声。此刻的罗斯已经热泪盈眶，赛后更是被队友簇拥在一起，鼓励他安慰他。压抑多年的情绪终于得到释放，玫瑰再次绽放。\n2018年12月27号，罗斯随着森林狼造访他的旧主公牛队。在这次比赛中，罗斯首发出场砍下24分3个篮板8次助攻，率领森林狼大胜公牛。在他最后一次罚球的时候，公牛的球迷大声呼喊着mvp。那一刻，没有像上次一样流泪，而是绽放出释然的笑容。曾经被公牛寄予厚望的男人，到后来被遗弃，到现在重新获得尊重。他现在真正感受到了篮球带给他的快乐，他的笑告诉我，他在享受，他享受这一切的一切，不管成功与失败。\n巴顿将军说；“衡量一个人的成功标志，不看他登到顶峰的高度，而是看他跌到低谷的反弹力。”这段话在罗斯的身上蛮合适的，他的经历也告诉着我，不管怎样都不要轻易放弃，坚持做自己。最后愿玫瑰能够一直绽放，健健康康的享受着篮球带给他的欢乐。"
  },
  "pages": [],
  "replys": [
    {
      "user": "[已注销]",
      "date": "2019-01-03 18:14:27",
      "content": "太容易伤了，心疼"
    },
    {
      "user": "远方",
      "date": "2019-01-03 18:28:00",
      "content": "可不是啊，我刚发完文章，又受伤了，难道是我奶的，罪过罪过，伤病滚粗。"
    }
  ]
}