{
  "title": "国足捉急，洗洗睡了",
  "topic": {
    "name": "落莎暖暖",
    "date": "2018-12-31 09:08:12",
    "content": "孙球王还没倒好时差就如此骁勇善战，跪了👻20190114－鸭爸爸封神，曼联各项六连胜热刺的内心是崩溃的鸭爸爸封神感觉有两位数的顶级扑救跪了，respect……各项六连胜联赛五连胜恭喜曼联但是热刺踢得也不错lukaku现在脑子跟体重一样笨滞后于全场的感觉2018最后一天醒早了[睡][睡]酝酿回笼中……1.利物浦，肃然起敬，截至2018收关竟然不败战绩，17胜3平，更可怕只被进8个球[发呆][发呆]；2.曼联终于开始好好踢球了3.曼城昨天没掉链子😂😂4.蓝军终于赢了一场客场的伦敦德比，切尔西取得了自2017年8月以来（2-1对热刺）的第一场客场伦敦德比胜利，结束了此前的5场不胜（2平3负），终于又把娜娜甩开了点……英超的跌宕起伏不怎么看比赛也能get到[捂脸]"
  },
  "pages": [],
  "replys": [
    {
      "user": "田园牧歌",
      "date": "2018-12-31 15:43:06",
      "content": "英超明显在玩儿当初NBA的套路"
    },
    {
      "user": "Aizy是个大菠萝",
      "date": "2019-01-01 14:21:13",
      "content": "看来我魔欧联资格还是很稳的"
    },
    {
      "user": "落莎暖暖",
      "date": "2019-01-01 14:43:38",
      "content": "哈哈，你们现在风头正劲"
    },
    {
      "user": "落莎暖暖",
      "date": "2019-01-02 23:53:29",
      "content": "没懂，不看NBA"
    },
    {
      "user": "[已注销]",
      "date": "2019-01-03 10:04:54",
      "content": "这个赛季利物浦厉害的可怕，只要法老和7000万的范大将军不伤病，冠军稳稳的"
    },
    {
      "user": "说废话少废话",
      "date": "2019-01-03 10:33:24",
      "content": "虐菜能力提高了稳了，有几场运气也好，关键看今晚。"
    },
    {
      "user": "落莎暖暖",
      "date": "2019-01-03 11:59:46",
      "content": "一大波曼联球迷在路上😂，索圣驾到，现在跟膨胀呢"
    },
    {
      "user": "[已注销]",
      "date": "2019-01-03 12:02:16",
      "content": "那都没有用，进攻赢得比赛，防守才能赢得冠军"
    },
    {
      "user": "落莎暖暖",
      "date": "2019-01-03 12:03:15",
      "content": "昨天零封了，今天很嚣张"
    },
    {
      "user": "落莎暖暖",
      "date": "2019-01-03 12:03:37",
      "content": "看他们打热刺如何把，利物浦今年战绩l恐怖"
    },
    {
      "user": "[已注销]",
      "date": "2019-01-03 12:07:23",
      "content": "红军7000万买的太值了，比热刺后防稳定"
    },
    {
      "user": "田园牧歌",
      "date": "2019-01-03 12:26:05",
      "content": "增加观赏性和娱乐性，吸引更多观众。均衡各球队之间实力，让冠军和每场比赛的悬念更大，剧情更迷离"
    },
    {
      "user": "落莎暖暖",
      "date": "2019-01-03 12:45:50",
      "content": "哦哦，英超确实不错"
    },
    {
      "user": "落莎暖暖",
      "date": "2019-01-03 13:55:47",
      "content": "嗯，看曼联跟热刺咋样"
    },
    {
      "user": "田园牧歌",
      "date": "2019-01-03 14:09:49",
      "content": "因为几只球队之间差距不大，还时不时有冷门"
    },
    {
      "user": "落莎暖暖",
      "date": "2019-01-03 14:12:41",
      "content": "反正英超比其他联赛好看太多了，但正是因为内耗严重现在欧冠反而不咋样"
    },
    {
      "user": "田园牧歌",
      "date": "2019-01-03 14:30:05",
      "content": "英超欧冠问题不主要在于内耗，主要还是战术打法的革新满，近十年欧冠冠军大部分都是技术流派，英超那种力量风格明显吃亏。在加上到了半决赛决赛阶段，决定胜负的往往是顶级球员的灵光一现和一些天分以及运气的差距。英超能拿出来和梅罗媲美的球员也就那么一两个。"
    },
    {
      "user": "落莎暖暖",
      "date": "2019-01-03 14:46:25",
      "content": "不怎么喜欢技术派，不能完全同意你的观点，之前巴萨鼎盛时期，切尔西是克他们的，罚下一人也不觉得有什么劣势，不是说都得成为技术派才行，足球是圆的，拙见，因为不踢球没有实践"
    },
    {
      "user": "田园牧歌",
      "date": "2019-01-03 14:58:40",
      "content": "不是说哪种好或者不好，只是现在的格局决定某一种风格的成就。只是英超在这种格局变化中走的比较慢。"
    },
    {
      "user": "落莎暖暖",
      "date": "2019-01-03 15:48:24",
      "content": "东边日出西边雨吧，时间轴拉长看看，反正挺有意思"
    },
    {
      "user": "田园牧歌",
      "date": "2019-01-03 16:18:33",
      "content": "我等伪球迷只是看看比赛本身，精彩就好"
    },
    {
      "user": "落莎暖暖",
      "date": "2019-01-03 16:28:41",
      "content": "我更伪，现在比赛都不咋看了😂"
    },
    {
      "user": "田园牧歌",
      "date": "2019-01-03 17:51:47",
      "content": "经典比赛毕竟是少数"
    },
    {
      "user": "落莎暖暖",
      "date": "2019-01-03 17:52:42",
      "content": "嗯嗯嗯"
    },
    {
      "user": "[已注销]",
      "date": "2019-01-03 23:01:48",
      "content": "厉害了，我的妹儿"
    },
    {
      "user": "[已注销]",
      "date": "2019-01-04 12:42:18",
      "content": "居然没有磕过曼城"
    },
    {
      "user": "邦邦邦邦啊",
      "date": "2019-01-04 12:55:05",
      "content": "什么意思🤔"
    },
    {
      "user": "田园牧歌",
      "date": "2019-01-04 12:57:20",
      "content": "上面回复了啊。。"
    },
    {
      "user": "邦邦邦邦啊",
      "date": "2019-01-04 13:00:56",
      "content": "哈哈，刚看到"
    },
    {
      "user": "RAFUnt斌",
      "date": "2019-01-04 14:52:04",
      "content": "亚洲杯有没有推荐，拉我483418880"
    },
    {
      "user": "说多有什么用",
      "date": "2019-01-10 19:52:27",
      "content": "枪手这两天状态又是起起伏伏，难过"
    },
    {
      "user": "落莎暖暖",
      "date": "2019-01-10 19:56:20",
      "content": "蓝军也不好啊……曼联最近还挺骁勇善战的"
    },
    {
      "user": "说多有什么用",
      "date": "2019-01-10 19:58:00",
      "content": "蓝军一向没有太多的喜欢，但是英超本来就是这样，狗血的事儿每天都在发生"
    },
    {
      "user": "落莎暖暖",
      "date": "2019-01-10 20:18:24",
      "content": "萝卜白菜各有所好啊，我明显是切尔西粉丝，你在我的楼这么说不懂什么意思，我还不喜欢阿森纳呢"
    },
    {
      "user": "说多有什么用",
      "date": "2019-01-10 20:21:22",
      "content": "我说的是蓝月！打错了。我也是车迷啦。别激动别激动"
    },
    {
      "user": "落莎暖暖",
      "date": "2019-01-10 20:22:08",
      "content": "哦哦，好吧，曼城我确实不喜欢。。。。就凭瓜秃就不喜欢了"
    },
    {
      "user": "说多有什么用",
      "date": "2019-01-10 20:23:18",
      "content": "曼城一直喜欢不起来，不知道为什么。车子这两天有点低迷，全队一直觉得提不起劲儿。"
    },
    {
      "user": "落莎暖暖",
      "date": "2019-01-10 20:27:29",
      "content": "哎，跟我一样，我也得振作起来了"
    },
    {
      "user": "落莎暖暖",
      "date": "2019-01-14 10:19:53",
      "content": "下半场真是惊呆了"
    },
    {
      "user": "齐德龙东强",
      "date": "2019-01-14 13:24:33",
      "content": "蜷取三分啊"
    },
    {
      "user": "落莎暖暖",
      "date": "2019-01-14 17:23:08",
      "content": "嗯嗯"
    },
    {
      "user": "落莎暖暖",
      "date": "2019-01-16 22:46:47",
      "content": "打卡"
    },
    {
      "user": "成儿",
      "date": "2019-01-18 13:16:04",
      "content": "有"
    },
    {
      "user": "老发小秘",
      "date": "2019-01-18 21:54:52",
      "content": ""
    }
  ]
}