{
  "title": "时隔已久的亚洲杯又来了",
  "topic": {
    "name": "企鹅871319311",
    "date": "2019-01-05 20:53:55",
    "content": "指数目前维持在阿联酋让半一，阿联酋的硬实力与形象要高于巴林，但还没有达到绝对碾压的优势，在之前的热身赛上阿联酋表现低迷，而巴林则是相当火热，加上阿联酋头号球星奥马尔的因伤缺阵，那么半一低水的让步并不算浅，予以了阿联酋应有的支持。作为东道主阿联酋能不能冲击冠军这个说不准，但可以确定的是他们绝不会甘心于小组赛，那么要进入淘汰赛，揭幕战面对实力不强的巴林是没有理由不拿分的，再结合之前交手来看，阿联酋也完全有能力全取三分。综上，希望阿联酋开门红。"
  },
  "pages": [],
  "replys": [
    {
      "user": "so what",
      "date": "2019-01-06 01:15:32",
      "content": "这个小组已经被外围占领了"
    },
    {
      "user": "路亚迷",
      "date": "2019-01-06 22:04:55",
      "content": "你不懂澳盘！"
    },
    {
      "user": "一十尹",
      "date": "2019-01-11 23:34:30",
      "content": "赌球群？"
    }
  ]
}