{
  "title": "达拉斯新王登基，克莱碰上红衣服就来劲",
  "topic": {
    "name": "御前侍卫不带刀",
    "date": "2019-01-14 01:07:58",
    "content": "2011年总决赛MVP和2011年常规赛MVP今儿碰上了，罗斯复出表现出色，21分5助攻，单看数据颇有当年MVP赛季的风采。只是老司机日薄西山，全场4中0没有得分，但达拉斯人还是笑到了最后，因为卢卡-东契奇。最后时刻连得7分，先是面对唐斯霸王硬上弓，接着生突罗斯扛着唐斯和吉布森大力灌篮，最后一球发球失误之后回来一记追身三分，杀死比赛，颇有当年老司机的风采。41场比赛过后，东契奇场均20+6+5，媲美新秀赛季詹姆斯，除盖帽外各项数据均列新秀榜前三，最佳新秀已为囊中之物。达拉斯人，旧王退位，新王登基！说完东契奇，再说说当年单换东契奇的特雷杨。老鹰今儿碰上大帝休息的76人，前三节双方半斗得难解难分，还剩最后半节之时，主教练皮尔斯深明大义，派上豪哥替下特雷杨。按理说，特雷杨最近几场的表现优于赛季初期，但前两天对阵猛龙的最后时刻，小伙子居然生突莱昂纳德，这种以卵击石的做法着实给皮尔斯留下了心理阴影，于是大手一挥，你小子给我坐着老老实实看吧。结果老鹰全民皆兵，赫尔特加柯林斯，联手给费城送上两连败大礼。老鹰老板看着东契奇的表现，再瞅瞅自家的特雷杨，不禁发出一声感慨：悲哀！真替我自己感到悲哀！东边大帝缺阵76人憾负，西边少了皇帝的湖人今儿又惨败。面对跟在自己身后的爵士，湖人坚持了两节半，最终败下阵来。这种一场抵两场的比赛过后，西部第九的爵士距离湖人只剩一个胜场。考虑到詹姆斯还要休息三场比赛，湖人这西部第八的位置，恐怕也是岌岌可危。比输了比赛更让人糟心的，是年轻球员的表现。莺球裤三少联手42中13得了33分，对面的米切尔也得33分，只是这出手次数掉了个个儿，24中14比三少还多进一球。咋说呢，东契奇的天赋瞎眼可见，湖人三少的天赋，也是“瞎”眼可见……是夜 奥克兰 甲骨文球馆克莱汤普森步入球场 面色沉重 若有所思 默不作声 自顾自地练着投篮训练场上库里杜兰特格林见后议论纷纷 哥们儿今天咋了 这么严肃克莱不为所动 继续在三分线外自我陶醉着开场后70秒克莱连续三记三分 库里兴冲冲地跑过去与其击掌庆祝“严肃点，史蒂芬，比赛才刚刚开始”克莱继续面无表情接着 半场24分 三节30分 甲骨文球馆人声鼎沸 可克莱依然稳如泰山直到现场解说说出那句：恭喜史蒂芬-库里超过特里，常规赛三分命中数排名历史第三此时的克莱如释重负 嘴里蹦出一句话：嗨 他X的 我看到对面一堆红白球衣 还以为又是西决G6打火箭呢"
  },
  "pages": [],
  "replys": [
    {
      "user": "[已注销]",
      "date": "2019-01-14 16:19:54",
      "content": "兄弟幽默,不过今年的火箭季后赛我觉得不会打到G6，看裁判买不买哈登的造犯规了"
    },
    {
      "user": "御前侍卫不带刀",
      "date": "2019-01-14 17:13:43",
      "content": "说实话，真悬，今年火箭阵容短板太明显了，而且伤病多。"
    },
    {
      "user": "[已注销]",
      "date": "2019-01-14 17:17:49",
      "content": "走了Ariza跟m爸阿木铁，防守是个漏洞，保罗没归队，哈登一个人控场打满四节，我觉得有点太拼"
    },
    {
      "user": "御前侍卫不带刀",
      "date": "2019-01-14 22:22:45",
      "content": "最近的出场时间，简直可怕。。。"
    },
    {
      "user": "[已注销]",
      "date": "2019-01-15 09:46:16",
      "content": "最近疯狂刷分刷助攻呀前天三分球17投1中还能拿38分"
    },
    {
      "user": "御前侍卫不带刀",
      "date": "2019-01-15 10:37:47",
      "content": "再瞅瞅今天，简直了。。。火箭也是，伤了一窝，够可以的"
    },
    {
      "user": "[已注销]",
      "date": "2019-01-15 12:51:58",
      "content": "今天哈登的数据如何，在上班没法看，给我回报一下 ∧∧"
    },
    {
      "user": "御前侍卫不带刀",
      "date": "2019-01-15 14:08:43",
      "content": "今天57分，瑟瑟发抖。。。"
    }
  ]
}