{
  "title": "东契奇为何进步了全明星赛",
  "topic": {
    "name": "清风",
    "date": "2019-02-16 09:53:03",
    "content": ""
  },
  "pages": [],
  "replys": [
    {
      "user": "清风",
      "date": "2019-02-16 12:03:21",
      "content": "球迷占50%也应该进"
    },
    {
      "user": "三月兔亭狲介",
      "date": "2019-02-16 12:05:23",
      "content": "替补基本就是内部关系调节没新人的份……先发以前全拼球迷投票，现在嘛可以黑箱操作了……"
    },
    {
      "user": "温奇",
      "date": "2019-02-16 12:16:10",
      "content": "新人容易招黑。还有就是现在的规则，球迷票占一半。"
    },
    {
      "user": "我要的阳光。",
      "date": "2019-02-18 22:47:09",
      "content": "你说西部这些人，把谁弄下来？？？？"
    },
    {
      "user": "较瘦",
      "date": "2019-03-06 07:33:20",
      "content": "欺生吧"
    },
    {
      "user": "Rena",
      "date": "2019-03-06 08:32:26",
      "content": "没办法啊，欺负新人"
    },
    {
      "user": "077",
      "date": "2019-03-06 16:04:22",
      "content": "？这话怎么说？"
    }
  ]
}