{
  "title": "现役谁的球风最飘逸",
  "topic": {
    "name": "画图画图",
    "date": "2019-03-01 09:18:19",
    "content": "个人投保罗乔治，无论是三分还是突破都很有观赏性，另外扎克.拉文也不错"
  },
  "pages": [],
  "replys": [
    {
      "user": "kid00700",
      "date": "2019-03-01 16:05:21",
      "content": "保罗乔治"
    },
    {
      "user": "画图画图",
      "date": "2019-03-01 16:33:23",
      "content": "😂😂弹吉他的庆祝动作"
    },
    {
      "user": "diend",
      "date": "2019-03-01 16:52:12",
      "content": "当然是丁威迪"
    },
    {
      "user": "晴天",
      "date": "2019-03-01 19:17:36",
      "content": "保罗.乔治"
    },
    {
      "user": "孤单喂饱了理性",
      "date": "2019-03-01 19:32:58",
      "content": "首推泡椒，还有莱昂纳德，投篮姿势很喜欢。"
    },
    {
      "user": "三月兔亭狲介",
      "date": "2019-03-01 20:50:04",
      "content": "低空飘逸肯定是约老师……操作骚到爆"
    },
    {
      "user": "王二",
      "date": "2019-03-01 21:53:07",
      "content": "当然是 克劳福德啦"
    },
    {
      "user": "chris lee",
      "date": "2019-03-02 08:39:17",
      "content": "当然是我大龟少"
    },
    {
      "user": "Rex Wang",
      "date": "2019-03-02 08:47:51",
      "content": "拉文前途不可限量"
    },
    {
      "user": "猪头小队长",
      "date": "2019-03-02 11:34:51",
      "content": "老卡特"
    },
    {
      "user": "低端鸟人",
      "date": "2019-03-02 13:59:04",
      "content": "老卡特+1"
    },
    {
      "user": "宇内存知己",
      "date": "2019-03-02 23:40:42",
      "content": "欧文啊"
    },
    {
      "user": "[已注销]",
      "date": "2019-03-02 23:55:50",
      "content": "欧文，打法太吸粉了，科比之后应该打法最观赏性了"
    },
    {
      "user": "两文一刀",
      "date": "2019-03-03 08:01:05",
      "content": "泡椒&近期韦大爷"
    },
    {
      "user": "虎马",
      "date": "2019-03-03 11:28:09",
      "content": "没人说库里，我就提个库里吧。"
    },
    {
      "user": "[已注销]",
      "date": "2019-03-03 12:39:59",
      "content": "论飘逸，必属大表妹考辛斯啊"
    },
    {
      "user": "芝麻豆豆",
      "date": "2019-03-03 20:39:40",
      "content": "保罗"
    },
    {
      "user": "九师傅",
      "date": "2019-03-04 04:08:49",
      "content": "拉文"
    },
    {
      "user": "轮墓",
      "date": "2019-03-04 17:39:20",
      "content": "克劳福德"
    },
    {
      "user": "theAllen丶",
      "date": "2019-03-06 23:57:36",
      "content": "德罗赞和欧文"
    },
    {
      "user": "自信的笑",
      "date": "2019-03-07 12:52:48",
      "content": "欧文"
    },
    {
      "user": "多氵十妹妹",
      "date": "2019-03-07 15:01:21",
      "content": "和妹妹接视屏一对一哦~玩的哥哥私我"
    },
    {
      "user": "尼克@张",
      "date": "2019-03-07 17:02:19",
      "content": "我喜欢库里"
    },
    {
      "user": "金坷垃伟大",
      "date": "2019-05-17 18:15:12",
      "content": "库里吧，背运很骚"
    }
  ]
}