{
  "title": "湖人进季后赛是没问题，但是教练……",
  "topic": {
    "name": "三月兔亭狲介",
    "date": "2019-03-02 16:11:42",
    "content": "打不过雄鹿不是问题。能跟雄鹿打到最后也算证明战力可以了。现在争夺季后赛名额可以看做快船马刺国王湖人森狼5个队抢2个名额，考虑森狼的球队气质保温杯的表现等等基本你可以认为99%出局的，国王毕竟队里没有基石级的球员，也没什么靠谱老将，回暖的湖人赶超应该还是没问题的，快船毕竟没非进季后赛的动力，现在还在第7是因为前半程成绩相对好，有点老本，所以湖人最后应该会在发力詹的带动下进季后赛的……但是教练的阵容搭配，必须要做决断！到底是要进攻还是防守，一定要想清楚，湖人没有资源攻守一体均衡篮球。湖人当前的正解，其实还是鲈鱼教练的风格，核心是如何让全力詹节省体力。詹姆斯上的时候如何最大化进攻火力，詹姆斯下的时候如何防住对手少挖坑。具体比如朗多，湖人是没控卫用。但是如果内线是麦基（完全无射程）外线同时还有莺歌（可以放投）的时候就别上朗多了，朗多因为个子矮，无球空切的润滑作用当2传手的威力是没有的（跟勇士的格林1哥不一样）朗多要用就要用完全空间阵容，搭配空切手投手弱侧突击手等等让他持球的。又比如库兹马，扛不住字母可以理解，被布罗格登一步过也太辣眼睛。再比如麦基的位置感一直是有问题的，他的防守应该是搭配相对优秀的防守球员给对手压迫而不是指望他能替防守弱的队友擦屁股……"
  },
  "pages": [],
  "replys": [
    {
      "user": "我要的阳光。",
      "date": "2019-03-03 15:04:40",
      "content": "如同笑话"
    },
    {
      "user": "12315",
      "date": "2019-03-03 16:52:37",
      "content": "湖人进季后赛没问题？大概率是进不了啊"
    },
    {
      "user": "desire",
      "date": "2019-03-03 17:27:54",
      "content": "“快船马刺国王湖人森狼”  我怎么看起来，第一个没戏的就是我湖呢。。。。。"
    },
    {
      "user": "sundayboy",
      "date": "2019-03-03 17:31:56",
      "content": "“爆冷”输给太阳，进季后赛？"
    },
    {
      "user": "三月兔亭狲介",
      "date": "2019-03-03 18:08:57",
      "content": "其实我是一个莫雷蜜主要关注火箭的操作，哈哈哈哈"
    },
    {
      "user": "木鱼",
      "date": "2019-03-03 18:19:15",
      "content": "想多了，这赛季就看看莺歌能进步多少了"
    },
    {
      "user": "077",
      "date": "2019-03-03 21:59:58",
      "content": "想多了老板"
    },
    {
      "user": "能雯雯",
      "date": "2019-03-06 22:01:49",
      "content": "心疼我詹"
    },
    {
      "user": "TAN",
      "date": "2019-03-10 21:07:31",
      "content": "请问你真的看球吗"
    },
    {
      "user": "三月兔亭狲介",
      "date": "2019-03-10 21:10:49",
      "content": "你看日期吗"
    }
  ]
}