{
  "title": "湖人四少实力如何？是不是吹得有点过了？",
  "topic": {
    "name": "Rena",
    "date": "2019-03-04 15:15:55",
    "content": ""
  },
  "pages": [],
  "replys": [
    {
      "user": "我要的阳光。",
      "date": "2019-03-05 14:23:05",
      "content": "四少表示，是你历史第一人吹得有点过了"
    },
    {
      "user": "三月兔亭狲介",
      "date": "2019-03-04 23:11:23",
      "content": "有身体能防守的，不太会投3分，能投3分的，身体不行防守意识还一般"
    },
    {
      "user": "我要的阳光。",
      "date": "2019-03-05 14:23:05",
      "content": "四少表示，是你历史第一人吹得有点过了"
    },
    {
      "user": "Rena",
      "date": "2019-03-05 15:51:46",
      "content": "四少没有人能成为巨头"
    },
    {
      "user": "077",
      "date": "2019-03-05 16:05:19",
      "content": "我感觉现在就下结论说一个都不行有点太早吧😂😂😂"
    },
    {
      "user": "Rena",
      "date": "2019-03-05 16:06:28",
      "content": "对的"
    },
    {
      "user": "Rena",
      "date": "2019-03-05 16:07:02",
      "content": "就是很普通的NBA球员中上都不算"
    },
    {
      "user": "chris lee",
      "date": "2019-03-05 16:35:35",
      "content": "四少只是个简称，和雷霆三少还是有差距的，不能看到少就觉得他们很强"
    },
    {
      "user": "Rena",
      "date": "2019-03-05 19:17:45",
      "content": "不知道谁说四少的，名不副实啊"
    }
  ]
}