{
  "title": "湖人还能进季后赛吗",
  "topic": {
    "name": "kid00700",
    "date": "2019-03-05 11:30:19",
    "content": "今年有没有希望进季后赛 几率大不大"
  },
  "pages": [],
  "replys": [
    {
      "user": "D3MOS",
      "date": "2019-03-05 15:05:17",
      "content": "你好，不能。"
    },
    {
      "user": "辛瓜辛蜜",
      "date": "2019-03-05 15:46:59",
      "content": "凉了"
    },
    {
      "user": "赤道",
      "date": "2019-03-05 15:47:52",
      "content": "你好！不能"
    },
    {
      "user": "四喜",
      "date": "2019-03-05 16:02:03",
      "content": "哎～～"
    },
    {
      "user": "乌拉拉",
      "date": "2019-03-05 16:39:27",
      "content": "进不了了，等乐透抽签吧"
    },
    {
      "user": "Bogeyman",
      "date": "2019-03-05 17:29:57",
      "content": "理智一点"
    },
    {
      "user": "三月兔亭狲介",
      "date": "2019-03-05 17:33:38",
      "content": "拉开了，国王还有可能追一追，但是也难了，基本西部前8就是现在这8个队了"
    },
    {
      "user": "R",
      "date": "2019-03-05 20:03:18",
      "content": "不能"
    },
    {
      "user": "孤单喂饱了理性",
      "date": "2019-03-05 23:08:51",
      "content": "可能性基本为零"
    },
    {
      "user": "较瘦",
      "date": "2019-03-06 07:24:59",
      "content": "必须不能"
    },
    {
      "user": "[已注销]",
      "date": "2019-03-06 11:11:50",
      "content": "进不了，别想了，告辞"
    },
    {
      "user": "长江以南",
      "date": "2019-03-06 11:25:18",
      "content": "唉"
    },
    {
      "user": "长江以南",
      "date": "2019-03-06 11:25:37",
      "content": "当时没想到剧情是这样的"
    },
    {
      "user": "生人",
      "date": "2019-03-06 14:50:06",
      "content": "冲啊 ！！！ 大不了明年再来啊！！！！！！"
    }
  ]
}