{
  "title": "詹姆斯加湖人四少都进不了季后赛，这四少也太假了。",
  "topic": {
    "name": "大王",
    "date": "2019-03-05 12:14:34",
    "content": ""
  },
  "pages": [],
  "replys": [
    {
      "user": "我要的阳光。",
      "date": "2019-03-05 14:22:05",
      "content": "四少表示，你这联盟历史第一人更假"
    },
    {
      "user": "苏芮经典",
      "date": "2019-03-05 14:39:27",
      "content": "在我詹看来，4少的价值是换来一个浓眉"
    },
    {
      "user": "大王",
      "date": "2019-03-05 14:41:18",
      "content": "哈哈哈"
    },
    {
      "user": "大王",
      "date": "2019-03-05 14:41:31",
      "content": "问题是换不来"
    },
    {
      "user": "波杰克",
      "date": "2019-03-05 14:56:13",
      "content": "西部带队不比东部 詹皇应该有了深刻的体会"
    },
    {
      "user": "苏芮经典",
      "date": "2019-03-05 15:00:35",
      "content": "湖人管理层 想老詹带带四少打打季后赛，积累经验。没想到老詹竟然想换来浓眉剑指总冠军，这种透支未来的帐划不来"
    },
    {
      "user": "能雯雯",
      "date": "2019-03-06 22:00:55",
      "content": "教练………"
    },
    {
      "user": "喵",
      "date": "2019-03-07 10:37:29",
      "content": "觉得湖人这季好可惜"
    },
    {
      "user": "大王",
      "date": "2019-03-07 11:23:57",
      "content": "是啊"
    }
  ]
}