{
  "title": "说说你喜欢的球星，也说说你过目不忘的球鞋",
  "topic": {
    "name": "卖鞋的王二狗",
    "date": "2019-03-05 14:17:23",
    "content": "说说你喜欢的球星，也说说你过目不忘的球鞋"
  },
  "pages": [],
  "replys": [
    {
      "user": "小可爱",
      "date": "2019-03-05 19:01:31",
      "content": "科比"
    },
    {
      "user": "Nicholas·Yu",
      "date": "2019-03-05 20:39:29",
      "content": "Lbj15"
    },
    {
      "user": "乌拉拉",
      "date": "2019-03-05 21:06:21",
      "content": "科8渐变紫"
    },
    {
      "user": "卖鞋的王二狗",
      "date": "2019-03-05 22:03:17",
      "content": "蜗壳"
    },
    {
      "user": "卖鞋的王二狗",
      "date": "2019-03-05 22:03:28",
      "content": "骚气啊兄弟"
    },
    {
      "user": "卖鞋的王二狗",
      "date": "2019-03-05 22:04:05",
      "content": "敦实～"
    },
    {
      "user": "能雯雯",
      "date": "2019-03-05 23:17:21",
      "content": "我老詹啊 球鞋的话乔5吧黑粉第一双"
    }
  ]
}