{
  "title": "湖人进不了季后赛了，所以我决定辞职了",
  "topic": {
    "name": "包豆包ing",
    "date": "2019-03-06 20:21:08",
    "content": "已经决定7月离职，跟朋友说过如果湖人进不了季后赛，我就辞职的。😩心疼我老詹"
  },
  "pages": [],
  "replys": [
    {
      "user": "[已注销]",
      "date": "2019-03-06 22:00:04",
      "content": "最近没咋看，现在是铁定没希望了吗？胜场已经追不上了？"
    },
    {
      "user": "毛毛啊喂",
      "date": "2019-03-06 23:09:40",
      "content": "感觉34岁确实是个坎儿啊。哎"
    },
    {
      "user": "Peppa",
      "date": "2019-03-06 23:36:46",
      "content": "你想辞职别让湖人背你锅哈哈"
    },
    {
      "user": "包豆包ing",
      "date": "2019-03-07 06:54:08",
      "content": "是的"
    },
    {
      "user": "包豆包ing",
      "date": "2019-03-07 06:54:14",
      "content": "是的"
    },
    {
      "user": "包豆包ing",
      "date": "2019-03-07 06:54:19",
      "content": "唉"
    },
    {
      "user": "包豆包ing",
      "date": "2019-03-07 06:54:29",
      "content": "😂老铁别说出来"
    },
    {
      "user": "包豆包ing",
      "date": "2019-03-07 06:54:39",
      "content": "😂自己啊"
    },
    {
      "user": "我要的阳光。",
      "date": "2019-03-07 06:56:17",
      "content": "划划水一年四千万美金，需要你们心疼？"
    },
    {
      "user": "包豆包ing",
      "date": "2019-03-07 06:56:40",
      "content": "😂扎心了"
    },
    {
      "user": "包豆包ing",
      "date": "2019-03-07 08:05:34",
      "content": "就是"
    },
    {
      "user": "[已注销]",
      "date": "2019-03-07 08:09:54",
      "content": "呜呜呜，心疼老汉"
    },
    {
      "user": "包豆包ing",
      "date": "2019-03-07 10:39:16",
      "content": "我是认真的"
    },
    {
      "user": "[已注销]",
      "date": "2019-03-07 10:52:34",
      "content": "认真的吗？？？？"
    },
    {
      "user": "包豆包ing",
      "date": "2019-03-07 10:53:13",
      "content": "真的啊 我下个城市都定好了7月走"
    },
    {
      "user": "牛油果杀手",
      "date": "2019-03-07 10:53:20",
      "content": "牛逼"
    },
    {
      "user": "[已注销]",
      "date": "2019-03-07 10:53:48",
      "content": "我好想去洛杉矶看球赛。"
    },
    {
      "user": "燕雨时",
      "date": "2019-03-07 10:54:45",
      "content": "湖……湖人总冠军？"
    },
    {
      "user": "包豆包ing",
      "date": "2019-03-07 10:56:07",
      "content": "😂"
    },
    {
      "user": "包豆包ing",
      "date": "2019-03-07 10:56:45",
      "content": "我也想诶！！"
    },
    {
      "user": "包豆包ing",
      "date": "2019-03-07 10:56:56",
      "content": "😩冠军不了"
    },
    {
      "user": "[已注销]",
      "date": "2019-03-07 11:08:29",
      "content": "🤝🤝"
    },
    {
      "user": "交织",
      "date": "2019-03-07 11:11:43",
      "content": "咋个 你辞职要去湖人执教"
    },
    {
      "user": "包豆包ing",
      "date": "2019-03-07 11:55:20",
      "content": "😂不是啊"
    },
    {
      "user": "自信的笑",
      "date": "2019-03-07 12:52:04",
      "content": "进不了了今年，大势已去，第一年也没啥挑剔的"
    },
    {
      "user": "包豆包ing",
      "date": "2019-03-07 12:52:50",
      "content": "对 第一年 期待后面"
    },
    {
      "user": "kid00700",
      "date": "2019-03-07 14:39:20",
      "content": "要看明年了   如果明年也这样的话就凉了"
    },
    {
      "user": "多氵十妹妹",
      "date": "2019-03-07 14:58:52",
      "content": "眉有办法"
    },
    {
      "user": "喵",
      "date": "2019-03-08 10:33:47",
      "content": "这季真的很可惜"
    },
    {
      "user": "包豆包ing",
      "date": "2019-03-08 11:01:09",
      "content": "对啊"
    },
    {
      "user": "不说再见",
      "date": "2019-03-08 16:07:41",
      "content": "别啊😂"
    },
    {
      "user": "包豆包ing",
      "date": "2019-03-08 16:15:12",
      "content": "😂"
    },
    {
      "user": "不说再见",
      "date": "2019-03-08 16:50:25",
      "content": "我湖是铁定进不了季后赛了，你辞职要慎重😂"
    },
    {
      "user": "包豆包ing",
      "date": "2019-03-08 16:52:50",
      "content": "我已经决定好啦！"
    },
    {
      "user": "不说再见",
      "date": "2019-03-08 16:57:46",
      "content": "自己想好就行"
    }
  ]
}