{
  "title": "齐达内回皇马",
  "topic": {
    "name": "改名字",
    "date": "2019-03-11 23:18:18",
    "content": "朋友们，这棵树是稳了吧！！"
  },
  "pages": [],
  "replys": [
    {
      "user": "37.5℃",
      "date": "2019-03-11 23:58:53",
      "content": "两个亿引援资金有没有先"
    },
    {
      "user": "哎哟，不错哟",
      "date": "2019-03-12 01:01:49",
      "content": "孙大圣走不走先"
    },
    {
      "user": "小四与七七",
      "date": "2019-03-12 07:47:01",
      "content": "希望他稳坐如老狗。"
    },
    {
      "user": "改名字",
      "date": "2019-03-12 08:17:10",
      "content": "齐祖回来应该是谈了很多条件"
    },
    {
      "user": "37.5℃",
      "date": "2019-03-12 09:00:08",
      "content": "皇家超市要开张了？"
    },
    {
      "user": "niko",
      "date": "2019-03-12 10:10:48",
      "content": "皇马被逼绝境，齐祖真的懂足球，现在接手正事时候啊，佩服齐祖"
    },
    {
      "user": "[已注销]",
      "date": "2019-03-12 12:52:09",
      "content": "未必。"
    }
  ]
}