{
  "title": "一大早醒来 官宣",
  "topic": {
    "name": "改名字",
    "date": "2019-03-12 08:14:59",
    "content": ""
  },
  "pages": [],
  "replys": [
    {
      "user": "kkkkkarennnn",
      "date": "2019-03-12 09:13:12",
      "content": "起立！鼓掌！"
    },
    {
      "user": "kkkkkarennnn",
      "date": "2019-03-12 09:13:12",
      "content": "起立！鼓掌！"
    },
    {
      "user": "哎哟，不错哟",
      "date": "2019-03-12 09:15:38",
      "content": "激动无比，齐祖来了，欧冠就稳了"
    },
    {
      "user": "37.5℃",
      "date": "2019-03-12 10:57:59",
      "content": "我擦，我看到了3亿英镑资金，真有钱。米兰赶紧来淘点货呀"
    },
    {
      "user": "[已注销]",
      "date": "2019-03-12 12:51:37",
      "content": "先把阿扎尔买了。"
    },
    {
      "user": "Messi山羊",
      "date": "2019-03-12 15:13:50",
      "content": "夏窗要走一波人。贝尔，马塞洛，克罗斯，拉莫斯"
    }
  ]
}