{
  "title": "他是神吧？",
  "topic": {
    "name": "合群的猪",
    "date": "2019-03-13 07:40:31",
    "content": ""
  },
  "pages": [],
  "replys": [
    {
      "user": "小四与七七",
      "date": "2019-03-13 07:43:13",
      "content": "我同意，他真的是神…"
    },
    {
      "user": "Lee",
      "date": "2019-03-13 16:03:20",
      "content": "需要他的时候，call他就可以了"
    },
    {
      "user": "D",
      "date": "2019-03-13 22:19:59",
      "content": "必须是"
    },
    {
      "user": "缘起265",
      "date": "2019-03-13 23:07:03",
      "content": "昨晚看了，唯一欧冠真主。今晚有看球的吗"
    }
  ]
}