{
  "title": "大场面男人！！！",
  "topic": {
    "name": "改名字",
    "date": "2019-03-13 05:59:59",
    "content": "尤文逆风翻盘！C罗帽子戏法！！！这球看的太爽了！！"
  },
  "pages": [],
  "replys": [
    {
      "user": "Cris",
      "date": "2019-03-13 06:54:20",
      "content": "感觉c罗也没什么用了 也就是进几个帽子戏法 踢几个绝杀 搞几场翻盘 还会啥？"
    },
    {
      "user": "小四与七七",
      "date": "2019-03-13 07:44:34",
      "content": "你这秀的😂😂👍👍"
    }
  ]
}