{
  "title": "欧冠想看梅罗对决只能等到决赛了",
  "topic": {
    "name": "我改名了",
    "date": "2019-03-21 14:00:05",
    "content": "不知道今年有没有机会看到😟"
  },
  "pages": [],
  "replys": [
    {
      "user": "小四与七七",
      "date": "2019-03-21 14:18:52",
      "content": "首先，他两能进决赛。有希望是好事，但不现实。"
    },
    {
      "user": "我改名了",
      "date": "2019-03-21 14:20:16",
      "content": "巴萨还是有可能的，尤文就…悬吧"
    },
    {
      "user": "小四与七七",
      "date": "2019-03-21 14:33:37",
      "content": "也许吧，都有可能。"
    },
    {
      "user": "Wonderful",
      "date": "2019-03-21 21:59:14",
      "content": "希望看到梅老五呢！"
    },
    {
      "user": "二荆条",
      "date": "2019-03-21 22:09:26",
      "content": "理论上有可能。"
    },
    {
      "user": "阿宇",
      "date": "2019-03-21 22:36:57",
      "content": "恰恰理论上没有可能 除非c罗再来四场帽子戏法"
    },
    {
      "user": "我改名了",
      "date": "2019-03-21 23:14:20",
      "content": "哈哈你想累死总裁嘛"
    },
    {
      "user": "阿宇",
      "date": "2019-03-21 23:41:00",
      "content": "看见你们总裁逆转后的庆祝动作没 他精力旺盛"
    },
    {
      "user": "我改名了",
      "date": "2019-03-21 23:50:41",
      "content": "我是很希望看到梅罗对决的"
    },
    {
      "user": "我改名了",
      "date": "2019-03-21 23:51:19",
      "content": "巴萨今年别再八强翻车就行哈哈"
    },
    {
      "user": "ONe DAy",
      "date": "2019-03-22 12:44:23",
      "content": "曼城对巴萨 曼城对利物浦😂"
    }
  ]
}