{
  "title": "我说一句火箭总冠军，没有意见吧？",
  "topic": {
    "name": "火箭总冠军",
    "date": "2019-04-19 15:05:33",
    "content": "有意见可以，但是不要喷，我比较弱小，我的兄弟不多！"
  },
  "pages": [],
  "replys": [
    {
      "user": "postcard",
      "date": "2019-04-24 15:27:17",
      "content": "我建了火箭球迷群 要来的私我啊"
    },
    {
      "user": "鹿角",
      "date": "2019-04-27 21:27:27",
      "content": "毫无疑问，勇士"
    },
    {
      "user": "三月兔亭狲介",
      "date": "2019-04-28 06:06:02",
      "content": "求不毒奶，勇士总冠军，但是有杜兰特，小学生还是没FMVP只能活活被气死"
    },
    {
      "user": "乌拉拉",
      "date": "2019-04-30 10:45:16",
      "content": "火箭（拿头赢）总冠军"
    },
    {
      "user": "Godzilla Tsao",
      "date": "2019-05-01 00:26:46",
      "content": "勇士好吧！！杜兰特开启死神模式啦！"
    },
    {
      "user": "矢男子",
      "date": "2019-05-01 04:11:06",
      "content": "今年感觉又被金州肖华裁判队打败，西部半决赛第一场都回防了，才响哨，最后两分钟吹罚报告也见到了，你还认为有戏吗？肖华上任后真是没法看了"
    },
    {
      "user": "火箭总冠军",
      "date": "2019-05-03 14:53:41",
      "content": "兄弟们在哪儿"
    },
    {
      "user": "毛毛啊喂",
      "date": "2019-05-05 18:12:02",
      "content": "今天真的爽！又燃起了希望。下一场也要加油啊！"
    },
    {
      "user": "火箭总冠军",
      "date": "2019-05-05 18:42:19",
      "content": "必须拿下才有希望板过来"
    },
    {
      "user": "SthJustLkThat",
      "date": "2019-05-17 13:01:08",
      "content": "抱歉了。。。。。"
    },
    {
      "user": "番茄你个西红柿",
      "date": "2019-07-16 10:35:40",
      "content": "火蜜  交流群   ＋jgp1052082999"
    }
  ]
}