{
  "title": "武磊和孙兴慜的差距有多大，看完这些你就明白了",
  "topic": {
    "name": "堂哥",
    "date": "2019-04-23 14:35:05",
    "content": "韩国是亚洲强队，有很多球员都会在五大联赛效力，最著名的一位就是曼联前球星朴智星。自从朴智星退役之后，孙兴慜又出现在五大联赛，而且效力于英超豪门热刺队，并且也为球队做出了突出的贡献，普遍只有欧洲和南美球员才能做出的成绩和独有的能力，在一个亚洲人来说，孙兴慜能够有如今的成就，非常值得敬佩，在热刺这样的豪门，孙兴慜已经成为队中不可或缺的球员，在刚刚过去的欧冠比赛中，孙兴慜扮演了重要的角色，热刺主场1-0战胜曼城，孙兴慜打入唯一进球。武磊是多年之后又一位登陆五大联赛的球员，也是国足的希望，能够出现在五大联赛已经创造了历史，而且还取得进球，武磊已经成为国内现役球员的标杆式人物。目前武磊占据西班牙人主力位置。成为西班牙人非常有威胁的一名球员。  孙兴慜被称为亚洲一哥，国足球迷也会在武磊和孙兴慜之间做出比较。但是他们之间的差距还是显而易见的。虽然武磊是我们中国球员，不过客观来讲，韩国球员孙兴慜在整体实力上还是高于武磊不是一星半点。球队的差距孙兴慜目前效力于英超豪门热刺，而武磊效力的只是西甲联赛一支保级队伍，热刺高于西班牙人一个档次，而热刺整体实力的强大也有孙兴慜的贡献。韩国人也在欧冠比赛中扮演重要得分手，武磊刚刚加盟西班牙人，也刚刚坐稳了主力位置，西班牙人目前在西甲中游徘徊，我们也希望武磊可以帮助球队打进欧联杯。 进球数据评价一个前锋最好的标准就是进球。孙兴慜在热刺是一名高效的得分手，这个赛季也曾经创造了10场比赛打进14球的个人记录。而武磊在加盟西班牙人之后，将近10场比赛只有一球入账。虽然我们相信武磊还可以进更多球，但是目前看来，武磊在把握机会上还是和孙兴慜有一定的差距。 身体素质英超属于身体对抗非常强的联赛，而孙兴慜能够很好的适应英超联赛也足以证明，他的综合整体实力和门前嗅觉都在武磊之上，武磊的身体还是比较单薄，有时候面对来球无法从容卡位，身体对抗强度不足。而孙兴慜能够很好的做到这一点。 差距还是有的，但是武磊毕竟是我们中国的球员，外国人再好也是别人的。我们还是力挺我们的武球王。希望他可以在未来的日子里更加努力，成为球队中重要的一员，为将来更多的国足选手加盟五大联赛奠定基础。 文章出自三国解球：xueyan607717     豆瓣：堂哥"
  },
  "pages": [],
  "replys": [
    {
      "user": "不能灭绝",
      "date": "2019-04-24 09:33:32",
      "content": "还喊球王 ？？你说中国就这球王就算了， 还亚洲"
    },
    {
      "user": "堂哥",
      "date": "2019-04-23 18:59:14",
      "content": "加V   xueyan607717    进交流谈论群"
    },
    {
      "user": "Wonderful",
      "date": "2019-04-23 23:02:24",
      "content": "亚洲只有一个”武球王”！"
    },
    {
      "user": "堂哥",
      "date": "2019-04-23 23:14:47",
      "content": "是的"
    },
    {
      "user": "不能灭绝",
      "date": "2019-04-24 09:33:32",
      "content": "还喊球王 ？？你说中国就这球王就算了， 还亚洲"
    }
  ]
}