{
  "title": "威少是如何沦为利拉德垫脚石的？",
  "topic": {
    "name": "空哥",
    "date": "2019-04-22 23:26:18",
    "content": "威少的倔，利拉德的稳文|空哥（欢迎关注我的自媒体：空口有评NBA，扫码入群一起聊球！） 个性张扬的拉塞尔-威斯布鲁克，早就习惯了聚光灯环身的感觉。在场上，他爆炸性的打法，变态的身体素质，让人过目难忘。在场下，他是远近闻名的时尚先生，大胆的搭配让体育圈同行们望尘莫及。2012年，年仅23岁的他，就与同样年轻的杜兰特、哈登，踏过马剌的尸体，杀入总决赛。2016-17赛季，他成为自奥斯卡-罗伯森之后，首位赛季场均三双的球员，并凭借这一神迹，当选常规赛MVP。他曾2次成为得分王，2次入选最佳阵容第一阵，2次当选全明星赛MVP...可以说，在NBA，威少就是流量的代名词。而达米安-利拉德，似乎一直活在媒体的关注之外。波特兰，位于尴尬的太平洋时区，很多时候，当开拓者在主场比赛时，美国绝大部分城市都已进入深夜。这支球队，自打利拉德加盟后，最多只进过季后赛第二轮。而利拉德能被人记住的，也许只是他处乱不惊的沉稳冷静。也许，唯一能改变这一局面的，只有亲手击败威少和他的球队。在111-98客场战胜雷霆后，这件事眼看着就要成了。这场球，利拉德开局打得并不顺，前6球都没进，上半场还剩1分15秒时，他才第一次在运动战中得分。但和第三场一样，第三节成为了利拉德时间，最终他19投7中，拿下24分8助攻。而威少尽管开局手感火热，接连命中三分，但他最后10个球都没进，下半场7投0中，是威少有史以来打得最烂的半场球。在这场关键之战，威少21投5中，最终只拿到14分。这是威少季后赛生涯第29次投丢15球以上，他成为自2009年（威少进入联盟）以来季后赛最铁的球员。（遥遥领先第二名8次）在这21球中，他只有3次是在禁区出手，而且都没进，这也是威少季后赛生涯第二次禁区得分吞蛋。他疯狂出手18次的跳投，其实一直都不是威少所长，尤其是三分。自打有三分线以来，NBA一共有127名球员三分出手超过2500次，而命中率垫底的正是威少（30.8%）。即使是在威少的MVP赛季，他34.3%的三分命中率也只是过得去。所以，在今天，当威少在三分线外，错位面对前队友坎特时，整个开拓者的替补席都在喊，往后退，往后退，往后退。威少真的投了，也果真铁了。利拉德也很愿意让威少用跳投来结束雷霆的进攻回合。“你没法阻止他中投，有时他会干拔三分，有时也会进，但我们愿意放他这么投，如果能进，我们也认了。”糟糕的不只是他的投篮，威少对比赛节奏的掌控，似乎并没有随着年龄的增大，有太明显的进步。刹不住车是他的老问题，在比赛中，几次仓促发起的转换进攻均以失败告终，而他风驰电掣的球路，也经常让雷霆的进攻看起来毫无章法。雷霆其实不怕打乱仗，甚至可以说喜欢打乱仗，但在一些关键的回合，缺乏战术执行力也让雷霆付出了代价。而且，威少似乎已经陷入与利拉德的个人对决，难以自拔，一心只想证明自己比对方强。而在上一场失利后，在利拉德号召下，开拓者决心把专注力完全放在比赛本身。不去管裁判怎么吹，也不去理会对方的垃圾话，他们甚至不和自己球队以外的人说一句话。“在上一场比赛后，很多人在谈论场上的你来我往，但其实我们没有带着太多个人情绪，我们只是努力想赢。”“我们不会冲着裁判发火，与对方斗嘴，或者一球报一球，我们只会注意力放在那些能让我们赢球的事儿上。”在这轮季后赛前，几乎没人看好失去主力中锋努尔基奇的开拓者，但现在，他们距离第二轮只差一场胜利。考虑到他们所在的半区没有勇士，也没有火箭，谁说他们没可能进入西部决赛呢？而在切萨皮克能源球馆，许多雷霆球迷不敢相信眼前的一切：这支花1.3亿美元打造的球队，眼看着就要连续第三年首轮出局。而杜兰特时期那唯一一次总决赛体验，会是雷霆的最后一次吗？"
  },
  "pages": [],
  "replys": [
    {
      "user": "kid00700",
      "date": "2019-04-23 10:19:34",
      "content": "威少太铁了"
    },
    {
      "user": "Biubiubiu",
      "date": "2019-04-23 11:09:59",
      "content": "威少这个系列赛太水了"
    },
    {
      "user": "Q",
      "date": "2019-04-23 19:06:53",
      "content": "苦了我PG，唉。"
    },
    {
      "user": "晴天",
      "date": "2019-04-23 22:54:11",
      "content": "利拉德这辈子也不可能拿mvp，历史地位跟威少不是一个级别"
    },
    {
      "user": "温奇",
      "date": "2019-04-23 23:38:41",
      "content": "我突然发现隆多是那样的牛逼。"
    },
    {
      "user": "火少",
      "date": "2019-04-24 13:23:08",
      "content": "还有脸热吹呢"
    },
    {
      "user": "晴天",
      "date": "2019-04-24 13:33:58",
      "content": "反正也是被勇士吊打的命，得瑟什么呢"
    },
    {
      "user": "火少",
      "date": "2019-04-24 13:35:25",
      "content": "甭管打不打得赢勇士，威少比不过利拉德你到哪说都是这样"
    },
    {
      "user": "晴天",
      "date": "2019-04-24 13:37:15",
      "content": "哈哈哈哈哈哈威少有mvp，就算年年一轮游历史地位也压死你利拉德"
    },
    {
      "user": "金坷垃伟大",
      "date": "2019-05-16 20:51:08",
      "content": "米切尔都能在威少头上砍下超巨的数据，有什么好稀奇的"
    },
    {
      "user": "杰",
      "date": "2019-05-22 19:47:48",
      "content": "辣🐔🐢"
    },
    {
      "user": "菜菜爱吃西兰花",
      "date": "2019-05-23 20:13:36",
      "content": "他们谁厉害我不知道 但是我只知道谁跟威少一个队  数据和状态都会下降，但是只要离开了威少马上爆发   参见：哈登 雷吉杰克逊 奥拉迪波等等"
    }
  ]
}