{
  "title": "利物浦对巴萨，大家觉得谁能进决赛",
  "topic": {
    "name": "苦逼实验狗",
    "date": "2019-04-26 17:50:15",
    "content": "如题，欢迎讨论"
  },
  "pages": [],
  "replys": [
    {
      "user": "小四与七七",
      "date": "2019-04-26 17:53:17",
      "content": "利物浦"
    },
    {
      "user": "落莎暖暖",
      "date": "2019-04-26 18:08:37",
      "content": "利物浦"
    },
    {
      "user": "牛虻头子",
      "date": "2019-04-26 20:06:37",
      "content": "旗鼓相当，但我是kop"
    },
    {
      "user": "麼麼酷",
      "date": "2019-04-27 02:06:20",
      "content": "法老🐂🍺…利物浦必胜"
    },
    {
      "user": "诺坎普🎈",
      "date": "2019-04-26 20:06:27",
      "content": "利物浦是冠军"
    },
    {
      "user": "小四与七七",
      "date": "2019-04-26 17:53:17",
      "content": "利物浦"
    },
    {
      "user": "菲尼",
      "date": "2019-04-26 18:07:09",
      "content": "巴萨吧"
    },
    {
      "user": "落莎暖暖",
      "date": "2019-04-26 18:08:37",
      "content": "利物浦"
    },
    {
      "user": "失乐魂",
      "date": "2019-04-26 18:55:26",
      "content": "利物浦"
    },
    {
      "user": "王十一",
      "date": "2019-04-26 19:47:34",
      "content": "巴萨"
    },
    {
      "user": "诺坎普🎈",
      "date": "2019-04-26 20:06:27",
      "content": "利物浦是冠军"
    },
    {
      "user": "牛虻头子",
      "date": "2019-04-26 20:06:37",
      "content": "旗鼓相当，但我是kop"
    },
    {
      "user": "麼麼酷",
      "date": "2019-04-27 02:06:20",
      "content": "法老🐂🍺…利物浦必胜"
    },
    {
      "user": "Tanto",
      "date": "2019-04-27 11:40:40",
      "content": "当然利物浦了，我萨不行的，根本踢不过。"
    },
    {
      "user": "Kane",
      "date": "2019-04-27 11:48:37",
      "content": "巴萨很稳，四强当中没有对手"
    },
    {
      "user": "D.M.F",
      "date": "2019-04-27 14:07:02",
      "content": "55开"
    },
    {
      "user": "🙃",
      "date": "2019-04-27 14:42:55",
      "content": "反正希望是巴萨"
    },
    {
      "user": "西北以西",
      "date": "2019-04-27 20:38:18",
      "content": "感情上支持巴萨，但是巴萨肯定会非常麻烦"
    },
    {
      "user": "albra",
      "date": "2019-04-28 04:02:42",
      "content": "大球"
    },
    {
      "user": "Lucy",
      "date": "2019-04-29 16:37:03",
      "content": "利物浦加油！！"
    },
    {
      "user": "。",
      "date": "2019-04-30 12:52:23",
      "content": "我想支持巴萨，但是怕楼上的人揍我。。。。。。。"
    },
    {
      "user": "。",
      "date": "2019-04-30 12:52:52",
      "content": "别问我为什么，我就是巴萨的脑残粉"
    },
    {
      "user": "吴龑的迷妹",
      "date": "2019-04-30 13:50:12",
      "content": "感情上喜欢巴萨粉，但觉得现在的利物浦太稳了！不敢说啊🙊"
    },
    {
      "user": "。",
      "date": "2019-04-30 17:52:03",
      "content": "不敢，我怕打死我"
    },
    {
      "user": "。",
      "date": "2019-04-30 18:02:11",
      "content": "要是巴萨赢了，就高兴地跳起来起来，✌要是利物浦赢了就装逼得说，嗯，果然不出所料。哈哈哈"
    },
    {
      "user": "yy1c889",
      "date": "2019-04-30 19:00:22",
      "content": "利物浦呗"
    },
    {
      "user": "偌特",
      "date": "2019-05-01 09:55:34",
      "content": "利物浦球迷这么多吗？"
    },
    {
      "user": "主色调红蓝Agni",
      "date": "2019-05-01 14:47:48",
      "content": "瑟瑟发抖"
    }
  ]
}