{
  "title": "今天比赛看好谁？",
  "topic": {
    "name": "yy1c889",
    "date": "2019-04-30 14:57:17",
    "content": "周二003欧冠托特纳姆热刺VS阿贾克斯\n1、热刺在英超，36轮积70分排名第3位，联赛还剩2轮，仍未确保下赛季的欧冠参赛资格。\n2、欧冠赛场上，球队表现出色，16强淘汰赛和8强淘汰赛分别将多特蒙德和曼城斩落马下。\n3、阵容方面，锋线核心凯恩、中前卫温克斯及后卫奥利耶因伤无缘本场比赛。\n1、阿贾克斯上轮联赛坐镇主场迎战维迪斯，球队虽然轮换了部分主力阵容，但是实力上的压倒性优势使得球队不费吹灰之力。\n2、联赛还剩2轮的情况下，阿贾克斯凭借净胜球优势排名榜首。\n3、阿贾克斯在欧冠淘汰赛分别逆转了皇马和尤文图斯，客战也有稳定的战绩，连续8战不败并斩获最近3连胜，异地作战能力突出。\n4、阵容方面，主力前锋亨特拉尔此役有望回归首发名单。"
  },
  "pages": [],
  "replys": [
    {
      "user": "小四与七七",
      "date": "2019-04-30 15:15:40",
      "content": "你要参照组规把持好自己哦。"
    },
    {
      "user": "yy1c889",
      "date": "2019-04-30 15:58:04",
      "content": "好的，谢谢提醒"
    },
    {
      "user": "伯纳乌总管",
      "date": "2019-04-30 16:48:10",
      "content": "估计热刺平负吧"
    },
    {
      "user": "yy1c889",
      "date": "2019-04-30 17:04:20",
      "content": "同路"
    },
    {
      "user": "对A要不起",
      "date": "2019-04-30 23:14:23",
      "content": "客队必胜"
    },
    {
      "user": "yy1c889",
      "date": "2019-05-01 04:52:49",
      "content": "谢谢支持我的偶像球队"
    },
    {
      "user": "北",
      "date": "2019-05-01 22:35:15",
      "content": "阿呀"
    }
  ]
}