{
  "title": "女队及青少年梯队招募 上海黄浦唯一最大规模球队 ...",
  "topic": {
    "name": "Mr Shine",
    "date": "2019-04-29 13:43:44",
    "content": "徐汇FC雏形创立于上海徐汇区的徐汇中学，是中国历史最悠久的社会自发组织的球队。早在上世纪20年代，徐汇公学足球队就代表中国与世界列强球队比赛，取得斐然佳绩，拥有极其深厚的辉煌底蕴和人文情怀。 徐汇FC秉承徐汇中学优良传承的足球传统，从徐汇逐渐延伸至魔都各地。 我们一直秉持以足球为起点，加深各个少年之间的生活联系，逐渐发展成魔都的兄弟会。 为响应上海大力发展青少年足球，活跃社会足球氛围。现正式对外招募以足球为业余爱好的在沪5-18岁青少年，并代招募在沪热爱足球的女队员。有兴趣的大家可以豆瓣豆邮私信我噢，我会回复附上联系方式噢。谢谢。"
  },
  "pages": [],
  "replys": [
    {
      "user": "福尔摩斯丽",
      "date": "2019-08-27 11:23:46",
      "content": "女队 交流比赛吗"
    },
    {
      "user": "Mr Shine",
      "date": "2019-10-24 14:56:10",
      "content": "本周六白天场开启！"
    }
  ]
}