{
  "title": "西班牙人3:0马竞！",
  "topic": {
    "name": "京小北",
    "date": "2019-05-05 00:35:34",
    "content": "可惜武磊表现一般，机会还是有，就是觉得有时候有点犹豫。不过反抢和跑位积极，看得到一直在努力"
  },
  "pages": [],
  "replys": [
    {
      "user": "阿宇",
      "date": "2019-05-05 01:08:04",
      "content": "反正也得不了冠军了，胡踢吧"
    },
    {
      "user": "京小北",
      "date": "2019-05-05 01:18:02",
      "content": "西班牙人理论上还有机会打欧联，的确两边这拼劲儿不一样"
    },
    {
      "user": "Lion",
      "date": "2019-05-05 03:12:07",
      "content": "牛逼"
    },
    {
      "user": "失乐魂",
      "date": "2019-05-05 06:43:44",
      "content": "武磊进了几个？"
    },
    {
      "user": "京小北",
      "date": "2019-05-05 11:55:39",
      "content": "武磊打了瓶酱油..."
    },
    {
      "user": "心不在焉",
      "date": "2019-05-05 15:17:42",
      "content": "其实武磊还是低调，也很努力的，就是媒体太恶心了 。"
    }
  ]
}