{
  "title": "没意思了，梅赛德斯估计包揽全年度的前二",
  "topic": {
    "name": "樱桃树下的橄榄",
    "date": "2019-05-12 22:15:13",
    "content": ""
  },
  "pages": [],
  "replys": [
    {
      "user": "小肚子猪",
      "date": "2019-06-21 17:07:34",
      "content": "反正法拉利的策略组，脑子估计是在地上摩擦的·····"
    },
    {
      "user": "CraigZz",
      "date": "2019-05-22 18:36:54",
      "content": "争个地球组冠军吧"
    },
    {
      "user": "CraigZz",
      "date": "2019-05-22 18:36:54",
      "content": "争个地球组冠军吧"
    },
    {
      "user": "灼灼其华",
      "date": "2019-06-02 16:51:51",
      "content": "看个热闹吧，车好，策略好，车手好，没得比"
    },
    {
      "user": "小肚子猪",
      "date": "2019-06-21 17:07:34",
      "content": "反正法拉利的策略组，脑子估计是在地上摩擦的·····"
    }
  ]
}