{
  "title": "哦吼吼，今晚欧罗巴决赛，蓝军切尔西 VS 枪手阿森纳",
  "topic": {
    "name": "ZUHUI2019",
    "date": "2019-05-29 17:41:56",
    "content": "个人看好蓝军切尔西\n一个英超3，一个英超5\n双方交战历史中，近6次交战，切尔西1胜3平2负\n但是如果阿森纳赢了\n下赛季欧冠将有5支英超球队，英超1-5\n听起来像是一场稳赚不赔的赛事呢！！\n希望球员们不要受转会消息影响，全力以赴吧！\n还有可能出现90分钟内平局，90分钟后分胜负！！\n明天见分晓"
  },
  "pages": [],
  "replys": [
    {
      "user": "余四月",
      "date": "2019-05-30 11:50:08",
      "content": "我车赢了✌️"
    },
    {
      "user": "ZUHUI2019",
      "date": "2019-05-30 12:26:49",
      "content": "是是是  你车牛批！"
    }
  ]
}