{
  "title": "没想到37岁的大奉先还能倒挂金钩",
  "topic": {
    "name": "卡纳瓦罗",
    "date": "2019-06-03 14:18:44",
    "content": ""
  },
  "pages": [],
  "replys": [
    {
      "user": "小四与七七",
      "date": "2019-06-03 15:46:01",
      "content": "奉先：幸好当年曼联有我…"
    },
    {
      "user": "小四与七七",
      "date": "2019-06-03 15:46:01",
      "content": "奉先：幸好当年曼联有我…"
    },
    {
      "user": "京小北",
      "date": "2019-06-04 02:10:06",
      "content": "没了大奉先，今年曼联简直没法看"
    },
    {
      "user": "JACKY",
      "date": "2019-06-04 08:11:57",
      "content": "记住他是奉先，不会属于任何球队，从阿贾克斯、尤文、国米、米兰到大巴黎、曼联，每支球队都有短暂的辉煌，但终究无法登顶欧冠，这就是大奉先的命啊。"
    },
    {
      "user": "更深的蓝",
      "date": "2019-06-04 10:11:44",
      "content": "我看了这场直播 美职联真的水 银河打东区倒数第二 全场散步 前场进攻随便传球失误 明着打假球 如果在欧洲中国早被虚了 水平我一直感觉还可以 但足球文化太差了 越来越像nba 纯表演性质的比赛"
    },
    {
      "user": "1026",
      "date": "2019-06-04 11:42:57",
      "content": "说到纯表演 我想到的是WWE 哈哈哈"
    },
    {
      "user": "更深的蓝",
      "date": "2019-06-04 14:37:18",
      "content": "别觉得夸张 萧华就想把nba打造成娱乐合法化 nba也就算了 美职联也这个味道 足球看着就没意思了"
    },
    {
      "user": "1026",
      "date": "2019-06-04 15:47:33",
      "content": "所幸前几年就脱粉NBA了"
    }
  ]
}