{
  "title": "g5小结",
  "topic": {
    "name": "远方",
    "date": "2019-06-11 12:55:58",
    "content": "今天的两个凯文都让我为之动容，杜兰特经过治疗后住着拐杖离场。鲁尼也是，受伤的情况下拼抢依然积极。镜头好几次给到他都是很痛苦的表情，后半段就没有再上了。\n听说kd上场的时候，我心就悬在那里，害怕他打着打着再次受伤。有时候心灵感应就是这么神奇，果然第2节开局没多久他就受伤了。其实能在第1节比赛的过程中就感受到，在身体的接触对抗上他还是很脆的不敢用力。得到的11分，三个是在外线通过队友的传导，获得的投篮机会。Kd下场的时候是由一位工作人员和一哥搀扶下去，库里也跟在后面，库里回来后镜头有给到他，落寞的眼神，可见kd的伤确实比较严重。\n第2节kd伤退后科尔上了考辛斯，这次一扫前两场的颓势，开场两次强打内线加空位三分，连得7分帮助勇士建立十分以上的优势。但在上半场最后几分钟勇士打的比较混乱，给我的感受是勇士要放弃这场比赛。格林还领了一次技术犯规，如果再技犯一次他将禁赛一场，这也是一个隐患。当然，如果这场猛龙拿下的话，也谈不上隐患了。\n下半场开局勇士通过耐心的传导球，又将分差扩到10分以上。而猛龙进攻陷入停滞好几个回合没有得分，好在范乔丹再现射中三个三分，将比分扩进。双方你来我往好不想让，第3节勇士领先6分结束。\n第四节勇士领先到终场前4分钟，小卡接管比赛连得10分，将分差反超6分。科尔及时暂停，调整之后水花兄弟连续投中三个三分，又抢回比赛，洛瑞的压哨三分偏出，比赛结束。106:105勇士扳回一局，带着3:2的大比分回到甲骨文。\n虽然猛龙末节后半段打出了进攻高潮，领先6分，但给我的总体感受是少了一点紧迫感。最后幸运天使向勇士倾斜，艰难的扳回一局，但对勇士来讲依然凶险，预计kd不会再上，猛龙还是大概率夺冠，最后伤病通通滚粗。"
  },
  "pages": [],
  "replys": [
    {
      "user": "涨5斤变彭于晏",
      "date": "2019-06-11 14:28:56",
      "content": "看不到完整阵容的对决了，今年是小卡封神最好机会"
    },
    {
      "user": "远方",
      "date": "2019-06-11 14:33:52",
      "content": "嗯，希望猛龙抓住机会^_^"
    }
  ]
}