{
  "title": "大家看好扎球王在皇马的未来吗？",
  "topic": {
    "name": "卡纳瓦罗",
    "date": "2019-06-13 00:51:48",
    "content": ""
  },
  "pages": [],
  "replys": [
    {
      "user": "代祥",
      "date": "2019-06-13 10:46:11",
      "content": "很期待就怕要是真没达到预期有些傻逼喷子"
    },
    {
      "user": "月小宝",
      "date": "2019-06-14 00:20:55",
      "content": "但是他也29了，希望早点打出成绩"
    },
    {
      "user": "伯纳乌总管",
      "date": "2019-06-17 15:00:50",
      "content": "除了年纪大了点，没啥缺点。"
    },
    {
      "user": "不爱吃蒸饺",
      "date": "2019-06-20 12:45:04",
      "content": "期待扎球王跟煤老板的正面对决"
    }
  ]
}