{
  "title": "今晚我的心情",
  "topic": {
    "name": "卡纳瓦罗",
    "date": "2019-06-14 22:07:34",
    "content": ""
  },
  "pages": [],
  "replys": [
    {
      "user": "小四与七七",
      "date": "2019-06-14 22:56:25",
      "content": "开心到无法入睡吧……"
    },
    {
      "user": "卡纳瓦罗",
      "date": "2019-06-14 22:58:52",
      "content": "8年来第一次赢了中超冠军"
    },
    {
      "user": "卡纳瓦罗",
      "date": "2019-06-14 23:00:05",
      "content": "老惯例，回酒店开瓶香槟喝喝"
    },
    {
      "user": "小四与七七",
      "date": "2019-06-14 23:05:10",
      "content": "你是叫秀秀吧？"
    },
    {
      "user": "卡纳瓦罗",
      "date": "2019-06-14 23:10:59",
      "content": "球迷说的不是我说的👀"
    },
    {
      "user": "小四与七七",
      "date": "2019-06-15 07:50:54",
      "content": "哈哈哈哈哈你这有样学样的"
    },
    {
      "user": "zeo",
      "date": "2019-06-15 22:40:33",
      "content": "防守太稳了"
    },
    {
      "user": "卡纳瓦罗",
      "date": "2019-06-15 22:42:39",
      "content": "猥琐流防守😂"
    },
    {
      "user": "zeo",
      "date": "2019-06-15 22:57:16",
      "content": "也算猥琐，比较务实"
    },
    {
      "user": "卡纳瓦罗",
      "date": "2019-06-15 23:00:22",
      "content": "毕竟3分更重要"
    }
  ]
}