{
  "title": "内马尔无缘美洲杯？巴西的首场会怎样？",
  "topic": {
    "name": "神经病",
    "date": "2019-06-14 20:36:06",
    "content": "内马尔都骨裂，巴西今年的状态能回复巅峰嘛？假球王内马尔"
  },
  "pages": [],
  "replys": [
    {
      "user": "神经病",
      "date": "2019-06-14 23:17:31",
      "content": "内马尔踢球还行，就是假动作太多了，这次碰到真动作了"
    },
    {
      "user": "zeo",
      "date": "2019-06-15 22:42:22",
      "content": "巴西虐菜还是很稳的"
    },
    {
      "user": "神经病",
      "date": "2019-06-16 17:14:15",
      "content": "稳稳的，早上起不来那么早看球"
    },
    {
      "user": "冰粉少糖不加冰",
      "date": "2019-06-16 20:08:12",
      "content": "马儿最近倒霉事可太多了2333"
    }
  ]
}