{
  "title": "利物浦球迷在哪里？",
  "topic": {
    "name": "月小宝",
    "date": "2019-06-16 19:46:16",
    "content": "大家一起聊聊 交流一下呀！好不容易重新复兴夺冠，剑指19-20联赛冠军！另外豆瓣的kop们有一个群，由于这边小组管理不让发，感兴趣的kop可以私聊我我们加大家进入。"
  },
  "pages": [],
  "replys": [
    {
      "user": "阿喵",
      "date": "2019-06-16 19:48:56",
      "content": "大家一起论球氛围好啊👏👍"
    },
    {
      "user": "冷蛤蛤",
      "date": "2019-06-18 09:57:19",
      "content": "决赛我是去酒吧看的 我是渣叔铁粉"
    },
    {
      "user": "1026",
      "date": "2019-06-18 10:18:48",
      "content": "利物浦 是冠军！"
    },
    {
      "user": "月小宝",
      "date": "2019-06-18 10:45:39",
      "content": "现在要出6冠纪念版球衣咯"
    },
    {
      "user": "1026",
      "date": "2019-06-18 11:15:05",
      "content": "新赛季白客很好看"
    },
    {
      "user": "biu～biu～",
      "date": "2019-06-19 16:24:32",
      "content": "法老 帅气"
    },
    {
      "user": "青莲剑仙",
      "date": "2019-07-10 09:17:02",
      "content": "kop来了"
    }
  ]
}