{
  "title": "有人关注德尔加多吗？他到底什么情况？",
  "topic": {
    "name": "筝筝",
    "date": "2019-06-22 10:54:09",
    "content": ""
  },
  "pages": [],
  "replys": [
    {
      "user": "小四与七七",
      "date": "2019-06-22 11:19:14",
      "content": "归化球员啊"
    },
    {
      "user": "zeo",
      "date": "2019-06-22 15:24:30",
      "content": "U23球员"
    },
    {
      "user": "主色调红蓝Agni",
      "date": "2019-06-22 16:56:53",
      "content": "特殊人才"
    },
    {
      "user": "Mr.差得多",
      "date": "2019-06-25 09:09:27",
      "content": "哈哈哈，鲁能球迷？"
    },
    {
      "user": "库克",
      "date": "2019-06-26 12:45:00",
      "content": "入籍了理论上联赛足协杯可以随时登场  昨天比赛赢了过程输了结果痛心啊"
    }
  ]
}