{
  "title": "湖人篮网中国赛",
  "topic": {
    "name": "超级无敌炮灰猪",
    "date": "2019-07-16 14:02:06",
    "content": "湖人篮网中国赛  詹姆斯 戴维斯  欧文  杜兰特 有没有去的？约起来！"
  },
  "pages": [],
  "replys": [
    {
      "user": "小小洒",
      "date": "2019-07-16 15:17:07",
      "content": "说约就约？你有票吗？"
    },
    {
      "user": "超级无敌炮灰猪",
      "date": "2019-07-16 16:00:19",
      "content": "提前定呗"
    },
    {
      "user": "好玩",
      "date": "2019-07-16 18:08:42",
      "content": "他们估计都不打吧"
    },
    {
      "user": "Neil",
      "date": "2019-07-17 10:36:18",
      "content": "666666楼主知道哪里预定吗😂想买几张"
    },
    {
      "user": "12315",
      "date": "2019-07-18 12:17:30",
      "content": "没有自己渠道的话  不加个一两千是买不到的"
    },
    {
      "user": "w",
      "date": "2019-07-18 21:56:32",
      "content": "票都买不到"
    },
    {
      "user": "Godzilla Tsao",
      "date": "2019-07-20 18:59:56",
      "content": "大概率给新秀们机会上场练阵容 他们不会全来的"
    },
    {
      "user": "超级无敌炮灰猪",
      "date": "2019-07-22 00:50:20",
      "content": "正在找渠道 太难了"
    }
  ]
}