{
  "title": "有朋友喜欢卡卡，送她什么生日礼物好？",
  "topic": {
    "name": "osigen丷",
    "date": "2019-08-02 23:12:53",
    "content": "真诚提问！"
  },
  "pages": [],
  "replys": [
    {
      "user": "小四与七七",
      "date": "2019-08-02 23:46:52",
      "content": "11/12赛季卡卡的皇马球衣，或者06/07赛季的米兰球衣叭。再不然带她去美职联看卡卡踢球。"
    },
    {
      "user": "小四与七七",
      "date": "2019-08-02 23:46:52",
      "content": "11/12赛季卡卡的皇马球衣，或者06/07赛季的米兰球衣叭。再不然带她去美职联看卡卡踢球。"
    },
    {
      "user": "osigen丷",
      "date": "2019-08-03 00:38:45",
      "content": "在哪买呀？你有没有卡卡笑容很灿烂的照片呀？我想做泥人"
    },
    {
      "user": "小四与七七",
      "date": "2019-08-03 09:17:01",
      "content": "网上下载，卡卡的照片一大堆的"
    },
    {
      "user": "osigen丷",
      "date": "2019-08-03 09:57:16",
      "content": "好的，谢谢"
    },
    {
      "user": "不是iPhone沉",
      "date": "2019-08-05 15:42:07",
      "content": "送个C罗。。"
    },
    {
      "user": "zeo",
      "date": "2019-08-05 23:03:29",
      "content": "卡卡还没退役？"
    },
    {
      "user": "小四与七七",
      "date": "2019-08-06 13:18:31",
      "content": "😂😂退役了。但是有些地方还能看到身影，比如去年南美预选～要知道动向，还得关注其本人社交账号"
    },
    {
      "user": "卡冈图雅",
      "date": "2019-08-08 21:39:07",
      "content": "送一本天下足球的卡卡专辑吧"
    },
    {
      "user": "威hhbqam实体",
      "date": "2019-08-10 21:20:21",
      "content": "可以的"
    },
    {
      "user": "威hhbqam实体",
      "date": "2019-08-10 21:21:56",
      "content": "送老干妈哈哈"
    },
    {
      "user": "hua",
      "date": "2019-08-11 16:13:55",
      "content": "球衣啊  不用想"
    }
  ]
}