{
  "title": "切尔西即将迎来新赛季第一场英超！",
  "topic": {
    "name": "京小北",
    "date": "2019-08-11 13:03:19",
    "content": "马上就是新赛季第一场英超了，碰上的还是曼联，内心真的五味杂陈。最开始知道切尔西的时候还是个足球小白，，后来跟朋友一起翘课玩足球经理才慢慢了解切尔西。当时最喜欢的球员是巴拉克，因为在cm里巴拉克后插上头球在游戏里简直无敌。真正看过比赛后，却被兰帕德深深吸引。这个在游戏里跑的不快，身体不壮，技术一般，只是体力高的球员。在现实里，却真切的展现了什么叫勤恳，用后来fm里的话，在每一块草皮上拼搏。当时好友是杰拉德粉丝，那时三天两头被嘲讽说兰帕德踢球老蜷着，看着不酷。然后被我用这是对自己的保护，哪像你家那个三天两头受伤来回击。当时是最好的年纪，也让我记住了我认为最好的球队。德罗巴，兰帕德，罗本，乔科尔，达夫，埃辛，米克尔，马克来来，格雷米，布里奇，特里，博辛瓦，卡瓦略，卡希尔，切赫，库蒂尼奇，还有穆里尼奥。他们建立了一个王朝，现在火炬又交到了兰帕德手上。他会成功吗？还不知道呢。但在我心中，这却是最浪漫的传递。"
  },
  "pages": [],
  "replys": [
    {
      "user": "小四与七七",
      "date": "2019-08-11 13:37:53",
      "content": "我一直以为你是皇马球迷…"
    },
    {
      "user": "禾白",
      "date": "2019-08-11 22:29:00",
      "content": "我是曼联球迷，但是喜欢德罗巴兰帕德"
    },
    {
      "user": "京小北",
      "date": "2019-08-11 23:56:40",
      "content": "我看皇马是因为C罗...我就是克制不住欣赏那些特别有自控能力的球员，可能因为自己没有hhhhhh"
    },
    {
      "user": "京小北",
      "date": "2019-08-11 23:57:38",
      "content": "挺好的，喜欢一个球队不妨碍欣赏其他球员"
    },
    {
      "user": "小四与七七",
      "date": "2019-08-12 00:21:27",
      "content": "没毛病，很棒啊。"
    },
    {
      "user": "小四与七七",
      "date": "2019-08-12 00:22:06",
      "content": "是吧？但看这情形你魔要提前三十八轮夺冠呀。"
    },
    {
      "user": "禾白",
      "date": "2019-08-12 00:26:29",
      "content": "净胜球不够"
    },
    {
      "user": "小四与七七",
      "date": "2019-08-12 00:31:25",
      "content": "再进五个。"
    },
    {
      "user": "禾白",
      "date": "2019-08-12 00:49:24",
      "content": "借你吉言"
    },
    {
      "user": "京小北",
      "date": "2019-08-12 00:49:53",
      "content": "看美国队长上来翻天覆地"
    },
    {
      "user": "小四与七七",
      "date": "2019-08-12 00:52:04",
      "content": "不客气，曼联是冠军。"
    },
    {
      "user": "小四与七七",
      "date": "2019-08-12 00:54:22",
      "content": "今天比赛还没开始，就和曼联球迷吵翻天了。红魔没腰我们没锋，造业。说这话的时候曼联又进了一个…"
    },
    {
      "user": "小四与七七",
      "date": "2019-08-12 00:56:47",
      "content": "卧槽！进了两"
    },
    {
      "user": "京小北",
      "date": "2019-08-12 01:16:12",
      "content": "我现在严重怀疑你是穿越回来的...."
    },
    {
      "user": "小四与七七",
      "date": "2019-08-12 01:23:41",
      "content": "我嘴巴开过光的😞fuck切尔西的后防，坐等三天后被利物浦血洗。"
    },
    {
      "user": "京小北",
      "date": "2019-08-12 01:25:41",
      "content": "看着曼联，马奎尔真厉害…"
    },
    {
      "user": "小四与七七",
      "date": "2019-08-12 01:27:14",
      "content": "麻麻地！也没看出世界第一的价值。德赫亚和门框才厉害。"
    },
    {
      "user": "zeo",
      "date": "2019-08-12 07:29:35",
      "content": "看了半场，祖玛真是坑"
    },
    {
      "user": "京小北",
      "date": "2019-08-12 07:51:02",
      "content": "看到祖马首发，我脑海里出现的是足总杯决赛锁死热刺核心埃里克森的那一幕..."
    }
  ]
}