{
  "title": "期待明天切尔西vs利物浦",
  "topic": {
    "name": "京小北",
    "date": "2019-08-14 13:13:20",
    "content": "其实这个赛季前，已经很久不看球了。理由有很多，越位线上的精灵消失了，睡不醒的中场大师回家喝红酒了，那个潇洒的3号后卫进入了管理层，跑不死的蓝色中场跑不动了，坦克兵摘了坦克帽退伍归去，喜欢的教练也接连失去支持最后被打成了大鹅，还有那个一起熬夜看球一起水泥地上踢球的哥们，现在也隔了一万多公里远。足球好像慢慢从生活中淡去了。足球真是一个神奇的运动，当你觉得他远去时，他却又总会在不知不觉中回到你的视线中。很偶然的，看到了哥们发了利物浦逆转了巴萨的朋友圈，虽然都已经不认识阵中球员，却还是久违的和哥们聊了起来。然后偶尔看看，发现足球还是能让我为之激动。而唤回那份热情的最后一根稻草，就是那个跑不死的蓝色中场。虽然是英冠赛场，但带领球队一步一步杀入晋级附加赛，在不被看好的情况下力挽狂澜，他站在场边，眼神和气势与他站在球场上一摸一样，他还是那个不知疲倦，不会放弃的蓝色中场。这个赛季，他回到了切尔西，一切都是那么让人怀念。看着他站在场边的样子，让我敬佩不已。太多人在时间中改变了，放弃了，我觉得那是无奈的，大家都会这样。可看着他，我觉得他不是，也不会这样。也许现在说这话还太早，不过我想要看看，看看这个人和这支球队，能走到多远。"
  },
  "pages": [],
  "replys": [
    {
      "user": "[已注销]",
      "date": "2019-08-14 13:43:50",
      "content": "我压切尔西"
    },
    {
      "user": "京小北",
      "date": "2019-08-14 14:00:32",
      "content": "还在磨合，比上一场冷静些再多点团队配合我就满足了"
    },
    {
      "user": "zeo",
      "date": "2019-08-14 15:27:26",
      "content": "一代人的青春"
    },
    {
      "user": "小四与七七",
      "date": "2019-08-14 22:37:17",
      "content": "我准备了速效救心丸，希望用不上。"
    },
    {
      "user": "京小北",
      "date": "2019-08-15 02:19:11",
      "content": "Everybody is here now!!!Qi lai kan qiu le"
    },
    {
      "user": "小四与七七",
      "date": "2019-08-15 06:43:19",
      "content": "为啥不是wake up,get up?"
    },
    {
      "user": "zeo",
      "date": "2019-08-15 14:16:29",
      "content": "尼莫"
    },
    {
      "user": "冰粉少糖不加冰",
      "date": "2019-08-16 03:06:31",
      "content": "是红军哈哈哈"
    },
    {
      "user": "幻灭的海",
      "date": "2019-08-17 14:18:18",
      "content": "我同意"
    },
    {
      "user": "大卫路易斯",
      "date": "2019-08-18 15:30:05",
      "content": "我id也没了"
    },
    {
      "user": "考试生半夏",
      "date": "2019-08-22 03:01:49",
      "content": "喜提天台"
    }
  ]
}