{
  "title": "马内双响，凯帕9扑救，切尔西血战120分钟点球不低...",
  "topic": {
    "name": "京小北",
    "date": "2019-08-15 05:44:06",
    "content": "整体我觉得这场比赛谁赢都不稀奇，双方在不同的时间段都占据过优势。双方球员拼到最后一秒的精神让人动容。这是我看过最精彩的欧超杯，为双方鼓掌。上半场，切尔西中前场首发做出了不少调整，吉鲁，普里西奇，坎特，尤其是坎特的回归，带来了巨大的改变。开局之后，双方都是拉开了对攻，切尔西的逼抢更加强烈，而前场几个人偶然的灵光一现，创造了几个好机会。吉鲁和普里西奇的连线，让人看到了点德罗巴和罗本的意思。不少利物浦球迷表示：曼联是怎么赢得切尔西？下半场，开场利物浦换上费米真是决定性的。费米和马内萨拉赫的配合让切尔西防线岌岌可危。再加上开场时候后防线的走神，被利物浦一个撞墙配合，感觉后卫都变桩子了。这种时间的积累，羡慕也没啥办法。切尔西这边的调整是换下了吉鲁和普里西奇换上亚伯拉罕和芒特。吉鲁的确很明显下半场体力不足，但是普里西奇的换下，让人觉得有点自废武功的感觉。芒特的确是好球员，但感觉不如普里西奇灵动，反击时候这种感觉尤其强烈。补时上半场，对于之前刚被曼联踢了的切尔西，体能上的劣势是无法忽视的。利物浦上来几次冲击，直接就造成了失球。边路断球后，AZP完全没有体力回来，随后下底倒三角的传球也暴露了盯球不盯人以及对于弧顶保护不足的问题。这个进球之后我一度以为已经输了，切尔西的体能无法支持常规时间的逼抢力度，结果跑了整场的AZP和佩德罗凭借着毅力居然硬生生又在右边路造成了威胁，随后亚伯拉罕造点，若鸟（想夸他勺子点球，但怎么看也就是个筷子...）罚进。双方看似回到了同一起跑线。加时赛下半场，被压着干了15分钟。反击速度提不起来，也没啥套路，只能打到哪算哪。令人惊讶的是，居然是利物浦球员先抽筋倒地，切尔西拼到哨响也没卧草。点球大战，费米o若鸟o，法鸟o巴克利o，奥里吉o芒特o，阿诺德o埃莫松o，萨拉赫o亚伯拉罕x总结一下这场优缺点。优点，后防方面，虽然偶有失误，但AZP的复活十分振奋人心，至少常规时间里表现活跃，能看到大幅前插之后对方反击时防守也十分到位。中场方面，坎特回归给中场带来了极大的稳定，而且坎特体能也太好了，打到加时还这么猛。前场吉鲁+普里西奇的组合真的好用，而且前场几个人之间也闪现了配合的火花，相信配合会越来越好。缺点，后防说实话还是坑，克里斯坦存在感不强，祖马大开大合但是偶尔踢不到球或者解围直上直下是什么鬼，AZP加时完全跑不动，也没人换只能继续站着。中场有时候防守不到位，尤其对于禁区前沿保护会漏人。前场虽然偶有灵光一闪，但大部分时间还是配合不好，经常出现传到前插球员身后或者跑重为。还有就是反击速度，有不少反击的机会，但边路1v1时候还是没有果断，不少反击就在这一犹豫的过程中结束了。"
  },
  "pages": [],
  "replys": [
    {
      "user": "tmac168",
      "date": "2019-08-18 21:01:50",
      "content": "中国的足球技术 怎么就不如我们的点评一样牛逼呢，"
    },
    {
      "user": "京小北",
      "date": "2019-08-18 22:11:46",
      "content": "毕竟教育是义务的，踢球不是啊"
    }
  ]
}