{
  "title": "切尔西vs莱斯特城前70分钟感官",
  "topic": {
    "name": "京小北",
    "date": "2019-08-19 00:57:37",
    "content": "好不容易周末看个球，结果要出门，就只能先看到这了。今天最让人惊喜的是射门效率，感觉射门总能造成不少威胁。吉鲁这个支点作用真是明显，不过这60分钟体力也没啥办法，期待亚伯拉罕学一学吧。芒特真是勤奋，之前觉得这家伙灵气不足，不过越看越有兰8的风采。希望芒特能继续这么勤劳拼搏，和兰8来一段完美师徒情缘。ps：狐狸城这个佩雷拉有点厉害！还有定位球防守咋就没进步呢……"
  },
  "pages": [],
  "replys": [
    {
      "user": "小四与七七",
      "date": "2019-08-19 22:32:46",
      "content": "我没有看，太累太累了……真熬不住了。唉，要服老"
    },
    {
      "user": "京小北",
      "date": "2019-08-20 08:18:19",
      "content": "看球就是随心所欲，按自己的节奏就好"
    },
    {
      "user": "小四与七七",
      "date": "2019-08-20 18:36:16",
      "content": "每每觉得错过一场就可惜，幸好还能看回放。主要是时间不够用，一天有四十八小时就好了。"
    },
    {
      "user": "阿渣渣渣尔",
      "date": "2019-08-20 22:13:06",
      "content": "我熬夜看了…唉"
    },
    {
      "user": "京小北",
      "date": "2019-08-21 05:32:04",
      "content": "哎呀，说的我瞬间想起了小时候看的漫画机器猫"
    },
    {
      "user": "京小北",
      "date": "2019-08-21 05:32:21",
      "content": "你都转会皇马和多特了"
    },
    {
      "user": "阿渣渣渣尔",
      "date": "2019-08-21 07:27:20",
      "content": "哈哈哈哈想回切尔西😭"
    },
    {
      "user": "京小北",
      "date": "2019-08-21 08:41:01",
      "content": "想看哥俩一起双渣齐飞"
    },
    {
      "user": "阿渣渣渣尔",
      "date": "2019-08-21 09:39:37",
      "content": "只能国家队了么"
    },
    {
      "user": "小四与七七",
      "date": "2019-08-21 21:28:45",
      "content": "这玩意现在不也还有电影版么……"
    },
    {
      "user": "京小北",
      "date": "2019-08-21 23:05:07",
      "content": "真的么...好几十年了还有新的在出？"
    },
    {
      "user": "小四与七七",
      "date": "2019-08-22 10:54:29",
      "content": "你说的机器猫是哆啦A梦吧？"
    },
    {
      "user": "京小北",
      "date": "2019-08-22 11:04:08",
      "content": "对，不过小时候看都叫小叮当"
    },
    {
      "user": "小四与七七",
      "date": "2019-08-22 11:25:20",
      "content": "前不久刚下线了机器猫电影"
    }
  ]
}