{
  "title": "切尔西强援加盟！",
  "topic": {
    "name": "京小北",
    "date": "2019-08-21 05:35:22",
    "content": "奥多亿恢复合练！最强之人已在阵中！"
  },
  "pages": [],
  "replys": [
    {
      "user": "阿渣渣渣尔",
      "date": "2019-08-21 07:31:57",
      "content": "奇克呢 我怀疑这里是切尔西小组哈哈哈"
    },
    {
      "user": "京小北",
      "date": "2019-08-21 08:40:29",
      "content": "这里说话人不多，以后人多了就热闹了"
    },
    {
      "user": "阿渣渣渣尔",
      "date": "2019-08-21 09:48:34",
      "content": "我会常来捧场的"
    },
    {
      "user": "小四与七七",
      "date": "2019-08-21 17:33:47",
      "content": "要不是你发帖，我都不知道奥多伊开始训练了……"
    },
    {
      "user": "京小北",
      "date": "2019-08-21 23:06:58",
      "content": "本以为要好久呢，忽然就开始训练了，还挺意外的"
    }
  ]
}