{
  "title": "篮球迷是不是要求太高？",
  "topic": {
    "name": "zyjbzdwsslb",
    "date": "2019-09-05 09:47:14",
    "content": "看球就看球，篮球迷还有附带要求赢球 出线。我们看国足就没有这么高要求，只要他们不散步，不打飞机就很高兴了，输了还得说一句，今天大家很拼，下下场会更好。说的自己好想哭啊，我们也太惨了吧"
  },
  "pages": [],
  "replys": [
    {
      "user": "浮夸",
      "date": "2019-09-05 13:09:11",
      "content": "确实，他们应该知足，哈哈哈"
    },
    {
      "user": "zeo",
      "date": "2019-09-06 08:01:48",
      "content": "是我们太知足"
    },
    {
      "user": "是我",
      "date": "2019-09-06 09:26:59",
      "content": "这么说乒乓迷要求更高，没得冠军都不行"
    },
    {
      "user": "小四与七七",
      "date": "2019-09-06 12:46:52",
      "content": "可怜几千万足球迷，还要安慰几亿篮球迷。"
    },
    {
      "user": "巴乔",
      "date": "2019-09-07 15:23:55",
      "content": "太难了"
    },
    {
      "user": "阿渣渣渣尔",
      "date": "2019-09-07 23:29:55",
      "content": "是"
    },
    {
      "user": "Einspanner",
      "date": "2019-09-15 12:12:09",
      "content": "太难了"
    }
  ]
}