{
  "title": "兰帕德变招祭出怪阵，能否一举擒狼",
  "topic": {
    "name": "京小北",
    "date": "2019-09-14 21:40:40",
    "content": "看着上了三个中后卫，没有坎特没上巴克利，也真是难为兰帕德了\n一场大胜感觉爽歪歪，不过又又又又又被定位球进球了，这个问题真的有点严重了"
  },
  "pages": [],
  "replys": [
    {
      "user": "阿渣渣渣尔",
      "date": "2019-09-14 22:04:24",
      "content": "深深的担忧"
    },
    {
      "user": "京小北",
      "date": "2019-09-14 22:37:59",
      "content": "我准备真香了，会不会有点早"
    },
    {
      "user": "阿渣渣渣尔",
      "date": "2019-09-14 22:46:10",
      "content": "哈哈哈稳住稳住"
    },
    {
      "user": "阿渣渣渣尔",
      "date": "2019-09-14 22:49:49",
      "content": "过年了过年了"
    },
    {
      "user": "zeo",
      "date": "2019-09-14 23:16:18",
      "content": "新一代神锋横空出世。"
    },
    {
      "user": "京小北",
      "date": "2019-09-15 01:40:32",
      "content": "挺好！后防今儿也还可以，复出的牙医状态也不错👌"
    },
    {
      "user": "小四与七七",
      "date": "2019-09-15 13:45:11",
      "content": "在外地过节，只能用手机刷刷数据，看到0:4把我惊呆了，莫非我车真变成了保级队？有预感下半场要被捅，果不其然下半场的时候狼队进了两。估摸着以后跟英超各队都要开启互捅模式和进球大战，这只切尔西依然是让我喜忧参半。"
    },
    {
      "user": "库克",
      "date": "2019-09-17 15:55:19",
      "content": "擒了"
    }
  ]
}