{
  "title": "说说你的主队最近怎么样了！",
  "topic": {
    "name": "八戒",
    "date": "2019-09-22 22:20:41",
    "content": "欢迎大家留言聊球"
  },
  "pages": [],
  "replys": [
    {
      "user": "小四与七七",
      "date": "2019-09-22 23:27:30",
      "content": "即将开始天王山之战。"
    },
    {
      "user": "阿渣渣渣尔",
      "date": "2019-09-22 23:36:00",
      "content": "今天也熬夜看？"
    },
    {
      "user": "小四与七七",
      "date": "2019-09-23 00:04:13",
      "content": "当然，这个夜是一定要熬的。"
    },
    {
      "user": "FreakHereIs",
      "date": "2019-09-26 20:40:27",
      "content": "主队堕落不成样子了 主教练癞皮狗一样 高层只对自己乌纱帽负责  人称欧尼酱"
    },
    {
      "user": "八戒",
      "date": "2019-09-27 00:29:03",
      "content": "82吧"
    },
    {
      "user": "FreakHereIs",
      "date": "2019-09-27 00:59:18",
      "content": "是啊愁"
    },
    {
      "user": "禾白",
      "date": "2019-09-28 19:11:12",
      "content": "哈哈哈哈哈哈了，让我损失不少彩票。"
    },
    {
      "user": "灯灯等等我",
      "date": "2019-09-30 22:00:41",
      "content": "我抬。。。。叹息"
    },
    {
      "user": "凌舞柒妖",
      "date": "2019-10-01 19:35:13",
      "content": "下周打利物浦心慌慌"
    },
    {
      "user": "八戒",
      "date": "2019-10-01 20:09:20",
      "content": "估计是曼联或者阿森纳吧"
    },
    {
      "user": "凌舞柒妖",
      "date": "2019-10-01 20:13:19",
      "content": "莱斯特城"
    },
    {
      "user": "八戒",
      "date": "2019-10-01 22:43:16",
      "content": "不会是夺冠那一年爱上的吧"
    },
    {
      "user": "凌舞柒妖",
      "date": "2019-10-01 23:23:28",
      "content": "不是大概07年"
    },
    {
      "user": "八戒",
      "date": "2019-10-02 01:38:01",
      "content": "又追求"
    },
    {
      "user": "凌舞柒妖",
      "date": "2019-10-02 01:45:10",
      "content": "不是很喜欢那些花里胡哨的豪门，那些球迷，有几个真心喜欢，球队连续成绩不好有多少人还会继续看"
    },
    {
      "user": "哪吒",
      "date": "2019-10-10 00:40:32",
      "content": "准备踢西乙了"
    },
    {
      "user": "Yan",
      "date": "2019-10-21 20:58:45",
      "content": "看上拉师傅了"
    },
    {
      "user": "八戒",
      "date": "2019-10-21 21:25:36",
      "content": "拉师傅真看教练培养，用好了还是明显天赋高啊，用不好。。用不好就现在这卵样子啊"
    },
    {
      "user": "Yan",
      "date": "2019-10-21 21:27:06",
      "content": "昨晚看了，进球了有点香。不过赛后的采访太🔒了，败好感hhhh"
    },
    {
      "user": "Mojito",
      "date": "2019-10-21 22:07:57",
      "content": "九轮十分"
    },
    {
      "user": "八戒",
      "date": "2019-10-21 22:14:16",
      "content": "看开点看开点，更惨的在后面呢"
    },
    {
      "user": "Mojito",
      "date": "2019-10-21 23:30:28",
      "content": "我不信😭"
    },
    {
      "user": "棱镜",
      "date": "2019-10-22 13:15:58",
      "content": "南，实在担心主力队员累死哦"
    },
    {
      "user": "八戒",
      "date": "2019-10-22 13:16:49",
      "content": "这个很多队都有这个问题，猜不出哪个队"
    },
    {
      "user": "棱镜",
      "date": "2019-10-22 13:18:27",
      "content": "刚和死敌平了一场"
    },
    {
      "user": "八戒",
      "date": "2019-10-22 13:20:15",
      "content": "哈哈哈哈哈哈，放鞭炮了吗"
    },
    {
      "user": "棱镜",
      "date": "2019-10-22 13:21:05",
      "content": "??一点都不值得庆祝啊"
    },
    {
      "user": "八戒",
      "date": "2019-10-22 13:22:21",
      "content": "这还不庆祝，不错了啊"
    },
    {
      "user": "棱镜",
      "date": "2019-10-22 13:24:11",
      "content": "其实客场拿到这个结果也还算能接受，就是裁判太气人!!!"
    },
    {
      "user": "八戒",
      "date": "2019-10-22 13:24:59",
      "content": "没办法盲僧太多了"
    },
    {
      "user": "棱镜",
      "date": "2019-10-22 13:26:03",
      "content": "所以你猜到我主队了没？hh"
    },
    {
      "user": "八戒",
      "date": "2019-10-22 13:26:43",
      "content": "我猜到了是利物浦啊"
    },
    {
      "user": "棱镜",
      "date": "2019-10-22 13:27:44",
      "content": "那lz嘞？"
    },
    {
      "user": "八戒",
      "date": "2019-10-22 13:28:21",
      "content": "我。。博爱，双红都喜欢"
    },
    {
      "user": "棱镜",
      "date": "2019-10-22 13:29:40",
      "content": "啧啧，我咋jiao得双红不相容呢，宿怨太深了吧"
    },
    {
      "user": "八戒",
      "date": "2019-10-22 13:30:58",
      "content": "我觉得踢埃弗顿才像宿敌，现在的双红会没有那种感觉了"
    },
    {
      "user": "棱镜",
      "date": "2019-10-22 13:49:15",
      "content": "一山容不得二虎不都这样嘛，感觉卧铺的敌人蛮多的"
    },
    {
      "user": "25X",
      "date": "2019-10-22 19:27:42",
      "content": "82和坑里克的比赛经常让人看得胆战心惊，真的好怀念瓜。"
    },
    {
      "user": "君亦白",
      "date": "2019-10-22 20:28:06",
      "content": "加我，qb15161718"
    }
  ]
}