{
  "title": "车子大面积轮休联赛杯，认识了不少新人",
  "topic": {
    "name": "京小北",
    "date": "2019-09-26 04:24:19",
    "content": "不是什么重要比赛，就随便看了几眼。前场进攻三人组射门真着急，感觉脚法最好的居然是巴克利...中场有个吉尔摩，感觉老进镜头，存在感不错。后场祖马这是要开发出球后卫的属性啊，各种传！"
  },
  "pages": [],
  "replys": [
    {
      "user": "京小北",
      "date": "2019-09-26 04:36:24",
      "content": "看到牙医三分钟浪三个单刀发了贴，贴发完，奥多亿和牙医接连进球..."
    },
    {
      "user": "zeo",
      "date": "2019-09-27 11:00:55",
      "content": "下一轮主场对曼联，期待复仇"
    }
  ]
}