{
  "title": "利物浦赛季不败",
  "topic": {
    "name": "Capt. Backfire",
    "date": "2019-10-05 23:59:31",
    "content": "莱斯特城这个点球太无厘头了  真真绝杀2-1🤣"
  },
  "pages": [],
  "replys": [
    {
      "user": "棱镜",
      "date": "2019-10-22 13:22:41",
      "content": "连胜包袱已甩，谢谢"
    },
    {
      "user": "Capt. Backfire",
      "date": "2019-10-23 11:39:16",
      "content": "只是平局罢了"
    },
    {
      "user": "zeo",
      "date": "2019-10-24 00:56:14",
      "content": "阵容有点单薄"
    }
  ]
}