{
  "title": "切尔西客战阿贾克斯，1:0险胜",
  "topic": {
    "name": "京小北",
    "date": "2019-10-24 04:03:17",
    "content": "阿贾克斯的传切配合真的不错，虽然走了双德，攻防两端表现都有所下降，不过球队水平也没有断崖下降。今天车子开场进攻不顺，感觉就是瞎踢，多亏后防还算不错外加门柱帮忙才没有先丢球。转变来自于普莉西奇的上场，今天小伙状态爆棚，突破自信，简直让人目瞪口呆。而普莉西奇上场，也让中路的压力骤减，打出了不错的串联。看来该夸夸兰帕德的换人水平了，换上来的普莉西奇助攻换上来的牙医，嗯嗯，临场有鸟的风范"
  },
  "pages": [],
  "replys": [
    {
      "user": "西木大师",
      "date": "2019-10-24 08:31:25",
      "content": "破车牛逼"
    },
    {
      "user": "足球158杨杨",
      "date": "2019-10-24 16:12:09",
      "content": "厉害厉害"
    },
    {
      "user": "婉晨",
      "date": "2019-10-24 22:37:29",
      "content": "1"
    }
  ]
}