{
  "title": "牙医破门难救主，切尔西1:2曼联",
  "topic": {
    "name": "京小北",
    "date": "2019-10-31 06:37:16",
    "content": "emmmmmmm看完咋说呢，感觉也就那么回事吧。上了不少替补，两边创造机会能力都有限。车车中场控制力更强，但是曼联又拿出鸟的大巴反击，也真是没啥办法。随着最近车车状态变好，肯定会有弱队也摆出反击态势，这场也算是给出了一个课题吧，解决好了也许前四可期期待休养生息之后2号对战沃特福德"
  },
  "pages": [],
  "replys": [
    {
      "user": "小四与七七",
      "date": "2019-10-31 23:33:09",
      "content": "兰8和索关系好，不想他下课"
    },
    {
      "user": "京小北",
      "date": "2019-11-01 03:02:51",
      "content": "其实今年咱的阵容厚度，鸡肋杯还是放弃专心争四比较好，马上要连续一周双赛了"
    }
  ]
}