{
  "title": "【福建VS辽宁G3】男篮内外核对决最终章——旋风三板斧终究更胜一筹",
  "topic": {
    "name": "KGGGGG95",
    "date": "2019-04-02 11:45",
    "content": "不知各位看官对福建辽宁的这组对决看得是否过瘾，王哲林与郭艾伦之间的交锋三场便草草了结，迪奥本人是带着遗憾的。       除去在辽宁的G2大比分被卷走的比赛外，G1和G3的激烈程度是常规赛战绩体现不出来的差距。这其中有韩德君的赛季报销，也有福建全员三分保持手感的努力，让G3的最终章在比赛的最后1分钟才将胜负逐渐明晰，但复盘后却更令人感觉遗憾。       双方交战至第三场，人员配置已摸得八九。从第三场的使用上，福建和辽宁都将第四节作为决胜节，让郭艾伦与王哲林在第四节大量持球处理比赛。但场面上辽宁运作得更加轻松一些，哈德森与赵继伟等人皆能出色的完成组织任务，仅放大侄子一点狠突狠刺地终结，把大侄子的身体素质用在半场进攻的刀刃上。但福建对大王的使用，更多是由于后卫线与锋线的捉襟见肘，多射手而无组织，杰特的得分组织很难一把抓，被迫启用王哲林三分线外接球，持球5秒搜寻战机。于是我们能看到一个旋风打法的大侄子，也看到了拿着开山斧从三分碾到禁区的大王。这边大王三分线内启动2+1打成另一侧10秒钟后大侄子快速推进还一手2+1       看到大王与大侄子两个大魔王不甘示弱的争锋，不禁幻想着夏天赛场上当两人合体时的场景，才有了此文想分析一轮过后，继续前进的大侄子和折戟的大王能为男篮的内外线带来什么，还有什么继续进步的空间。【优势】       郭艾伦的一手后撤步在一轮的比赛中目前是没有福建球员可以限制，结合他启动第一步与优秀的身体素质，使他的后撤步更具迷惑性。步幅大，且速度快。大侄子的后撤步三分扩大领先优势的后撤步中投       常规赛32%的三分命中率上福建宁愿赌郭艾伦三分不进，也不愿意扩大防守范围让郭艾伦随意突破，但郭艾伦四记三分且命中的节数分散，惩罚了福建队内缩的防守。       同时，大侄子的突破绝对是所有球迷最初留下深刻印象的杀招，有身体有速度，对抗上篮后身体不易变形，在面对虽然是外援但仅有175cm的杰特的防守时，生吃杰特的突破是常规方式。但福建自身也有很大问题，用杰特顶不住，换他人防守时常常出现交代不清，放郭艾伦直线上篮的机会。       大侄子的身体素质与速度在前场篮板的冲抢上是男篮外线的一大法宝，在首轮给福建队造成了极大的困难，当大王被挡死，则没有人抢得过郭艾伦。       最后是组织任务，大侄子虽为首发控卫，实则如长枪一般直突对手心脏，组织任务由哈德森完成。一旦国家队首发后，大侄子的组织任务加重后，能不能承担得起球权分配的任务。       由于大王的横移速度慢，辽宁全场追着郭艾伦打挡拆换大王出外线，几次大侄子的精彩助攻也都是由半场三分线内的二人转挡拆发起，高调内线的传球优质，但整场的组织任务几乎不参与，因此很可能在国际赛场上，大侄子会继续做突击型球员而非组织型控卫使用。        国内赛场里，随着大王脚步明显灵活，上肢逐渐强壮后，辽宁内线目前没有可以扛得住大王禁区第一步的球员，篮下的杀伤力极大。       同时，在三分线内持球进攻，在遭遇第一场背打失误的教训后，大王采用面框持球造杀伤，让辽宁的锋线苦不堪言。运一步球强起三步，或是假借手递手直接持球突破，虽耗体力，但面对身材不如自己的辽宁锋线效果却很好。       第三场大王硬气的三分同样给人印象深刻，多数时候并非是大王刻意与尼克尔森打高低位时愿意在高位，而是尼克尔森的高位威胁实在太低，且过了半场再无第二组织者，大王被迫拉扯至三分线，但意外的效果非常好，几次关键的三分都是都王哲林命中。【不足】       郭艾伦的罚球。恐怕在这轮系列赛中多次成为话题的焦点，第一场第四节反超比分的罚球不进，加时可领先四分的罚球不进，与他突刺的球风让球迷们隐隐担忧：若国际赛场上核心后卫的关键时刻罚球不稳，中国男篮关键时刻又应该相信谁的罚球呢？郭艾伦的罚球，或许在某一场比赛中会成为比赛的胜负手，能不能抓住战绩，全凭大侄子那一刻的心气儿了！福建将比分迫近时，大侄子的罚球不进给福建机会。       王哲林的体力。王哲林的优缺点由于身材问题，比郭艾伦更加明显。面对碾着进的内线，王哲林不落下风，但大王的防守范围近乎是沿着禁区画出来的，一旦面对灵动型内线从底线持球突破，大王的重心便沉不下去了。       另外，大王的体力，如果按2K模式闪烁佳得乐为体力极限标志的话，大王在参与防守后快速奔跑回对方半场，卡位，进攻篮板球抢不到后，体力便暂时不够用了，需要走路缓解。同时，随着比赛进程的延续，第三节末端大王的总体力值会到达一个瓶颈期，很难进行有效的防守。【终】       最后一道考验，是一道默契值题目。当王哲林的内线进攻能力与郭艾伦的持球进攻合二为一时，大王能否找到外线的大侄子，大侄子能否在大王要到位后舒服给球，这是福建队后卫线整体没做到的，大王整场只完成了一次吸引包夹后的三分助攻。这个暑假中国男篮能走多远，离不开两位大魔王的同心协力，祝福辽宁能在季后赛走到最后，也希望福建明年能卷土重来。但就整轮系列赛而言，辽宁的三板斧实力依旧是远压几乎没有贡献的尼克尔森的福建队的，横扫福建，遗憾但并不意外，祝福两队吧！欢迎大家关注篮球生态！我是迪奥，下期再见！\n搜索复制"
  },
  "pages": [],
  "replys": [
    {
      "user": "KGGGGG95",
      "date": "2019-04-02 11:46",
      "content": "新手跨区，欢迎来撩~"
    },
    {
      "user": "虎扑用户311235",
      "date": "2019-04-02 20:53",
      "content": "横扫福建，遗憾但并不意外，祝福两队吧"
    },
    {
      "user": "虎扑用户251401",
      "date": "2019-04-04 13:10",
      "content": "双拳难敌四手"
    }
  ]
}