{
  "title": "【教学】口袋运球总翻腕？“路人王亚索”把优教你如何熟练拉球",
  "topic": {
    "name": "隆多头号粉丝",
    "date": "2019-09-02 18:39",
    "content": "视频无法播放，浏览器版本过低，请升级浏览器或者使用其他浏览器\n【教学】口袋运球，“路人王亚索”带你开启进阶之路！\n\n[ 此帖被隆多头号粉丝在2019-09-02 18:46修改 ]"
  },
  "pages": [],
  "replys": [
    {
      "user": "呵呵呵呵呵呵呵的",
      "date": "2019-09-02 23:25",
      "content": "强\n"
    },
    {
      "user": "ynpbtyh",
      "date": "2019-09-04 12:56",
      "content": "成为球场最靓的仔！"
    }
  ]
}