{
  "title": "刘 源 宇 强力突破 强力背打夺得冠军",
  "topic": {
    "name": "虎扑用户530876",
    "date": "2019-09-03 21:47",
    "content": "视频无法播放，浏览器版本过低，请升级浏览器或者使用其他浏览器\n刘 源 宇 强力突破 强力背打夺得冠军\n"
  },
  "pages": [],
  "replys": [
    {
      "user": "将军2016",
      "date": "2019-09-03 21:52",
      "content": "有背打进攻三秒了\n"
    },
    {
      "user": "Elint",
      "date": "2019-09-04 12:29",
      "content": "肘子已经挥脸上了\n"
    }
  ]
}