{
  "title": "不手软！湖南工业职业技术学院校队杜鑫精准三分击败唐昊旻！",
  "topic": {
    "name": "人兽半",
    "date": "2019-09-03 20:40",
    "content": "视频无法播放，浏览器版本过低，请升级浏览器或者使用其他浏览器\n不手软！湖南工业职业技术学院校队杜鑫精准三分击败唐昊旻！\n"
  },
  "pages": [],
  "replys": [
    {
      "user": "漫漫冠军路",
      "date": "2019-09-03 21:23",
      "content": "🐮🍺\n"
    },
    {
      "user": "Pickle13",
      "date": "2019-09-04 10:35",
      "content": "老弟还是可以\n"
    },
    {
      "user": "不想做陪跑得人",
      "date": "2019-09-06 13:43",
      "content": "这是不是宋教练队友？\n"
    }
  ]
}