{
  "title": "细数李楠本场犯罪",
  "topic": {
    "name": "昂鸠大水牛",
    "date": "2019-09-04 21:19",
    "content": "第一，防守端为什么我们不守联防，李楠眼睛是瞎的吗？对面挡拆打我们多少个了？我们守联防不是守得挺好的嘛？为什么第三节要守人盯人? 第二，进攻端为什么我们只会弧顶双挡拆，我们的内线优势这么大，为什么偏偏要跟别人外线肉搏？我们后卫很明显持球摆脱和终结能力不行。为什么就不能上大王往里面坐一下？第三，你赛前究竟是怎么准备的。今天很明显对方的准备太好了，阿联大王拿球就包夹。你究竟有没有想过这种情况，那你安排谁去跑位接应没有?我们训练了半年难道就指挥牛角和钻石嘛？第四，为什么带了的人不去用？二飞和阿布这么好的无球球员，能过渡接应，为什么不上。我看二飞阿布打球不少，他们两个空间感太好了。为什么不用？上他们跟上赵继伟，方硕有什么区别嘛？反正都是进攻便秘，为什么不尝试一下？难道你真的不相信你的队员吗？第五，临场变化真的太差了， 第三节进攻防守都那么有问题，为什么最后3分钟才叫了一个暂停？你上一场不是很喜欢叫暂停吗？"
  },
  "pages": [],
  "replys": [
    {
      "user": "伯符鸟",
      "date": "2019-09-04 22:04",
      "content": "说真的他不如宫鲁明，老宫临场都是让老外指挥。"
    },
    {
      "user": "yinlilin",
      "date": "2019-09-05 19:39",
      "content": "李楠有三宝：钻石，牛角，好不好"
    }
  ]
}