{
  "title": "世界杯线下观赛活动，马克解说！",
  "topic": {
    "name": "虎扑用户573859",
    "date": "2019-09-06 23:34",
    "content": "今晚，南京 世界杯线下球迷观赛活动，大魔王 马克 当起解说也是十分专业！祝早日康复，回归赛场~\n"
  },
  "pages": [],
  "replys": [
    {
      "user": "死奏怜音玲珑之终",
      "date": "2019-09-06 23:37",
      "content": "可以啊马克，伤了也没闲着\n"
    },
    {
      "user": "勒布狼and詹姆狮",
      "date": "2019-09-06 23:54",
      "content": "祝早日康复\n"
    }
  ]
}