{
  "title": "[虎扑篮球百科]湖人主教练弗兰克-沃格尔",
  "topic": {
    "name": "10EdenHazard10",
    "date": "2019-09-09 10:32",
    "content": "弗兰克-沃格尔（Frank Vogel），1973年6月21日出生。曾任洛杉矶湖人队和华盛顿奇才队球探，费城76人队、波士顿凯尔特人队和印第安那步行者队助理教练，现任NBA球队洛杉矶湖人队主教练。早期生涯沃格尔在新泽西州怀尔德伍德克雷斯特长大，就读怀尔德伍德高中。高中之后，沃格尔进入宾西法尼亚州亨廷顿的朱尼亚塔学院，这是所第三区（Division III）的学校，在校篮球队中他是位首发球员，三年之后，沃格尔转学进入肯塔基大学成为校队一名学生经理，并在校队二队打球。教练生涯沃格尔最初在波士顿凯尔特人队主教练里克-皮蒂诺手下做首席录像剪辑师，五年之后，他被提升为助理教练。在波士顿凯尔特人之后，沃格尔成为费城76人队助理教练。离开76人队之后，沃格尔2005-2006年间做洛杉矶湖人队球探，2006-2007年间做华盛顿奇才队球探。之后，沃格尔来到印第安那步行者队，在主教练、也是前凯尔特人同事的吉姆-奥布莱恩（Jim O'Brien）手下做助理教练。当地时间2011年1月30日，奥布莱恩被解职后，沃格尔被任命为印第安那步行者队临时主教练。2011年7月5日，ESPN报道，步行者已确定沃格尔出任球队正式主教练，球队与沃格尔达成了一份为期三年的合同，其中第三个赛季为球队选项。2013年4月7日，步行者队拿到了他们自从2003-04赛季之后的第一个中部赛区头名。他们在2012-13赛季中取得了49胜32负的战绩，成为了东部赛区的第三号种子。在先后以两个4:2战胜了亚特兰大老鹰队和纽约尼克斯队之后，步行者队在东部决赛上遇到了迈阿密热火队。第一场分区决赛中，步行者以102:103在加时赛中惜败。在终场结束前2.2秒，勒布朗-詹姆斯突破保罗-乔治的防守，上进了至关重要的一球。沃格尔也因为把球队中重要的防守球员罗伊-希伯特按在了替补席上而饱受批评。沃格尔为此辩解说，他这么做是考虑到克里斯-波什可能的作用而临时调整的，下次他可能不一定会这么做。后来步行者在抢七大战中输给了对手，遗憾止步东区决赛。2014年1月14日，沃格尔被提名为2014年全明星赛的东部队的主教练。2014年10月8日，沃格尔与步行者队签订了为期两年的续约合同。同时他也成为了球队历史上取得获胜场次最多的主教练，在总的球队历史上，他也仅次于“老滑头”鲍比-伦纳德。尽管在2016年他依旧率领步行者队杀入了季后赛，但步行者队主席拉里-伯德还是对沃格尔失去了耐心。他宣布将不再与沃格尔续约，他声称球队需要一个“新的声音”来领导球员们。2016年5月20日，沃格尔被任命为奥兰多魔术队的主教练。 2018年4月12日，据著名NBA记者Adrian Wojnarowski爆料，据消息人士透露，魔术已经解雇了主帅沃格尔(Frank Vogel)。在刚刚结束的2017-18常规赛季，魔术仅仅取得了25胜57负的战绩，排名东部第14。沃格尔从上个赛季开始接手魔术，总共执教了164场常规赛，取得了54胜110负的战绩。2019年5月12日，根据NBA记者Adrian Wojnarowski报道，多位消息人士透露，弗朗克-沃格尔与湖人达成协议，将担任球队新主帅。多位消息人士透露，沃格尔将与湖人签下三年的合同。个人荣誉1×NBA全明星赛主教练：2014年4×NBA月最佳主教练：2012年4月, 2013年11月, 2015年2月, 2016年4月"
  },
  "pages": [],
  "replys": [
    {
      "user": "rocksai",
      "date": "2019-09-09 16:33",
      "content": "我信我哥儿\n"
    },
    {
      "user": "xj霖亦晨",
      "date": "2019-09-10 14:29",
      "content": "沃戈尔一定会是冠军教练！\n"
    }
  ]
}