{
  "title": "​竞技体育大热必死！阿根廷是怎么干掉世界杯上最大热门的？",
  "topic": {
    "name": "申屠屠屠屠",
    "date": "2019-09-11 09:49",
    "content": "塞尔维亚是本届世界杯最大的热门，他们热到什么程度呢？​他们就是奔着美国队去的，在世界杯开始之前塞尔维亚主教练就开始放狠话了，他说：“如果世界杯上遇到美国，愿上帝保佑他们！”您听听，您听听，这个世界上有几个人敢对着美国队说这种话！当然塞尔维亚不是靠着嘴炮才让这么多人看好他们。先看阵容：约老师、博格达诺维奇、别利察、大博班，四位NBA球员。上赛季约老师可以说是NBA第一中锋，博格达诺维奇和大博班一个擅射，一个内线高度无可比拟，这二位都可谓是FIBA规则里的超级大杀器。再搭配上一帮欧洲名将，说塞尔维亚不强的那是睁眼说瞎话。再看身高和年龄结构：塞尔维亚全队平均身高205.6公分，篮球场上一寸长一寸强；他们平均年龄28岁，最大的不过5号西蒙诺维奇33岁。球队架构合理，绝大多数球员处在生涯的黄金期，同时球队也有老将压阵不缺经验。战力、体力、天赋、经验、身高样样都不缺，这才是塞尔维亚成为本届最大热门的根本原因。而从纸面上看，塞尔维亚面对阿根廷的优势就更大了。阿根廷队内的得分王是39岁的斯科拉，他需要对位约老师，身高、体重、力量各方面都不占优势，赛前你很难想象斯科拉面对约老师这座肉山会发生怎样的故事。其次，球迷们最喜欢讨论的，这阿根廷一个NBA现役球员都没有怎么打啊？还有最重要的：塞尔维亚平均身高比阿根廷高了10公分，当塞尔维亚用他们庞大的身体完全罩住阿根廷球员的时候，这球又该怎么打？我以前说过：篮球场上的一切战术、跑位、配合都是为了寻求空位和错位，形成局部多打少或者强势打弱势。你看看塞尔维亚站在场上人人高对面半个脑袋，这就是天生的错位，不用什么战术配合就达到了战术的终极目的。举个不恰当的例子：就像美国队打中国队，不用任何战术大家一对一甩开膀子干，你就是打不过人家。因为在美国队眼里，他前面的个个都是错位。而咱们打出再精妙的配合，好像最后还是打不进，因为最后防守不管怎么换，咱们都是弱势打强势。但是我以前也说过：篮球场上任何错位和优势都是相对的！钱澄海教练和孙邦教练最开始在思考中国篮球如何面对欧美篮球的时候，给出的策略是小快灵。你比我高大，那我就比你更快、比你更准，咱们互相扎刀子，看谁先扎死谁。今天阿根廷能赢下塞尔维亚就是把小快灵发挥到了极致！上半场阿根廷投出了16中9的三分，三分命中率高达56%！那你说是因为阿根廷的三分一直这么准吗？咱们看数据：阿根廷在本场比赛之前的三分命中率为35.3%，看起来好像不错，但是塞尔维亚之前的场均三分命中率高达42.1%，明明是塞尔维亚的三分更好。阿根廷的第一个三分是这么来的：7号坎帕佐和12号德利亚挡拆，塞尔维亚的中锋——13号的拉杜利察选择向后收，坎帕佐抬手命中三分。但是第二记三分是这样：坎帕佐在上线借斯科拉和德利亚双掩护，作为第二堵掩护墙的德利亚掩护完之后立马下顺，拉杜利察选择第一时间跟进，但是在罚球线附近被阿根廷的9号布鲁西诺挡住了。五号位德利亚将要直面塞尔维亚的三号位卢西奇，弱侧的约老师只能帮着协防。然后坎帕佐将球传给弱侧被放空的斯科拉，斯科拉命中三分。同时如果约老师能第一时间回防斯科拉，从罚球线上提的布鲁西诺也已经被完全放空了。记住几个关键词：中锋回收、弱侧协防、强弱侧转移之后的空位三分。第一节可能还不明显，到了第二节阿根廷所有的三分几乎都是利用强侧优势吸引协防，再打到弱侧的空位三分。或者以这为起手式再变一变招。那你说为什么阿根廷强侧一打高位挡拆就能建立优势啊？因为阿根廷快啊，阿根廷的快使得塞尔维亚的中锋不敢换防只能回收，你又怕他突破弱侧只能收缩，于是阿根廷打到弱侧就是空位。阿根廷这种球动人动又刚好踩在节奏点上，你说人家能不准吗？但塞尔维亚还是塞尔维亚啊！凭借着高度塞尔维亚在上半场抢了25个篮板，而阿根廷只有8个，塞尔维亚的前场板比阿根廷全场篮板都多，塞尔维亚也以此咬住了比分。其实中场时我仍然不看好阿根廷，他们16中9的三分很难在下半场延续，但塞尔维亚的篮板球优势可是实打实的！下半场塞尔维亚做了两个调整：防守端在上线遇挡拆双人大延误，同时用高度封锁掩护墙下顺之后的空中接球路线；进攻端强调个人进攻能力，约老师、别利察和博格达诺维奇有了更多的个人进攻机会。如果你看过昨天美国打巴西的比赛，你会觉得这招很熟悉，美国下半场就是用这招把巴西带走的，欺负的就是巴西的老和慢。塞尔维亚用这招也不能算失败，他们防的阿根廷下半场三分只11中3，同时别利察和博格达诺维奇这两个锋线杀的斯科拉痛不欲生。但是阿根廷可不是巴西，斯科拉虽然老了但其他人的运动能力都不差。另外你是把空中路线堵截了，但是下面你可防不住，您仔细想想今天坎帕佐在下半场传了几个让您惊呼的穿裆和击地。你让高大的塞尔维亚人弯腰去阻截球，那简直比杀了他们还难受。阿根廷更厉害的地方在于，他们下顺的球员在面对协防到来时还能再出一次球，不管是给到弱侧的空位还是空切进来的队友，那种魔术师般的精妙和在极小空间内作业的能力简直令人叹为观止。同时塞尔维亚的三分一直不开，给了阿根廷全面收缩的机会，而大中锋又在挡拆时被调到了上线，于是下半场阿根廷篮板21-17，还反超了塞尔维亚。当塞尔维亚失去了立身之本，仅靠着球员的个人能力强杀的时候，他们就很难斗得过狡猾而又顽强的阿根廷人了。昨天写巴西和美国的时候，写了这么一段：双方呈现出来的是完全不一样的内容和哲学：美国队的进攻就像是一部热血动作片，你关注的是动作、是特效、是扣篮。巴西则更像是一部早期的黑白艺术片，你看的是情节、是细节、是老家伙们对于防守的判断、是令人惊叹的执行力、是慢慢悠悠晃荡的恰到好处。我想这放在塞尔维亚和阿根廷身上也不过分。谢谢读完！每日球赛和球员文章首发在微（公）信（众）号——申屠说，写字不易，劳烦您帮忙关注下吧！"
  },
  "pages": [],
  "replys": [
    {
      "user": "虎扑用户904449",
      "date": "2019-09-11 11:53",
      "content": "消灭零回复\n"
    },
    {
      "user": "SXXCMLXG",
      "date": "2019-09-11 12:21",
      "content": "美国：我们不够热门还是已经出局了？"
    }
  ]
}