{
  "title": "长臂展的优势，逆天大帽加远距离抛投命中",
  "topic": {
    "name": "虎扑用户508613",
    "date": "2019-09-11 20:24",
    "content": "视频无法播放，浏览器版本过低，请升级浏览器或者使用其他浏览器\n长臂展的优势，逆天大帽加远距离抛投命中\n"
  },
  "pages": [],
  "replys": [
    {
      "user": "MBEC冷漠铁锤",
      "date": "2019-09-14 17:35",
      "content": "我靠！太逆天了！！！"
    },
    {
      "user": "张天艾123",
      "date": "2019-09-15 14:01",
      "content": "特日棍？这名字太霸气了。\n"
    }
  ]
}