{
  "title": "J联赛中国球员列传及思考",
  "topic": {
    "name": "基动战士皮蛋",
    "date": "2019-09-15 15:20",
    "content": "日本职业联赛和我们起步的时间一致，但却发展及其迅速，日本队也成为了世界水准的强队。这越发让我们好奇为何他们可以如此短时间的腾飞？而J联赛到底是怎么样培养出大批前往欧洲或世界联赛效力的球员？随着这些年国内对于J联赛的和日本足球的关注度的上升，有不少年轻球员陆续被自己的母队送到前往J日本低级别联赛球队效力。他们是否会为中国足球带来除归化球员以外另一条强化之路？一、J联赛中国球员效力历史由于两国的特殊关系这一原因很难消弥，因此中超历史上的日本外援屈指可数，而前往日本踢球的职业足球运动员也同样屈指可数。真正谈的上在J联赛“效力”这两个字的球员其实就算截止到现在，也只有过3人，他们是贾秀全、徐晓飞和高准翼。1、徐晓飞：徐晓飞1982年出生，1992年随就读于香川大学的母亲一起前往日本，住到1996年回国。高二时徐晓飞回到日本，就读于日本文理高中，是校足球队的成员。当时的日本文理在日本高中足球界水平比较一般，因此徐晓飞既没有参加过夏天的高校总体，也没参加过冬天的选手权，和全国大会无缘。大学时期的徐晓飞就读于鹿屋体育大学，凭借出色的表现被当时还是J2球队的札幌北海道人看上，成为内定球员。（图）札幌时期的徐晓飞他在札幌属于边缘人物，2005赛季总共出赛11场，没有进球。于是进入职业足坛的第二年，徐晓飞就选择转会，他前往了自己小时候居住过的香川县，加盟仅次于JFL的第四级别联赛四国联赛球队讃歧釜玉海（现J3）。2006赛季徐晓飞出场12次，效率很高打进5球，帮助球队获得四国联赛冠军。2007赛季徐晓飞的效率更高，8场4球，正因为徐晓飞的高效表现，在2007赛季中期被高一级别的JFL球队鸟取飞翔看中租借，他代表鸟取参加了3个月的JFL比赛，出场7次，没有进球。2008赛季徐晓飞再次转会，这次是同为JFL的三菱水岛，出场16次没有进球。赛季结束后，徐晓飞返回中国加盟河南建业，由于身体状况不佳同年退役。之后徐晓飞一边参加业余的比赛一边致力于青训的工作。（图）在中国退役后，徐晓飞返回日本，搞了很长一段时间青训2、贾秀全：女足主帅贾指导是至今以来加盟J联赛最成功的的中国球员。贾指导在1993年J联赛正式启动前就已经加盟大阪钢巴。来钢巴前，贾指导已经不是那个能参加欧联水准的亚洲顶级球员了，当时受过重伤的他之前在马来西亚效力。1992年，日本职业足球联赛预备启动，当时很多球队按兵不动，并不愿轻易从会社足球中脱离，而早就宣布加盟J联赛的大阪钢巴是唯一一支近畿地方的球队，他们第一时间联系了贾指导，并劝说成功。1992年J联赛初始10支球队只试水性质进行了单轮的联赛，钢巴4胜5负排名第8，无缘季后赛。1993年J联赛元年，贾指导毫无疑问是大阪钢巴最好的后卫，被日本人称为亚洲之壁的贾秀全出场25次（共36轮），并和队友和田昌裕、本並健治、永岛昭浩一起入选全明星队。另外，贾指导在那个赛季中有3次被红牌罚下。（图）贾指导是第一个在欧联出场的球员，他的水平是真正意义上的外援水平1994赛季，刚年满30岁的贾指导并没有和钢巴续约，而是作出了退役的决定，回到中国走上了教练员生涯。3、高准翼：1995年出生的小高是延边足球名宿朝鲜族球员高仲勋的儿子，在2009年14岁加盟申思和祁宏创办的幸运星少年足球俱乐部（一年后这两人就因为踢假球被逮捕）。2014年，代表中国青年队打出名声的高准翼受到日韩不少球队的青睐，当时还是J2球队的富山胜利捷足先登，火速与其签约3年。2014赛季第3轮，高准翼就获得先发机会，成为球队历史上最年轻的出场球员。第10轮，高准翼改打右边后卫，并因此取得了职业生涯首球，他也成为富山球队历史上最年轻的进球队员，他更是至今唯一一个在日本J联赛取得进球的中国球员。作为职业球员的第一年，高准翼出场17次并打入1球，是球队那年最大的发现和潜力最高的新秀。只不过富山成绩实在太过糟糕，妥妥垫底降级。（图）高准翼代表富山胜利取得中国人在J联赛的唯一进球这时候福冈报价小高，富山也没有强留，2015赛季他转投J2劲旅福冈。由于福冈实力强劲，球员兵强马壮，小高的机会并不多，甚至连大名单也进不去，在福冈的19轮比赛中，小高出场7次，2次先发，总共登场196分钟。这时候山东鲁能抛来橄榄枝，踢不上比赛加上工资远超于日本方面，高准翼选择回国效力，结束了自己2年不到的J联赛征程。其实按照发展趋势来看，小高完全够的上J2轮换水平，再踢两年很可能会被J1球队看中，要知道他当年在富山的队友里有个被球迷和球队疯狂指责的年轻球员，叫中岛翔哉。二、J联赛中国球员的现状1、“痴迷”中国小将的J3球队：岩手县的仙鹤盛冈是一支J3球队，成绩并不好，由于硬件不达标也没有任何的升级可能性，甚至可能由于照明设备不达标明年会被取消J3参赛资格。就是这么一支小球队，和中国方面有着密切的联系，他们从2017年开始每年都会接纳中国球员。2017年，他们从上海上港租借了小将杨帆，并在第33轮象征性的让他踢了半场不到的比赛，杨帆在盛冈留下了42分钟的比赛数据。2018年，盛冈从河北华夏幸福挖来了两名中国u17的成员前锋余善文和中场陈运华，这两人都未获得任何出场机会，赛季结束时都离开了球队。同年，同样是国字号U17成员吕薛安从湘南海洋租借而来，他是苏宁的青训球员，在湘南青训踢了1年球，获得升级资格，但湘南把他租借给了盛冈，吕在盛冈没有踢过1分钟正式比赛，赛季结束后被送回湘南。回到湘南后，虽然并未解约，但球队并未帮他在一线队登录，没有正式比赛的出场资格，恐怕现在的吕是作为练习生跟队训练。本赛季，盛冈依旧没有放弃自己刮中国年轻球员彩票的习惯，他们从浙江绿城挖来两名U18中国小将，后卫黄鑫鹏以及前锋高天语。这两人至今没有得到过上场机会。2、恒大系中国小将：被恒大送去日本修行的小将有4人，2017年的中场鞠枫和中场王靖斌，2018的后卫吴少聪和门将赵天赐。鞠枫被恒大塞到了J2爱媛，王靖斌被塞到J2冈山，吴少聪则是被塞到了J2京都不死鸟，3人最终都没有踢过一分钟就被送回去了。这4人当中混的最不错的赵天赐，本赛季他为J3的横滨YSCC出场过4次。（图）吴少聪们更像是去日本留学而不是去比赛，他们的水平远远达不到比赛标准，恒大真的以为中超的技战术水平要远超J联赛？在中国都不可能上场的球员跑去日本会有球踢？3、其他J3的横滨YSSC和北九州都曾在2017年租借过一名中国球员。横滨曾有过一名中国中场张帅，而北九州的中国球员也是中场，上海上港的孙峻岗，两人均没有获得过出场机会。周余治：本赛季J2球会水户签下中国球员周余治（盒饭合同，等于练习生），周初中和高中都在日本就读，语言上基本不存在交流问题，至于为何被水户看重其实有些莫名其妙，多半是因为184cm的身高和不俗的体格。他所在的日本航空虽然能够侥幸打入去年的全国选手权8强阶段比赛，但周余治只不过是入选了参赛大名单，不但全国赛没有一分钟的出场时间，整个山梨县的预选他也没有打过，甚至入选不了比赛名单。他这样的水准理论上是不太可能被J2的球队看中，他在水户的这5个月自然也不可能达到比赛标准，况且球队还有和他类型很相近的村田航一的存在，即便强如村田也成不了主力，村田在高中时期是全国级别豪强日章学园的ACE球员，水平和连正式比赛也打不上的周余治不可同日而语。因此周余治在水户基本确定不会有未来，多半又会是一名过客。（图）周余治在水户首秀遥遥无期，本身水户和他签订的就是训练生合同，多半需要自己掏钱，还是不用太抱希望为好 三、总结中国年轻球员很难够得上J联赛比赛的标准，即便是J3也难以胜任，日本每年在高中选手权独当一名的球员最终只能去到J3的都大有人在。加上每支J联赛球队硬性要求都必须有不同年龄段的青训梯队，淘汰的球员都是一大把，明显呈饱和状态，中国球员理论上根本渗透不进去。现在无非只有两种情况，一种就是徐晓飞和周余治这样从学生时代就前往日本，从生活习惯和语言条件上更接近日本人。另外一种就是像恒大利用各种资源“硬塞给”J联赛球队的做法，很明显是前者比后者更有成效。硬塞的那些球员根本不可能有上场可能，日方多半是收了钱完成任务了事，这样连互惠互利都算不上。中日足球差距越拉越大，现在也不可能再出现像贾秀全那样能当J联赛大腿这样的情况，因此想要在J联赛站住脚只剩下一种可能性了。高升的儿子高宇洋有一半中国血统，一半日本血统，理论上身体条件和中国球员一样，就因为生在日本，从小接受日本青训模式的教育，到了高中成为高中足球界最强球队市立船桥的中场核心球员，虽然最终高宇洋选择了为日本国青队出战，我们已经没有机会让他为中国效力，但这样一条路却是很好的启示。（图）高宇洋不选择中国国籍是早就可以预料到的，他本身就觉得自己是日本人，这没有关系，他的成长路径已经为我们指明了一条阳光大道。橘生淮南则为橘,生于淮北则为枳，我们无论如何也无法搞不起来的校园足球，为何不可借鸡生蛋，利用拥有全世界最好历史最悠久的高中足球为我们培养球员呢？"
  },
  "pages": [],
  "replys": [
    {
      "user": "tx9773",
      "date": "2019-09-15 15:36",
      "content": "中岛翔哉居然还有那么惨的时候"
    },
    {
      "user": "2026中国世界杯",
      "date": "2019-09-15 16:38",
      "content": "正儿八经算得上旅日也就贾秀全一个\n"
    }
  ]
}