{
  "title": "牛角击败钻石！斯科拉10投仅1中，但阿根廷人是站着“死”的！",
  "topic": {
    "name": "申屠屠屠屠",
    "date": "2019-09-16 15:31",
    "content": "2010年夏天，奥多姆跟随小加索尔的大哥拿到了NBA冠军，之后又在美国国家队拿到了伊斯坦布尔世锦赛的冠军。当时小加索尔的签约权因为大加索尔加盟湖人的交易而被转移到了灰熊手里，那一年他刚刚登陆NBA两年。9年之后，小加索尔带领西班牙夺得本届世界杯冠军，成为继奥多姆之后又一位同年拿到NBA总冠军和世界杯冠军的球员！阿根廷在本届世界杯以诗一般的篮球征服了大批的球迷，但很多人都忽略了老而弥坚的西班牙更多给人一种深不可测的感觉。尤其是上一场打澳大利亚的半决赛，最后时刻他们生生利用对于比赛节奏的掌控干掉了澳大利亚。这一场亦不例外，在西班牙的节奏里，即使热情奔放的阿根廷人也难以翩翩起舞。整场比赛，阿根廷像是被摁在水下拼命挣扎的落水者，最终窒息而亡。前两场面对塞尔维亚和法国，阿根廷的身高显然都处于劣势，他们是怎么过关的呢？咱们说了：阿根廷的策略主要是以快打高，当然这是在进攻端。防守端坎帕佐和拉普罗维托拉能不被利用身高单吃，首先是因为他们的防守够拼够凶，其次是因为他们的中锋德利亚有足够的移动速度，能够迅速协防轮转，保护大后方。今天开局卢比奥篮下那个上篮不进就是德利亚轮转到位了。但是当你听到中锋脚步移动快，你可能立马会反应出来他的体重和力量会稍弱。其次当他要协防轮转保护大后方的时候，对方的中锋如果拉到外线肯定就会被漏掉。于是小加索尔在开局不到两分钟的时间里，命中了自己在本场的第一记三分。当德利亚必须要被调到外线去防守小加三分的时候，阿根廷的身高劣势就彻底展现出来了。您看不管是开局西班牙的后卫和锋线持球突破，还是打到第二第三节，西班牙让小加站弧顶的传切，阿根廷的防守都被西班牙用身高吃的死死的。更不用说西班牙本场比阿根廷多抢了18个篮板，一寸长一寸强的优势被西班牙发挥的淋漓尽致。既然防不住，那就只能拼进攻了，阿根廷想赢的唯一办法还是以快打高，打出那种令人迷醉的整体篮球和快攻。但是，同志们，我又要说但是了，想要以快打高的前提是有空间！咱们回忆一下阿根廷战胜塞尔维亚那场，上半场他们的三分都投疯了，逼的塞尔维亚扩防，这样他们就拥有了足够的空间去和高大的塞尔维亚人斡旋，也能充分利用自己的速度优势。而今天阿根廷全场只有25%的三分命中率，甚至上半场的命中率一度跌落至23%。当阿根廷外线投不进的时候，西班牙可以肆无忌惮的收缩，您想像一下小加、奥里奥拉、埃尔南戈麦斯们都收在禁区的时候，那阿根廷再快也没用啊！也切不进去，打不出整体配合啊！阿根廷今天三分不好的原因除了自身手感不顺以外，我觉得另外一个可能更重要。今天比赛之前埃尔南德斯教练一脸凝重，而前两场打塞尔维亚和法国的时候，他好像根本没有压力。这就是阿根廷整体心态的体现，今天阿根廷很明显比前两场更想赢，那种求胜欲比前两场要炽热的多。您说这不是废话么，冠军都到嘴边儿了谁不想赢？关键就在这儿了！人呐！一无所有没有压力的时候是最可怕的！俗称光脚的不怕穿鞋的。但是你一旦开始想的多了，那可能就打不出那种状态了。阿根廷今天一味的想打快，导致很多阵地进攻变得极其简单，有的时候一个单挡掩护之后就直接拔了。你要投不进，这种球就变成了一锤子买卖，而你越是投不进就越是急躁，就越想要推节奏。西班牙可不管那么多，就慢慢悠悠的打着自己的节奏，这让阿根廷人更急了，然后他们就慢慢迷失了。第一节中段和第二节中段，阿根廷都曾靠着反击起了一阵势，但是只要西班牙不做冒险的传球并且开始全力退防，阿根廷就拿西班牙一点办法没有了。第四节中段埃尔南德斯教练做了最后的冲锋，他拿下中锋换上了一个双后卫+双锋线+斯科拉的小阵容。这套阵容的要义在于：足够灵活，都有三分。阿根廷守起了全场紧逼，希望能迫使西班牙传球失误打出反击。同时这套阵容的劣势也一眼可知——太矮了！而阿根廷人用自己的凶狠、拼劲儿、疯狂，在试图弥补这套阵容的缺陷。但这是在走钢丝，也是在挑战裁判的底线，只要裁判哨子稍微一紧，这套搏命阵容就会变成送命阵容！最后的结果我们都看到了：西班牙夺冠了。但阿根廷即便是“死”，那也是站着“死”的，他们用不到最后一秒不放弃的疯狂向我们诠释了什么是竞技体育精神！39岁的斯科拉本场只10中1拿到8分，但他用实际行动向我们证明了什么是竞技体育精神！那种不甘会继续督促着他控制饮食、努力训练，他明年将以40岁的高龄在东京卷土重来。谢谢读完！每日球赛和球员文章首发在微（公）信（众）号——申屠说，写字不易，劳烦您帮忙关注下吧！​"
  },
  "pages": [],
  "replys": [
    {
      "user": "韩火火",
      "date": "2019-09-16 15:44",
      "content": "没有人回复？我来\n"
    },
    {
      "user": "维克001",
      "date": "2019-09-17 20:37",
      "content": "对于斯科拉，以前是爱屋及乌，现在是由衷佩服。"
    }
  ]
}