{
  "title": "小快灵再度现世，几度被帽也不影响进攻之势！11-6战胜20cm身高差的eric！",
  "topic": {
    "name": "虎扑用户729966",
    "date": "2019-09-16 22:02",
    "content": "视频无法播放，浏览器版本过低，请升级浏览器或者使用其他浏览器\n小快灵再度现世，几度被帽也不影响进攻之势！11-6战胜20cm身高差的eric！\n"
  },
  "pages": [],
  "replys": [
    {
      "user": "and19901109",
      "date": "2019-09-16 22:17",
      "content": "真厉害\n"
    },
    {
      "user": "虎扑用户45415",
      "date": "2019-09-16 22:44",
      "content": "好快，小打大的教科书了吧？\n"
    },
    {
      "user": "大皮大皮",
      "date": "2019-09-17 12:31",
      "content": "阿庆真流皮"
    },
    {
      "user": "Doc.Blood",
      "date": "2019-09-18 02:39",
      "content": "最后一个球，第一步好大啊。直接就过了"
    },
    {
      "user": "虎扑用户022718",
      "date": "2019-09-18 13:53",
      "content": "体重竟然差不多 对抗毫不吃亏啊\n"
    },
    {
      "user": "业余魔术师",
      "date": "2019-09-18 16:04",
      "content": "真快。。。"
    },
    {
      "user": "虎扑用户821208",
      "date": "2019-09-19 17:08",
      "content": "看五遍系列\n"
    },
    {
      "user": "死奏怜音玲珑之终",
      "date": "2019-09-19 22:51",
      "content": "向军哥哥阿庆敬礼～\n"
    }
  ]
}