{
  "title": "身高、臂展、履历都占上风的Eric，压哨进球，最终艰难地赢得半决赛。",
  "topic": {
    "name": "虎扑用户729966",
    "date": "2019-09-16 21:43",
    "content": "视频无法播放，浏览器版本过低，请升级浏览器或者使用其他浏览器\n身高、臂展、履历都占上风的Eric，压哨进球，最终艰难地赢得半决赛。\n"
  },
  "pages": [],
  "replys": [
    {
      "user": "砍81分你头上",
      "date": "2019-09-17 01:16",
      "content": "艰难是这么用的吗？\n"
    },
    {
      "user": "小白毅枚",
      "date": "2019-09-17 01:33",
      "content": "艰难？？？\n"
    }
  ]
}