{
  "title": "我这阵容小前上小卡还是字母？",
  "topic": {
    "name": "詹姆斯超强",
    "date": "2019-09-17 13:54",
    "content": ""
  },
  "pages": [],
  "replys": [
    {
      "user": "遇见特别得人U",
      "date": "2019-09-17 14:13",
      "content": "下汤啊\n"
    },
    {
      "user": "就这么虚伪",
      "date": "2019-09-17 14:45",
      "content": "小卡分位字母小前一起上啊\n"
    },
    {
      "user": "稻草人从不退缩",
      "date": "2019-09-17 16:46",
      "content": "下汤打均衡\n"
    },
    {
      "user": "好腿好腿",
      "date": "2019-09-17 20:56",
      "content": "分位小卡。小前字母。打均衡。如果非要打外线的话，那肯定就是字母了。因为他的篮板更高，然后出手也更低。\n"
    },
    {
      "user": "虎扑用户295238",
      "date": "2019-09-17 20:58",
      "content": "罗卡字乐戈\n"
    }
  ]
}