{
  "title": "大佬们，帮我看看什么战术好",
  "topic": {
    "name": "画家丑帅",
    "date": "2019-09-18 16:40",
    "content": "老是输几分。。。\n"
  },
  "pages": [],
  "replys": [
    {
      "user": "画家丑帅",
      "date": "2019-09-18 16:40",
      "content": "大佬们，给点意见\n"
    },
    {
      "user": "虎扑用户646198",
      "date": "2019-09-18 17:13",
      "content": "均衡\n"
    },
    {
      "user": "虎扑用户579135",
      "date": "2019-09-18 17:14",
      "content": "打锋线吧\n"
    },
    {
      "user": "虎扑用户579135",
      "date": "2019-09-18 17:14",
      "content": "韦德没3\n"
    },
    {
      "user": "虎扑用户646198",
      "date": "2019-09-18 17:15",
      "content": "好像防守不够\n"
    },
    {
      "user": "画家丑帅",
      "date": "2019-09-18 18:09",
      "content": "大前还有恩比德\n"
    }
  ]
}