{
  "title": "这裁判明着偏啊，球员还没进场就开球了",
  "topic": {
    "name": "quick278",
    "date": "2019-09-18 18:47",
    "content": "两边判罚标准也不一样，恒大这四个黄牌的标准，那踩zz那个不给？"
  },
  "pages": [],
  "replys": [
    {
      "user": "我的护球像郜林",
      "date": "2019-09-18 18:51",
      "content": "带任务了啊\n"
    },
    {
      "user": "国王lebron23",
      "date": "2019-09-18 18:55",
      "content": "今天恒大必胜，中国足球必胜\n"
    },
    {
      "user": "不全叙",
      "date": "2019-09-18 18:57",
      "content": "恒大今晚必须赢，918"
    }
  ]
}