{
  "title": "上海男篮官宣签下希腊籍助教 新赛季完整阵容出炉",
  "topic": {
    "name": "忠勇仁义",
    "date": "2019-09-18 14:15",
    "content": "上海热线体育频道讯 北京时间9月18日上午，上海久事大鲨鱼篮球俱乐部发布官方公告，宣布与来自希腊的马诺斯·马努塞利斯（Manos Manouselis）教练完成签约，他将以助理教练的身份正式加入上海久事大鲨鱼教练组。至此，上海男篮新赛季引援补强已宣告收尾，球队将以全新的阵容冲击新赛季。经历了一整个夏天的努力，上海久事篮球俱乐部完成了球员阵容的引援补强，基于俱乐部管理层与教练组关于球队长远发展的考量，俱乐部在近日与来自希腊的马诺斯·马努塞利斯（Manos Manouselis）教练完成签约，他将以助理教练的身份正式加入上海久事大鲨鱼教练组。　　马诺斯生于1964年，从事职业篮球已三十余载，拥有极为丰富的执教经历。自1984年起，他先后担任希腊联赛多支队伍和希腊男篮青年队的主教练，并于2008-10年期间于奥林匹亚科斯队担任主教练杨纳斯基的助手。　　马诺斯将以其丰富的欧洲篮球经验帮助我鲨，并专注于防守端，着力于为我鲨打造一整套防守体系。"
  },
  "pages": [],
  "replys": [
    {
      "user": "将军吉星",
      "date": "2019-09-18 15:19",
      "content": "干嘛把贾孝忠的照片放上来吓人？"
    },
    {
      "user": "喝着茶水看辽蓝",
      "date": "2019-09-18 15:21",
      "content": "这是什么？吓死人了………\n"
    },
    {
      "user": "普林斯",
      "date": "2019-09-18 15:21",
      "content": "木匠照片看了我吓一跳"
    },
    {
      "user": "忠勇仁义",
      "date": "2019-09-18 16:20",
      "content": "教练呀！！！！"
    }
  ]
}