{
  "title": "这个客场进球太关键了",
  "topic": {
    "name": "我科40",
    "date": "2019-09-18 18:46",
    "content": "太牛了，恒大如果再进一个，铁定晋级，加油！下半场千万别死守，历史告诉我们，死守的都走了\n"
  },
  "pages": [],
  "replys": [
    {
      "user": "国王lebron23",
      "date": "2019-09-18 18:57",
      "content": "不要拘谨，防守反击\n"
    },
    {
      "user": "wj117369154",
      "date": "2019-09-18 19:00",
      "content": "我觉得最主要是看裁判会不会手下留情，不留情的话怎么踢都走"
    }
  ]
}