{
  "title": "争霸赛，新旧三巨头什么水平？",
  "topic": {
    "name": "chenjiale520",
    "date": "2019-09-19 19:24",
    "content": "领先10+战力，新旧三巨头集合这么不堪？\n"
  },
  "pages": [],
  "replys": [
    {
      "user": "虎扑用户059630",
      "date": "2019-09-19 19:39",
      "content": "输两分的水平\n"
    },
    {
      "user": "勒布朗唯一",
      "date": "2019-09-19 21:59",
      "content": "输了就什么水平都没有\n"
    },
    {
      "user": "莺击长空14",
      "date": "2019-09-19 22:01",
      "content": "非常虚的水平\n"
    },
    {
      "user": "木木火皇",
      "date": "2019-09-19 22:05",
      "content": "会输的水平\n"
    },
    {
      "user": "虎扑用户295238",
      "date": "2019-09-19 22:28",
      "content": "要问老詹要打新的还是旧的战术才行🐶\n"
    }
  ]
}