{
  "title": "伪球迷，和大家认识认识",
  "topic": {
    "name": "青春",
    "date": "2015-01-04 17:55:00",
    "content": "伪球迷，和大家认识认识"
  },
  "pages": [],
  "replys": [
    {
      "user": "shiyuedian",
      "date": "2015-01-04 22:43:33",
      "content": "猜不出"
    },
    {
      "user": "青春",
      "date": "2015-01-05 00:52:27",
      "content": "认真看"
    },
    {
      "user": "shiyuedian",
      "date": "2015-01-05 09:29:10",
      "content": "提示下？"
    },
    {
      "user": "青春",
      "date": "2015-01-05 10:24:23",
      "content": "看的是欧冠小组赛"
    },
    {
      "user": "月下独酌酒",
      "date": "2015-01-05 23:08:40",
      "content": "好像不是欧洲那些很有名的大球场之一"
    },
    {
      "user": "青春",
      "date": "2015-01-05 23:09:09",
      "content": "五大联赛的"
    },
    {
      "user": "月下独酌酒",
      "date": "2015-01-05 23:20:16",
      "content": "挺难的，如果是欧冠小组赛，看上座率的话，应该不是传统豪门"
    },
    {
      "user": "月下独酌酒",
      "date": "2015-01-05 23:20:43",
      "content": "当然，也有可能是进场比较早的原因\r=。="
    },
    {
      "user": "青春",
      "date": "2015-01-05 23:22:29",
      "content": "对，是进场早，哈哈"
    },
    {
      "user": "文修远",
      "date": "2015-01-05 23:23:14",
      "content": "巴黎？"
    },
    {
      "user": "月下独酌酒",
      "date": "2015-01-05 23:24:41",
      "content": "是伯纳乌？仔细看好像很像伯纳乌\r=。="
    },
    {
      "user": "月下独酌酒",
      "date": "2015-01-05 23:25:51",
      "content": "伯纳乌球场的第一层看台很矮，是为了让前排观众看得更近\r然后层级关系和伯纳乌也很相似"
    },
    {
      "user": "小胖Sainty",
      "date": "2015-01-05 23:28:16",
      "content": "我也好想去国外看球！"
    },
    {
      "user": "青春",
      "date": "2015-01-06 00:56:05",
      "content": "德国的"
    },
    {
      "user": "青春",
      "date": "2015-01-06 00:57:16",
      "content": "要是去西班牙我一定要去看西蒙尼，"
    },
    {
      "user": "青春",
      "date": "2015-01-06 00:58:02",
      "content": "德国的"
    },
    {
      "user": "E-DE-N",
      "date": "2015-01-06 02:47:47",
      "content": "安联球场"
    },
    {
      "user": "青春",
      "date": "2015-01-06 03:27:08",
      "content": "对了呀"
    },
    {
      "user": "月下独酌酒",
      "date": "2015-01-06 09:29:30",
      "content": "=.=好吧，还好不是隔壁"
    },
    {
      "user": "臭狗屎",
      "date": "2015-01-06 10:59:01",
      "content": "给喜欢足球的妹纸赞一个"
    },
    {
      "user": "已注销",
      "date": "2015-01-06 11:04:14",
      "content": "国足亚洲杯马上开始，你竟然提都不提"
    },
    {
      "user": "E-DE-N",
      "date": "2015-01-06 12:13:57",
      "content": "这代废了，校园联赛体制很重要，等国家落实这一政策再看国足"
    },
    {
      "user": "已注销",
      "date": "2015-01-06 12:15:58",
      "content": "我觉得代代都会费"
    }
  ]
}