{
  "title": "讨论帖！骑士到底能走多远！？带上你的理由",
  "topic": {
    "name": "二师兄",
    "date": "2015-01-05 14:08:12",
    "content": "讨论帖！骑士到底能走多远！？带上你的理由"
  },
  "pages": [],
  "replys": [
    {
      "user": "二师兄",
      "date": "2015-01-05 15:08:55",
      "content": "同意。到了季后赛，防守是本。姑娘看的不错"
    },
    {
      "user": "二师兄",
      "date": "2015-01-05 15:11:27",
      "content": "为什么是湖人？"
    },
    {
      "user": "二师兄",
      "date": "2015-01-05 15:13:52",
      "content": "科比的意志力足以让人动容。"
    },
    {
      "user": "二师兄",
      "date": "2015-01-05 15:37:46",
      "content": "这就是竞技体育的魅力"
    },
    {
      "user": "明天会更好",
      "date": "2015-01-05 16:27:36",
      "content": "最多东决！因为骑士三巨今年伤病太厉害，磨合的太差！我觉得詹姆斯算是用天赋跟身体打球吧，这样的人出现伤病会有一些别的伤病也出现的，乐福的防守还是需要加强的，这样的防守在季后赛不行！欧文不熟悉，只是看他打球挺华丽！！"
    },
    {
      "user": "二师兄",
      "date": "2015-01-05 16:33:14",
      "content": "难度确实很大"
    },
    {
      "user": "明天会更好",
      "date": "2015-01-05 16:37:33",
      "content": "看球吗，图个乐呵！计较太多就没意思了。"
    },
    {
      "user": "二师兄",
      "date": "2015-01-05 16:39:22",
      "content": "对我们球迷来说的确是的。地球照样转，生活还得过。"
    },
    {
      "user": "明天会更好",
      "date": "2015-01-05 16:40:51",
      "content": "是呀，谁得到总冠军也替他高兴"
    },
    {
      "user": "读书看电影",
      "date": "2015-01-05 16:43:35",
      "content": "个人感觉止步第二轮"
    },
    {
      "user": "二师兄",
      "date": "2015-01-05 16:44:43",
      "content": "个人感觉凭借3人天赋能到东决"
    },
    {
      "user": "swaggy",
      "date": "2015-01-05 16:44:48",
      "content": "詹姆斯已经呈现衰退之势了"
    },
    {
      "user": "二师兄",
      "date": "2015-01-05 16:45:20",
      "content": "没办法，年龄在长啊。伤病猛于虎啊"
    },
    {
      "user": "读书看电影",
      "date": "2015-01-05 16:46:48",
      "content": "恩？可是今年东部的老鹰，奇才，公牛，猛龙状态太好了"
    },
    {
      "user": "二师兄",
      "date": "2015-01-05 16:50:00",
      "content": "公牛是难，猛龙和老鹰都不能找出一个关键时候的球星，在季后赛很难有特别大的突破。奇才还是挺看好的。"
    },
    {
      "user": "读书看电影",
      "date": "2015-01-05 16:50:55",
      "content": "老鹰今年的体系和球的运转都很像马刺诶"
    },
    {
      "user": "二师兄",
      "date": "2015-01-05 16:52:03",
      "content": "其实和马刺还是不能比的，马刺的人都是球精。毕竟在一起打球这么多年，老鹰火候还不到。"
    },
    {
      "user": "读书看电影",
      "date": "2015-01-05 16:52:46",
      "content": "关键老鹰是在东部，哈哈"
    },
    {
      "user": "二师兄",
      "date": "2015-01-05 16:54:49",
      "content": "哈哈。这么黑东部啊。那只能一切皆有可能了。"
    },
    {
      "user": "读书看电影",
      "date": "2015-01-05 16:54:56",
      "content": "不过，作为马刺的死忠，听到你夸马刺，我还是挺高兴的\r虽然战绩现在一般，唉"
    },
    {
      "user": "读书看电影",
      "date": "2015-01-05 16:55:28",
      "content": "绝对没有黑东部的意思，曾经的乔老爷把东部整的太猛了，哈哈"
    },
    {
      "user": "二师兄",
      "date": "2015-01-05 16:56:01",
      "content": "帕克，莱昂纳德受伤很受影响"
    },
    {
      "user": "读书看电影",
      "date": "2015-01-05 16:57:06",
      "content": "还有就是邓肯了，都不知道怎么了，状态有点不好，不是不会老嘛，净骗我"
    },
    {
      "user": "叶茶",
      "date": "2015-01-05 16:57:29",
      "content": "问题1：今年的骑士比去年的热火强吗？\r分析：化学反应、攻防体系、詹姆斯的状态……\r结论：显然没有\r 问题2：今年的骑士比11年的热火强吗？\r分析：詹姆斯+欧文+乐福VS詹姆斯+韦德+波什\r结论：你特么在逗我？\r 所以最多东决吧"
    },
    {
      "user": "二师兄",
      "date": "2015-01-05 16:57:32",
      "content": "总有遇到新秀墙的时候。"
    },
    {
      "user": "读书看电影",
      "date": "2015-01-05 16:58:01",
      "content": "感觉时间到了，唉"
    },
    {
      "user": "二师兄",
      "date": "2015-01-05 16:58:41",
      "content": "有理有据。哈哈。虽然我是詹姆斯粉"
    },
    {
      "user": "下雨的夜晚",
      "date": "2015-01-05 17:01:15",
      "content": "季后赛第二轮"
    },
    {
      "user": "[已注销]",
      "date": "2015-01-08 16:07:07",
      "content": "东决～～"
    },
    {
      "user": "小鹏",
      "date": "2015-01-08 18:16:59",
      "content": "老鹰今年这么厉害始料不及。骑士要看交易后的磨合情况吧，现在谁都说不好。但是认为JR的到来会有好多的乱子"
    },
    {
      "user": "Hey蛋先生",
      "date": "2015-01-09 01:11:35",
      "content": "怎么说呢，只有有詹姆斯还是有很大可能进东决的，目前最大的问题是防守，一支强队的最基本的标志，热火时期的防守也是排在联盟前五的，这也是热火四进总决赛两连冠的重要因素。目前就要看交易之后的磨合情况了，以及球队的稳定性和全场比赛的专注性！虽然很希望詹姆斯带领骑士夺冠，但也很现实的说现在的骑士没那个能力。不过依然挺骑士，因为有LBJ！"
    }
  ]
}