{
  "title": "【美国JRS之声】若是当初保罗去湖人的交易成行了现...",
  "topic": {
    "name": "GOKU",
    "date": "2015-01-05 22:02:53",
    "content": "【美国JRS之声】若是当初保罗去湖人的交易成行了现..."
  },
  "pages": [],
  "replys": [
    {
      "user": "伯牙泫",
      "date": "2015-01-05 23:06:53",
      "content": "我觉得还是取决于科比的打法了..."
    },
    {
      "user": "小乐下一个天亮",
      "date": "2015-01-06 01:06:29",
      "content": "重点不在于球员，如果老巴斯还活着，不会这么落魄。"
    },
    {
      "user": "麻子张",
      "date": "2015-01-06 18:20:04",
      "content": "那么大多数球迷就再也不拿抱团说事了"
    },
    {
      "user": "小鹏",
      "date": "2015-01-08 18:20:37",
      "content": "真特么感到遗憾。。。好好的一把交易就没了。但湖人最大的问题我觉得都是选帅的问题。。。这几年都特么的怎么过的"
    },
    {
      "user": "Cosimo",
      "date": "2015-01-08 21:32:00",
      "content": "太多maybe"
    },
    {
      "user": "Hey蛋先生",
      "date": "2015-01-09 01:14:49",
      "content": "如果科比不让出控球权，最后也是落个不欢而散，关键是看科比的打法了。"
    },
    {
      "user": "一眼望不到边",
      "date": "2015-01-11 20:58:55",
      "content": "保罗变书豪。。。"
    },
    {
      "user": "likelands",
      "date": "2015-01-12 19:25:39",
      "content": "我科才是真教练"
    },
    {
      "user": "✈️俊杰潮歌K",
      "date": "2015-01-13 09:28:39",
      "content": "首先球权交到保罗手里，剩下的做到无私，就行了。"
    }
  ]
}