{
  "title": "马刺黑月食？？？",
  "topic": {
    "name": "枫紫",
    "date": "2015-01-07 16:55:06",
    "content": "马刺黑月食？？？"
  },
  "pages": [],
  "replys": [
    {
      "user": "三都 主",
      "date": "2015-01-07 18:17:41",
      "content": "活塞今天确实打的好"
    },
    {
      "user": "夏夏夏夏天",
      "date": "2015-01-07 18:46:52",
      "content": "最后太大意了，还有8秒多的时候无谓的犯规，发球又直接失误。"
    },
    {
      "user": "枫紫",
      "date": "2015-01-07 19:34:12",
      "content": "感觉马刺放水了   关键时候邓肯都没上  最后八秒很意外的换上邓肯"
    },
    {
      "user": "枫紫",
      "date": "2015-01-07 19:34:43",
      "content": "对啊   罚球也有那么多没进"
    },
    {
      "user": "狐岐之水",
      "date": "2015-01-08 15:27:45",
      "content": "马刺看我火不够乱，想再添一把火。。。波波维奇太阴了。。。"
    }
  ]
}