{
  "title": "克城媒体:骑士连续交易梦回08 内线新援似大本",
  "topic": {
    "name": "amy",
    "date": "2015-01-09 09:48:57",
    "content": "克城媒体:骑士连续交易梦回08 内线新援似大本"
  },
  "pages": [],
  "replys": [
    {
      "user": "叶茶",
      "date": "2015-01-09 11:14:02",
      "content": "一名出色的后场防守专家，一位经验丰富的神射手，以及一位强悍的篮筐守护者……"
    },
    {
      "user": "可乐",
      "date": "2015-01-12 12:09:52",
      "content": "听起来心里不是个滋味儿。"
    }
  ]
}