{
  "title": "留给沙特的时间不多了",
  "topic": {
    "name": "花剌子模",
    "date": "2015-01-10 20:16:13",
    "content": "留给沙特的时间不多了"
  },
  "pages": [],
  "replys": [
    {
      "user": "蜗牛背壳爬",
      "date": "2015-01-11 00:31:38",
      "content": "总之看完之后挺高兴的！"
    },
    {
      "user": "花剌子模",
      "date": "2015-01-11 06:44:26",
      "content": "18年来第一次赢沙特阿，能不高兴？"
    },
    {
      "user": "霜狼左后威",
      "date": "2015-01-11 07:21:23",
      "content": "还不错，四个字，赢了就好！！！"
    },
    {
      "user": "花剌子模",
      "date": "2015-01-11 07:28:03",
      "content": "确实"
    },
    {
      "user": "花剌子模",
      "date": "2015-01-11 07:28:34",
      "content": "18年来第一次赢沙特"
    }
  ]
}