{
  "title": "美高中女篮161-2狂胜却挨批 主帅因太残忍被禁赛",
  "topic": {
    "name": "loveamy",
    "date": "2015-01-19 10:36:52",
    "content": "美高中女篮161-2狂胜却挨批 主帅因太残忍被禁赛"
  },
  "pages": [],
  "replys": [
    {
      "user": "牧羊人刘鑫宇",
      "date": "2015-01-20 14:59:51",
      "content": "上替补没错，但是还采取全场紧逼……"
    },
    {
      "user": "whatever",
      "date": "2015-01-22 16:49:52",
      "content": "懂什么叫比赛么？"
    }
  ]
}