{
  "title": "盘点一下那些赞助过足球比赛的轮胎企业",
  "topic": {
    "name": "安琪儿",
    "date": "2015-01-19 23:20:05",
    "content": "盘点一下那些赞助过足球比赛的轮胎企业"
  },
  "pages": [],
  "replys": [
    {
      "user": "狮山的云",
      "date": "2015-01-20 17:21:40",
      "content": "我觉得买马牌轮胎，那是买对的"
    },
    {
      "user": "我们一起幸福呀",
      "date": "2015-01-20 17:21:59",
      "content": "亚洲杯是什么时候开始的。"
    },
    {
      "user": "我们一起幸福呀",
      "date": "2015-01-20 17:23:49",
      "content": "足球赛事，我以后还会要看"
    },
    {
      "user": "蒲公英飞扬的秋",
      "date": "2015-01-20 17:25:51",
      "content": "以前很多人买的汽车轮胎质量不好"
    },
    {
      "user": "运河网",
      "date": "2015-01-20 17:26:33",
      "content": "很多人是买不起货车的"
    },
    {
      "user": "二是一种态度",
      "date": "2015-01-21 09:03:13",
      "content": "我经常观看足球比赛"
    },
    {
      "user": "女包客栈",
      "date": "2015-01-21 09:05:50",
      "content": "接下来的亚洲杯，比赛会更加残酷"
    },
    {
      "user": "积分礼",
      "date": "2015-01-21 09:06:28",
      "content": "我的弟弟，最近要买马牌轮胎"
    },
    {
      "user": "颖可涵",
      "date": "2015-01-21 09:07:17",
      "content": "足球赛事，我是看的比较多。"
    },
    {
      "user": "风在下",
      "date": "2015-01-21 09:09:45",
      "content": "亚洲杯，很多人在观看。"
    },
    {
      "user": "菠萝妹",
      "date": "2015-01-21 09:10:39",
      "content": "亚洲杯的名气，还是不小。杯"
    },
    {
      "user": "赵娅汝",
      "date": "2015-01-21 09:13:12",
      "content": "足球赛事影响力很大，可以看。"
    },
    {
      "user": "宝贝虫虫妈咪",
      "date": "2015-01-21 09:15:32",
      "content": "我对于马牌轮胎，还是了解不少。"
    },
    {
      "user": "萌面人",
      "date": "2015-01-21 09:16:31",
      "content": "我的好友早就给我说了马牌轮胎"
    },
    {
      "user": "朵朵轩",
      "date": "2015-01-21 09:18:16",
      "content": "我看足球赛事不是很多的"
    },
    {
      "user": "玖镹疚",
      "date": "2015-01-21 09:19:43",
      "content": "汽车与足球，是有关系"
    },
    {
      "user": "一个人的",
      "date": "2015-01-21 09:20:16",
      "content": "技术潇洒，我是懂的"
    },
    {
      "user": "众福雨蝶",
      "date": "2015-01-21 09:22:39",
      "content": "马牌好像是土豪，很有名"
    },
    {
      "user": "傻大翔",
      "date": "2015-01-22 08:37:17",
      "content": "马牌轮胎质量，是很给力。"
    },
    {
      "user": "祭奠弑去旳青春",
      "date": "2015-01-22 08:38:46",
      "content": "以前因为汽车轮胎质量不好，就会出现安全事故"
    },
    {
      "user": "性如水水",
      "date": "2015-01-22 08:41:19",
      "content": "外国汽车轮胎，也会很重视中国市场"
    },
    {
      "user": "多单元天空",
      "date": "2015-01-22 08:42:59",
      "content": "国足没有让马牌失望吧……"
    },
    {
      "user": "三木小宝",
      "date": "2015-01-22 08:46:16",
      "content": "货车在用，那是怎么行"
    }
  ]
}