{
  "title": "致国足——待到梦想城真，着黄袍哮诸侯",
  "topic": {
    "name": "吗啡赛恩",
    "date": "2015-01-22 23:35:07",
    "content": "致国足——待到梦想城真，着黄袍哮诸侯"
  },
  "pages": [],
  "replys": [
    {
      "user": "Jonathan",
      "date": "2015-01-22 23:38:18",
      "content": "祝国足"
    },
    {
      "user": "朦朦朦",
      "date": "2015-01-26 00:41:08",
      "content": "支持国足！2018见！"
    },
    {
      "user": "吗啡赛恩",
      "date": "2015-01-30 15:53:00",
      "content": "niubi"
    }
  ]
}