{
  "title": "有喜欢蒙塔·埃利斯的吗",
  "topic": {
    "name": "克赛诺逗比尼",
    "date": "2015-01-23 16:30:37",
    "content": "有喜欢蒙塔·埃利斯的吗"
  },
  "pages": [],
  "replys": [
    {
      "user": "不懂名字",
      "date": "2015-01-23 22:58:35",
      "content": "感觉巅峰中！"
    },
    {
      "user": "不懂名字",
      "date": "2015-01-23 22:58:35",
      "content": "感觉巅峰中！"
    },
    {
      "user": "Itachi",
      "date": "2015-01-23 23:31:16",
      "content": "在小牛现在的体系中十分适应"
    },
    {
      "user": "克赛诺逗比尼",
      "date": "2015-01-24 10:36:31",
      "content": "进攻无解而华丽"
    },
    {
      "user": "克赛诺逗比尼",
      "date": "2015-01-24 10:36:54",
      "content": "第一尖刀"
    },
    {
      "user": "Theo",
      "date": "2015-01-24 21:55:46",
      "content": "这是一个汤登时代"
    },
    {
      "user": "离离原上草",
      "date": "2015-01-25 11:58:57",
      "content": "到了小牛算是一种救赎了吧"
    },
    {
      "user": "恒星的恒心",
      "date": "2015-02-02 12:39:34",
      "content": "蒙塔，像极了游侠，实力很强。虽不被广泛关注，但不妨碍一次次送出一剑封喉。"
    },
    {
      "user": "野生奥特曼",
      "date": "2015-02-13 11:18:27",
      "content": "我的最爱，真正在天上打球的人，滞空能力全联盟第一！从勇士就开始密他了"
    },
    {
      "user": "[已注销]",
      "date": "2015-02-13 12:42:45",
      "content": "最帅的转身之一"
    },
    {
      "user": "steven",
      "date": "2015-02-13 15:50:47",
      "content": "萌她.爱丽丝，在勇士时代就很厉害了。"
    },
    {
      "user": "BIngbong",
      "date": "2015-02-13 20:34:15",
      "content": "这是一枚大心脏"
    },
    {
      "user": "克赛诺逗比尼",
      "date": "2015-02-15 08:25:20",
      "content": "本赛季该进全明星"
    },
    {
      "user": "[已注销]",
      "date": "2015-02-15 09:19:49",
      "content": "神经刀..."
    },
    {
      "user": "克赛诺逗比尼",
      "date": "2015-02-15 13:44:55",
      "content": "稳定性还不错"
    },
    {
      "user": "[已注销]",
      "date": "2015-02-15 14:29:12",
      "content": "还是以前在勇士的时候厉害点。。。"
    },
    {
      "user": "llanoshine",
      "date": "2015-02-15 14:42:40",
      "content": "在勇士有无限开火权，现在打法更成熟了。"
    },
    {
      "user": "[已注销]",
      "date": "2015-02-15 14:44:37",
      "content": "觉得他还是适合那种乱战。。"
    },
    {
      "user": "llanoshine",
      "date": "2015-02-15 14:48:01",
      "content": "可惜再也没有一个唐尼尔森了"
    },
    {
      "user": "llanoshine",
      "date": "2015-02-15 14:48:24",
      "content": "可惜再也没有一个唐尼尔森了"
    },
    {
      "user": "Boyka",
      "date": "2015-02-15 14:57:25",
      "content": "投篮还是不稳"
    }
  ]
}