{
  "title": "汤神！前无古人！i wanna bear monkeys for U",
  "topic": {
    "name": "GOKU",
    "date": "2015-01-24 13:46:30",
    "content": "汤神！前无古人！i wanna bear monkeys for U"
  },
  "pages": [],
  "replys": [
    {
      "user": "隐形人",
      "date": "2015-01-24 13:55:17",
      "content": "警察：我哪敢管这事儿啊"
    },
    {
      "user": "杞人.",
      "date": "2015-01-24 14:19:43",
      "content": "奥尼儿敢管."
    },
    {
      "user": "Samson",
      "date": "2015-01-24 14:31:30",
      "content": "对不起，国王就是奥尼尔的。。。"
    },
    {
      "user": "rofen007",
      "date": "2015-01-24 14:41:15",
      "content": "这只是马后炮，看看我几天前说勇士就提到汤普森的高效"
    },
    {
      "user": "业余**",
      "date": "2015-01-24 15:22:58",
      "content": "关键是弹无虚发啊"
    },
    {
      "user": "GOKU",
      "date": "2015-01-24 20:50:44",
      "content": "这早就超过了高效二字的范畴了好不好"
    },
    {
      "user": "rofen007",
      "date": "2015-01-24 20:59:41",
      "content": "这状态确实太牛了"
    },
    {
      "user": "[已注销]",
      "date": "2015-01-24 21:33:47",
      "content": "单节37了全场居然没破60，说明持久力不行，效率和爆发力倒是非常牛"
    },
    {
      "user": "Theo",
      "date": "2015-01-24 21:53:01",
      "content": "一个人一波流带走比赛，第四节垃圾时间还要再继续刷？这样才真的会报警吧"
    },
    {
      "user": "GOKU",
      "date": "2015-01-24 21:53:21",
      "content": "上半场好像是9中3 \r第三节一上来国王还反超1分\r接着汤普森单节13中13\r分差瞬间20多了\r第四节基本没打了"
    }
  ]
}