{
  "title": "詹黑越来越深沉了",
  "topic": {
    "name": "爱我所艾",
    "date": "2015-01-25 23:43:11",
    "content": "詹黑越来越深沉了"
  },
  "pages": [],
  "replys": [
    {
      "user": "呀呀呀",
      "date": "2015-01-26 00:33:16",
      "content": "又来一个智商低的，你解释一下"
    },
    {
      "user": "Micho",
      "date": "2015-01-26 00:38:29",
      "content": "额，此话怎讲"
    },
    {
      "user": "Theo",
      "date": "2015-01-26 07:29:31",
      "content": "就是说最后时刻老传球啊，詹黑不也就那几个梗嘛"
    },
    {
      "user": "爱我所艾",
      "date": "2015-01-26 08:57:23",
      "content": "詹姆斯让队友变得越来越好，是因为寻找的大腿越来越粗...理解了吧"
    },
    {
      "user": "呀呀呀",
      "date": "2015-01-26 08:58:11",
      "content": "额，真会黑"
    },
    {
      "user": "爱我所艾",
      "date": "2015-01-26 08:59:16",
      "content": "这次不一样，因为最后时刻的数据一直很牛逼，一列数据就能击破，如今换球队是唯一詹蜜辩驳不了的，因为总有那么一些人“有情结”"
    },
    {
      "user": "GOKU",
      "date": "2015-01-26 11:47:11",
      "content": "我靠 \r我自称组内第一高级黑\r居然没秒懂\r 后生可畏啊。。。"
    },
    {
      "user": "等待戈多",
      "date": "2015-01-27 14:21:44",
      "content": "来了防守型中锋，JR史密斯和香铂特真是改观不少，布拉特应该会烦恼派谁上场"
    }
  ]
}