{
  "title": "果然不出我所料",
  "topic": {
    "name": "螃蟹|Daddy²",
    "date": "2015-01-27 07:53:59",
    "content": "果然不出我所料"
  },
  "pages": [],
  "replys": [
    {
      "user": "tupac2k",
      "date": "2015-01-27 12:11:56",
      "content": "我看了他37分的集锦不否认他是好投手 几乎所有得分都是 除了一个不讲理的三分基本都是队友传球掩护策应和吸引（多半来自库里和博古特）换来的与其说是塔普森的容易其实还不如说是勇士全队的荣誉\r另外现在虎扑平均看球都是08年以后甚至更晚 对于他们来说好像历史挺短的别说乔丹什么的卡特麦迪艾佛森巅峰都没看过"
    },
    {
      "user": "GOKU",
      "date": "2015-01-27 12:43:00",
      "content": "那帮人多数都是恶意求亮 赚关注度 赚流量 正常。。。"
    },
    {
      "user": "梦想永远在",
      "date": "2015-01-27 15:04:58",
      "content": "老菜皮的帖子只有老菜皮爱心回帖，以示安慰。"
    },
    {
      "user": "夜的祭祀",
      "date": "2015-01-27 15:54:48",
      "content": "那帮人多数都是恶意求亮 赚关注度 赚流量 正常。。。"
    },
    {
      "user": "Theo",
      "date": "2015-01-27 16:53:53",
      "content": "应该也没人当真吧"
    },
    {
      "user": "三百六十五日",
      "date": "2015-01-27 16:55:10",
      "content": "jrs......."
    },
    {
      "user": "三都 主",
      "date": "2015-01-27 22:22:16",
      "content": "季后赛看看是不是真有料"
    }
  ]
}