{
  "title": "谁才是联盟第一分位！！？？？",
  "topic": {
    "name": "之乎者也",
    "date": "2015-01-27 10:39:23",
    "content": "谁才是联盟第一分位！！？？？"
  },
  "pages": [],
  "replys": [
    {
      "user": "平凡的crush",
      "date": "2015-01-27 11:40:51",
      "content": "看来还真是哈登啦～"
    },
    {
      "user": "[已注销]",
      "date": "2015-01-27 11:44:12",
      "content": "目前为止哈登吧。早几年就韦德了。"
    },
    {
      "user": "蜡笔不小心",
      "date": "2015-01-27 11:44:53",
      "content": "要是都比巅峰时期的话，科比无疑。目前来说，哈登貌似屌一点"
    },
    {
      "user": "冰恋",
      "date": "2015-01-27 13:37:08",
      "content": "必须哈登"
    },
    {
      "user": "等待戈多",
      "date": "2015-01-27 14:32:27",
      "content": "评定标准应该升级，看对球队的贡献率，例如出手次数和命中率，是否帮助球队获得胜利，不应该单单只是看场均数据"
    },
    {
      "user": "风中的歌",
      "date": "2015-01-27 17:52:31",
      "content": "登哥，巴特勒，"
    },
    {
      "user": "小雄鹰",
      "date": "2015-01-28 00:53:11",
      "content": "只有科比，剩下的进攻手段都太单一"
    },
    {
      "user": "手机里很多闹钟",
      "date": "2015-01-28 01:38:55",
      "content": "哈登啦～"
    },
    {
      "user": "王子遣",
      "date": "2015-01-28 08:21:50",
      "content": "登哥啊"
    },
    {
      "user": "JUMP",
      "date": "2015-01-28 08:47:05",
      "content": "人咖喱是一号位"
    },
    {
      "user": "丑丑哥哥",
      "date": "2015-01-28 08:54:04",
      "content": "我觉得克劳福德 比他们效率都高 跟体系也有关系哈"
    },
    {
      "user": "酸奶",
      "date": "2015-01-28 09:14:06",
      "content": "目前哈登呢  以前科比吧"
    },
    {
      "user": "tomwld",
      "date": "2015-01-29 13:49:02",
      "content": "黑这赛季哈登的防守，可以理解为你好久没看球\r不过sg和pg都分不清，可以理解为你以前也没怎么看过球"
    },
    {
      "user": "夜空中的星星",
      "date": "2015-01-29 16:09:00",
      "content": "不是一个时代 没有可比性吧。"
    },
    {
      "user": "夜的祭祀",
      "date": "2015-01-29 20:08:33",
      "content": "对于你这种不分青红皂白的球迷真是无语   根本没有好好看球说起话还理直气壮"
    },
    {
      "user": "GOKU",
      "date": "2015-01-29 20:59:09",
      "content": "威少！"
    },
    {
      "user": "Zu",
      "date": "2015-01-29 21:07:15",
      "content": "蜗壳，韦德，妖刀，汤普森，基石，应该是这种顺序了"
    },
    {
      "user": "老徐Barrett.",
      "date": "2015-01-29 21:15:33",
      "content": "欧文...（噗...好冷）"
    },
    {
      "user": "这个名字很好",
      "date": "2015-01-29 21:46:25",
      "content": "现在是哈登。。早几年科比"
    }
  ]
}