{
  "title": "勇士有多强？？",
  "topic": {
    "name": "之乎者也",
    "date": "2015-01-28 23:42:54",
    "content": "勇士有多强？？"
  },
  "pages": [],
  "replys": [
    {
      "user": "singsing2014",
      "date": "2015-01-29 00:09:02",
      "content": "跟72胜的公牛比，就郎夏巴和pipen就可以锁死勇士的外线，还不用动用mj防守就完事了"
    },
    {
      "user": "[已注销]",
      "date": "2015-01-28 23:45:12",
      "content": "能7射的对手满脸都是"
    },
    {
      "user": "星川",
      "date": "2015-01-28 23:45:28",
      "content": "第二阵容斯贝茨，大卫李，巴恩斯，利文斯顿，还有巴博萨霍勒迪之徒，全都即插即用而且磨合很好。"
    },
    {
      "user": "之乎者也",
      "date": "2015-01-28 23:46:06",
      "content": "对啊，那俩货准起来真是不要脸！！！！"
    },
    {
      "user": "之乎者也",
      "date": "2015-01-28 23:48:11",
      "content": "巴恩斯现在在首发，健康的话\r第一阵容：博古特、德拉蒙德格林、哈里森巴恩斯、汤普森、库里\r第二阵容：斯贝茨、大卫李、伊戈达拉、霍乐迪、利文斯顿\r板凳上还有巴博萨、艾泽丽……\r这叫别的队怎么玩……"
    },
    {
      "user": "星川",
      "date": "2015-01-28 23:48:42",
      "content": "还好今天不准?"
    },
    {
      "user": "之乎者也",
      "date": "2015-01-28 23:49:34",
      "content": "对的，下半场铁了！主要还是博古特没打！！"
    },
    {
      "user": "星川",
      "date": "2015-01-28 23:50:13",
      "content": "大卫李也止止血，"
    },
    {
      "user": "Rossi",
      "date": "2015-01-28 23:53:46",
      "content": "被11失误20铁的螺丝绝杀的程度"
    },
    {
      "user": "Jacob",
      "date": "2015-01-28 23:59:53",
      "content": "有毛用，季后赛看内线和防守！"
    },
    {
      "user": "singsing2014",
      "date": "2015-01-29 00:09:02",
      "content": "跟72胜的公牛比，就郎夏巴和pipen就可以锁死勇士的外线，还不用动用mj防守就完事了"
    },
    {
      "user": "好吃",
      "date": "2015-01-29 00:11:27",
      "content": "太看手感了。内线是个隐患"
    },
    {
      "user": "Chris",
      "date": "2015-01-29 00:17:11",
      "content": "我看下班赛季会崩，上赛季的步行者一开始也是在说和72公牛比的看啦结果，这赛季勇士应该是64胜左右"
    },
    {
      "user": "最爱陈二丫",
      "date": "2015-01-29 00:48:26",
      "content": "只能常规赛玩玩，季后赛次轮。"
    },
    {
      "user": "包子君",
      "date": "2015-01-29 01:28:00",
      "content": "博古特健康的话不虚任何队，可以考虑西决甚至总决；博古特不在的话和去年一样业界良心，水花投开了谁都能赢，投不开谁都能输。。。"
    },
    {
      "user": "迟到少年",
      "date": "2015-01-29 03:25:20",
      "content": "拿不到72胜"
    },
    {
      "user": "之乎者也",
      "date": "2015-01-29 08:42:37",
      "content": "嗯啊，其实就看博古特能否健康了……"
    },
    {
      "user": "恒星的恒心",
      "date": "2015-01-29 11:12:57",
      "content": "呵呵，黄飞鸿完虐李小龙，张三丰打爆张无忌。。。"
    },
    {
      "user": "夜空中的星星",
      "date": "2015-01-29 16:14:13",
      "content": "配置很合理 教练很不错 就看健康状况"
    },
    {
      "user": "夜空中的星星",
      "date": "2015-01-29 16:14:17",
      "content": "配置很合理 教练很不错 就看健康状况"
    }
  ]
}