{
  "title": "亚洲之巅",
  "topic": {
    "name": "花剌子模",
    "date": "2015-01-30 21:31:49",
    "content": "亚洲之巅"
  },
  "pages": [],
  "replys": [
    {
      "user": "花剌子模",
      "date": "2015-01-30 22:17:14",
      "content": "韩媒号称不失一球夺冠，媲美宇宙队？永远不要低估韩国人自信与勇气"
    },
    {
      "user": "雪沸茶凉",
      "date": "2015-01-30 22:28:17",
      "content": "预测袋鼠补时绝杀一球小胜棒子"
    },
    {
      "user": "花剌子模",
      "date": "2015-01-30 22:33:34",
      "content": "也许吧，但是韩国媒体是永远赢不了的？"
    },
    {
      "user": "雪沸茶凉",
      "date": "2015-01-31 19:35:58",
      "content": "居然应验了…"
    },
    {
      "user": "花剌子模",
      "date": "2015-01-31 21:39:18",
      "content": "厉害，可我没买球？哎"
    },
    {
      "user": "雪沸茶凉",
      "date": "2015-02-01 00:16:26",
      "content": "买过的都不应，最近猜中的都没买…"
    },
    {
      "user": "花剌子模",
      "date": "2015-02-01 01:06:57",
      "content": "你都不信自己"
    }
  ]
}