{
  "title": "今晚终于有球看了",
  "topic": {
    "name": "在路上.心才安",
    "date": "2015-01-31 23:00:09",
    "content": "今晚终于有球看了"
  },
  "pages": [],
  "replys": [
    {
      "user": "在路上.心才安",
      "date": "2015-01-31 23:06:57",
      "content": "杰队居然没进大名单。。"
    },
    {
      "user": "biang。",
      "date": "2015-02-01 00:18:19",
      "content": "……"
    },
    {
      "user": "霜狼左后威",
      "date": "2015-02-01 00:20:41",
      "content": "红魔这边3:0中，稳！"
    }
  ]
}