{
  "title": "关于2018年世界杯亚洲预选赛",
  "topic": {
    "name": "塞纳河的肉馒头",
    "date": "2015-02-02 19:03:35",
    "content": "关于2018年世界杯亚洲预选赛"
  },
  "pages": [],
  "replys": [
    {
      "user": "佳木子",
      "date": "2015-02-03 17:19:02",
      "content": "随着阿联酋的崛起国足基本没戏，毕竟亚洲只有4+1个名额！"
    },
    {
      "user": "塞纳河的肉馒头",
      "date": "2015-02-03 20:52:54",
      "content": "现在怎么亚洲只有4个名额了？"
    }
  ]
}