{
  "title": "妹子一枚，怎样才能了解nba",
  "topic": {
    "name": "九安奈",
    "date": "2015-02-03 23:44:47",
    "content": "妹子一枚，怎样才能了解nba"
  },
  "pages": [],
  "replys": [
    {
      "user": "二八",
      "date": "2015-02-03 23:48:52",
      "content": "抓到一个女JR！"
    },
    {
      "user": "向阳",
      "date": "2015-02-03 23:59:18",
      "content": "先从你喜欢的球星开始了解。然后再多去了解些有名的明星。他们的风格特点"
    },
    {
      "user": "九安奈",
      "date": "2015-02-04 00:02:37",
      "content": "通过什么方式比较好呢 看球赛？新闻？还是各种数据？"
    },
    {
      "user": "黑白无常",
      "date": "2015-02-04 00:03:46",
      "content": "跟我一样，看11年比赛"
    },
    {
      "user": "向阳",
      "date": "2015-02-04 00:04:17",
      "content": "球赛。个人集锦。个人介绍。很多啊"
    },
    {
      "user": "[已注销]",
      "date": "2015-02-04 00:06:50",
      "content": "多看球赛  虎扑"
    },
    {
      "user": "呀呀呀",
      "date": "2015-02-04 00:07:45",
      "content": "多看比赛"
    },
    {
      "user": "九安奈",
      "date": "2015-02-04 00:09:46",
      "content": "11年比赛有什么特别之处么"
    },
    {
      "user": "47_17_",
      "date": "2015-02-04 00:10:14",
      "content": "难"
    },
    {
      "user": "[已注销]",
      "date": "2015-02-04 00:12:03",
      "content": "难道你需要了解战术"
    },
    {
      "user": "水长东",
      "date": "2015-02-04 00:26:00",
      "content": "1、篮球先锋报；2、CCAV的NBA转播；3、找一个同样喜欢NBA的男淫"
    },
    {
      "user": "幽忧",
      "date": "2015-02-04 00:35:31",
      "content": "交爱nba的朋友！"
    },
    {
      "user": "黑白无常",
      "date": "2015-02-04 02:02:47",
      "content": "十一年，不是2011年"
    },
    {
      "user": "[已注销]",
      "date": "2015-02-04 03:14:01",
      "content": "先了解有哪些球队，记住每个队的当家球星和二当家，然后看比赛记住他们的脸，然后再记住他们打哪个位置，然后多看比赛分析技术特点，其实玩游戏可以很快了解nba。"
    },
    {
      "user": "九安奈",
      "date": "2015-02-04 15:20:12",
      "content": "嗯嗯 最近在玩2k"
    },
    {
      "user": "小YJ",
      "date": "2015-02-04 15:23:05",
      "content": "这样的妹子不错哟"
    },
    {
      "user": "[已注销]",
      "date": "2015-02-04 15:33:00",
      "content": "玩2k的时候打王朝模式，多交易交易，于是你就了解nba了。用火箭吧，反正我现在的配置就是康利，哈登，勒布朗，德里克威廉姆斯，霍华德，替补，卡南，小哈德威，布鲁尔，尼克尔森，磨铁，小乔丹。"
    },
    {
      "user": "Boyka",
      "date": "2015-02-04 15:36:33",
      "content": "多看直播解说"
    },
    {
      "user": "枫紫",
      "date": "2015-02-04 15:37:35",
      "content": "每天都看看比赛  一段时间就会有所了解了"
    },
    {
      "user": "Boyka",
      "date": "2015-02-04 15:37:48",
      "content": "多看比赛转播，认真听解说"
    },
    {
      "user": "Stephen先生",
      "date": "2015-02-04 15:39:17",
      "content": "认识我 然后聊天 你很快就知道"
    },
    {
      "user": "暮雨洒江天",
      "date": "2015-02-04 21:31:30",
      "content": "要和别人讨论，那你知识储备就得丰富，那就需要时间去积累了。我看球七年，并不只是看比赛。有时对某个人，某个球队感兴趣，就在网上搜索相关内容，一点一滴攒下来。现在别人说NBA，方方面面我多少都了解一些，交流毫不费力"
    },
    {
      "user": "泥巴",
      "date": "2015-02-04 21:35:12",
      "content": "多看直播比赛还有各种nba水货小编的各种评论....反正比水军靠谱点...就是.."
    },
    {
      "user": "Micho",
      "date": "2015-02-04 23:12:54",
      "content": "如果不嫌弃，，，我可以跟你说一整夜"
    },
    {
      "user": "迷迭香",
      "date": "2015-02-05 09:26:27",
      "content": "了解nba跟逛街买衣服一样。去多了就了解了。可以从几个方面了解:球星:值得一提的是一个老的球星，关注他的过去会让你渐渐了解很多球队:往往因为一两个球星而喜欢上一支球队，姚麦让很多中国球迷有火箭情节技术:有兴趣可以打球，哪怕投投篮也好。真正参与到一个运动当中，你会发现它的魅力。战术:从基本的挡拆、空切到联盟较为流行的牛角、UCLA切。甚至有机会的话，集体比赛为队友设计战术。其实一项运动的了解与否，取决于你多么热爱。你喜欢看的话，慢慢看就好了，不要急，你渐渐就会有自己的感悟。"
    },
    {
      "user": "SONG",
      "date": "2015-02-05 09:37:39",
      "content": "找一资深男J R 搞定"
    },
    {
      "user": "鲁大帅👊",
      "date": "2015-02-05 09:40:09",
      "content": "如果是出于爱好，多看就会慢慢积累，可以去虎扑找妹子一起交流。"
    },
    {
      "user": "Neal",
      "date": "2015-02-05 09:41:58",
      "content": "jr路过点赞～"
    },
    {
      "user": "娶姿势",
      "date": "2015-02-05 09:44:22",
      "content": "认识两个会喷的球迷，他们会带你飞的"
    },
    {
      "user": "小宇",
      "date": "2015-02-05 09:47:54",
      "content": "多看比赛和精彩集锦，逛逛虎扑湿乎乎。JR你好。"
    },
    {
      "user": "说不准是谁的谁",
      "date": "2015-02-05 09:49:04",
      "content": "找个装逼懂球帝"
    },
    {
      "user": "爷在此，你在哪",
      "date": "2015-02-05 10:52:11",
      "content": "多看比赛，听解说介绍。。"
    },
    {
      "user": "Infinite",
      "date": "2015-02-05 11:41:17",
      "content": "约吗？我是懂球帝"
    },
    {
      "user": "星川",
      "date": "2015-02-05 11:42:48",
      "content": "玩2K"
    },
    {
      "user": "九安奈",
      "date": "2015-02-05 16:22:41",
      "content": "介绍得好详细啊 谢谢你"
    },
    {
      "user": "Van",
      "date": "2015-02-05 16:29:31",
      "content": "看cc5的nba直播 多看多听 主持人会给你脑补很多你需要的知识"
    },
    {
      "user": "我叫干大白",
      "date": "2015-02-05 16:37:38",
      "content": "首先你必须搞清楚是10个人在场上用手打打球，而不是11个用脚。"
    },
    {
      "user": "Kevin",
      "date": "2015-02-05 16:38:07",
      "content": "找个是科蜜的男友，和他一起看比赛，看完一赛季的你肯定有质的飞跃"
    },
    {
      "user": "九安奈",
      "date": "2015-02-05 16:52:36",
      "content": "我也想啊 可惜没缘分"
    },
    {
      "user": "金胡子",
      "date": "2015-02-05 16:55:09",
      "content": "关键是你想了解到什么地步啊？"
    },
    {
      "user": "Kevin",
      "date": "2015-02-05 17:38:13",
      "content": "那你知道记住一句：老大最厉害，湖人总冠军，这样就够了"
    },
    {
      "user": "CO",
      "date": "2015-02-05 17:46:49",
      "content": "找个懂球帝男朋友"
    },
    {
      "user": "由牙",
      "date": "2015-02-05 17:49:55",
      "content": "日积月累的，如果有感兴趣的人就从他开始入手，他的花边，球队的新闻，慢慢会延展开去的"
    },
    {
      "user": "牧羊人刘鑫宇",
      "date": "2015-02-05 17:52:50",
      "content": "多看比赛，篮球先锋报，虎扑"
    },
    {
      "user": "迷迭香",
      "date": "2015-02-05 22:44:53",
      "content": "关键一点:对喜欢的男生要投其所好"
    },
    {
      "user": "昵称全被注册了",
      "date": "2015-02-05 22:49:33",
      "content": "科蜜路过～(・ω・)ノ"
    },
    {
      "user": "头秃照样打天下",
      "date": "2015-02-05 22:52:13",
      "content": "都会逛虎扑了还看不懂球吗"
    },
    {
      "user": "一个墨鸦",
      "date": "2015-02-05 23:10:48",
      "content": "先学打篮球，发现自己做的动作，原来别人做起来是另外一种境界"
    },
    {
      "user": "九安奈",
      "date": "2015-02-05 23:15:15",
      "content": "体育课上篮球课 只有投篮动作标准一点..."
    },
    {
      "user": "Fury",
      "date": "2015-02-05 23:43:49",
      "content": "做我女票就ok了，包学包会"
    },
    {
      "user": "霸王色霸气",
      "date": "2015-02-05 23:49:55",
      "content": "这很难"
    },
    {
      "user": "小保罗",
      "date": "2015-02-05 23:51:59",
      "content": "多看球喽"
    },
    {
      "user": "MYSELF",
      "date": "2015-02-06 01:12:47",
      "content": "找个篮球队的"
    },
    {
      "user": "手放开",
      "date": "2015-02-06 09:09:31",
      "content": "找个爱看球的男友就什么都解决了。"
    },
    {
      "user": "HOHO",
      "date": "2015-02-07 06:58:22",
      "content": "经过以下几个步骤就能养成：\r1.玩NBA 2K游戏。你会发现有些明星球员特别厉害，还有些角色球员很好用，然后就对他们的名字有印象了。\r2.看球赛，发现这些名字在生活中都存在，而且各自特点和游戏里很相似，会感觉很有意思。\r3.关注球员交易的新闻，每当有大交易的时候会觉得很有意思，而且会了解到关于合同、转会、工资、球队结构等方面的知识。\r4.作为女生，还可以多了解一下球星的八卦新闻，场外生活。NBA球员和娱乐圈明星联系甚密，女生干这个可以说毫无压力。而且到后来你会发现你知道的很多球员八卦新闻连男生都不一定知道。\r 久而久之你认识的球队和球员会越来越多，知道得规则也越来越多。\r 如果是男生还建议自己打一打篮球，体会一下战术的运转，看球赛的时候可以比较看看NBA的战术运转是怎样的。女生就玩玩游戏算了，游戏也可以帮忙体会战术。"
    },
    {
      "user": "索隆-佩罗娜",
      "date": "2015-02-07 07:21:35",
      "content": "数据都是冷冰冰的，没有感情的，多看经典的比赛录像，多搜集资料看看，看一些杂志，九十年代篮球风格于篮球精神感觉是新世纪的球星欠缺的，新世纪进入联盟球员也就威少还有一些前辈们的精神特质，你可以看看当年东部半决赛猛龙跟76人的系列赛，还有当年湖人对开拓者的西部决赛，76人对湖人的总决赛，公牛与爵士的总决赛等等，还有球星的集锦，数据是一方面，但更重要的是球员在场上的精神，这些精神是数据体现不出来的"
    },
    {
      "user": "muli",
      "date": "2015-02-07 07:28:06",
      "content": "找个懂?的老公，男票，或py"
    },
    {
      "user": "从小不学好",
      "date": "2015-02-07 07:41:30",
      "content": "首先感兴趣 打个比方 有些妹子追韩星 你问问怎么追星？"
    },
    {
      "user": "大大大大大超",
      "date": "2015-02-07 07:44:21",
      "content": "劝你先找男友再了解球赛。。。\r 本人蜜KG和PP，当然也是脑残凯蜜。\r 遥想当年找了个科蜜女朋友，一到季后赛我俩互相都不说话。。。"
    },
    {
      "user": "别动，举起手来",
      "date": "2015-02-07 07:52:03",
      "content": "换个喜欢nba的男友吧"
    },
    {
      "user": "nick chung",
      "date": "2015-02-07 10:49:39",
      "content": "喜欢篮球就看麦蒂，想爱上篮球就看科比吧"
    },
    {
      "user": "肌肉男腩",
      "date": "2015-02-07 10:51:07",
      "content": "找一个懂球的爷们"
    },
    {
      "user": "Dreamer",
      "date": "2015-02-07 10:51:41",
      "content": "找个懂球的男朋友啊"
    },
    {
      "user": "C!man",
      "date": "2015-02-07 10:52:46",
      "content": "跟一个 懂球的 一起多看几场比赛"
    },
    {
      "user": "駱駝",
      "date": "2015-02-07 10:53:11",
      "content": "找个喜欢NBA的男友你就了解了"
    },
    {
      "user": "九安奈",
      "date": "2015-02-07 15:30:27",
      "content": "到最后大家都让我找一个懂篮球的男票了啊…\r我也想啊 可惜缘分未到  一直没找到T T"
    },
    {
      "user": "九安奈",
      "date": "2015-02-07 15:34:14",
      "content": "你说得真实在 谢谢你么么哒！"
    },
    {
      "user": "IBu",
      "date": "2015-02-07 15:41:56",
      "content": "多和我聊天.本人看nba14年"
    },
    {
      "user": "特矛盾先生1103",
      "date": "2015-02-08 09:59:10",
      "content": "看球，熟悉规则，球星，喜欢球鞋"
    },
    {
      "user": "Will",
      "date": "2015-02-08 10:02:27",
      "content": "看比赛，逛论坛，打游戏。。。你都做到了啊，就剩去美国了，哈哈。。。其实时间长了自然就了解啦，小时候经常看杂志，能得知不少周边的东西"
    },
    {
      "user": "Ryanman",
      "date": "2015-02-08 10:09:51",
      "content": "多看比赛别 可以通过那个球队的球星记住那个球队 不然找个也喜欢nba的男朋友 哈哈！"
    },
    {
      "user": "尼古拉斯赵四",
      "date": "2015-02-08 10:10:34",
      "content": "毫无疑问 买篮球先锋报  你蜜谁？"
    },
    {
      "user": "[已注销]",
      "date": "2015-02-10 10:57:22",
      "content": "以八九十年代的各队领军人物开始吧"
    },
    {
      "user": "mc",
      "date": "2015-02-10 22:03:20",
      "content": "先喜欢一个球星"
    },
    {
      "user": "王富贵",
      "date": "2015-02-10 22:45:59",
      "content": "不需要太复杂，先在NBA溜一圈眼，看哪个球员比较有眼缘就开始决定喜欢他，然后慢慢通过了解一个球员就会了解NBA。之后有了自己的队NBA对篮球的认识，其他的就手到擒来了。"
    },
    {
      "user": "不",
      "date": "2015-02-11 08:17:20",
      "content": "问我！"
    },
    {
      "user": "大胡子老师傅",
      "date": "2015-02-11 08:20:49",
      "content": "找一个铁杆NBA球迷做男票"
    },
    {
      "user": "Da",
      "date": "2015-02-11 08:23:46",
      "content": "妹子 天天看扑虎 看球赛 不能够不知道些吧，时间长了总会了解的啊。。"
    },
    {
      "user": "我是一个逗比",
      "date": "2015-02-11 09:44:06",
      "content": "多去大虎扑的步行街逛逛你就懂了"
    },
    {
      "user": "若时间逆流",
      "date": "2015-02-11 10:09:00",
      "content": "我教你啊！"
    },
    {
      "user": "xa",
      "date": "2015-02-11 10:37:40",
      "content": "哥们也逛虎扑？"
    },
    {
      "user": "二八",
      "date": "2015-02-11 11:03:24",
      "content": "是阿，好多年了"
    },
    {
      "user": "就这样吧～",
      "date": "2015-02-11 11:03:46",
      "content": "他说得是看了十一年的比赛了，不是2011年的比赛，"
    },
    {
      "user": "酸奶",
      "date": "2015-02-11 11:25:11",
      "content": "有问题可以问我  咱俩也可以聊篮球  我是库里脑残粉"
    },
    {
      "user": "昨夜星辰",
      "date": "2015-02-11 11:29:19",
      "content": "天天看"
    },
    {
      "user": "我不会思考",
      "date": "2015-02-11 11:31:05",
      "content": "玩儿关于nba的游戏"
    },
    {
      "user": "穿过暖冬季节",
      "date": "2015-02-12 22:02:39",
      "content": "如果是真的喜欢篮球，慢慢的你会懂得一切，如果只是为了取悦别人而看篮球，你还是放弃吧，对于很多女孩子来说，那是个奇怪的世界"
    },
    {
      "user": "翟秋阳",
      "date": "2015-02-14 08:54:29",
      "content": "看书，看老比赛。你现在是不是感觉内战的观赏性和技术性很低，因为你连姚明的比赛都没怎么看过。你现在是不是感觉控卫的得分能力很重要，因为你没看过佩顿。所以看看书里是怎么说的，看看看比赛里是怎么打球的。"
    },
    {
      "user": "厚木四十五",
      "date": "2015-02-14 11:28:30",
      "content": "找个喜欢打球的男朋友"
    },
    {
      "user": "tupac2k",
      "date": "2015-02-15 17:50:39",
      "content": "喜欢看 就坚持看呗 看个1年半载的自然能熟了 这东西还要非得找什么节径呢"
    },
    {
      "user": "Bear boy",
      "date": "2015-02-15 23:32:43",
      "content": "有时间多看比赛，跑位，战术之类的一般看比赛看的多了就能看懂，也可以看看一些分析，球评，个人比较喜欢张佳玮的分析解说；有机会自己玩一玩，实际体会一下会让你对这项运动有自己的理解！暂时就想到这么多。。。"
    },
    {
      "user": "熊熊的熊",
      "date": "2015-02-15 23:43:27",
      "content": "约出来亲自讲解"
    }
  ]
}