{
  "title": "【杭州】今晚11点，皇马VS马竞，有人一起看球么",
  "topic": {
    "name": "少年已不年少",
    "date": "2015-02-07 19:37:09",
    "content": "【杭州】今晚11点，皇马VS马竞，有人一起看球么"
  },
  "pages": [],
  "replys": [
    {
      "user": "[已注销]",
      "date": "2015-02-07 19:55:17",
      "content": "有"
    },
    {
      "user": "少年已不年少",
      "date": "2015-02-07 19:56:16",
      "content": "杭州哦？"
    },
    {
      "user": "[已注销]",
      "date": "2015-02-07 19:56:47",
      "content": "卧槽。"
    },
    {
      "user": "[已注销]",
      "date": "2015-02-07 19:57:15",
      "content": "没认真看帖。"
    },
    {
      "user": "少年已不年少",
      "date": "2015-02-07 19:58:23",
      "content": "QAQ，杯了个具"
    }
  ]
}