{
  "title": "法国杯 该怎么选啊 大神教下",
  "topic": {
    "name": "申先生",
    "date": "2015-02-12 08:08:40",
    "content": "法国杯 该怎么选啊 大神教下"
  },
  "pages": [],
  "replys": [
    {
      "user": "[已注销]",
      "date": "2015-02-12 08:41:42",
      "content": "买平"
    },
    {
      "user": "申先生",
      "date": "2015-02-12 09:18:51",
      "content": "二场都平？"
    },
    {
      "user": "[已注销]",
      "date": "2015-02-12 10:27:59",
      "content": "没有明显优势的就买平"
    }
  ]
}