{
  "title": "今年的三分和扣篮不错",
  "topic": {
    "name": "在通往牛B的路上狂奔",
    "date": "2015-02-15 13:41:35",
    "content": "今年的三分和扣篮不错"
  },
  "pages": [],
  "replys": [
    {
      "user": "三都 主",
      "date": "2015-02-15 15:33:31",
      "content": "拉文，真心厉害"
    },
    {
      "user": "三都 主",
      "date": "2015-02-15 15:33:31",
      "content": "拉文，真心厉害"
    },
    {
      "user": "22",
      "date": "2015-02-15 17:13:28",
      "content": "真的好厉害！胯下扣酷爆了"
    },
    {
      "user": "tupac2k",
      "date": "2015-02-15 17:46:54",
      "content": "辣文跳的高是因为体重偏轻 那会梅森和理查德森的胯下都是靠力量取胜"
    },
    {
      "user": "在通往牛B的路上狂奔",
      "date": "2015-02-15 20:09:59",
      "content": "其实奥拉迪波的第一个我觉得难度更高啊。"
    },
    {
      "user": "[已注销]",
      "date": "2015-02-15 20:31:03",
      "content": "拉文还没展现实力…"
    },
    {
      "user": "snowbird",
      "date": "2015-02-15 21:07:19",
      "content": "对！"
    },
    {
      "user": "三都 主",
      "date": "2015-02-15 21:21:33",
      "content": "奥拉迪波身高还是矮了，而且感觉有种缩手缩脚的，拉文高，瘦，臂展又长，扣起篮来舒展性很好很有美感"
    },
    {
      "user": "donjon",
      "date": "2015-02-15 21:24:59",
      "content": "看拉文那个gif罚球线起跳大风车灌篮，和tm'电影里似的"
    }
  ]
}