{
  "title": "有喜欢雷霆，喜欢双少的吗",
  "topic": {
    "name": "脑洞大开",
    "date": "2015-02-15 08:34:48",
    "content": "有喜欢雷霆，喜欢双少的吗"
  },
  "pages": [],
  "replys": [
    {
      "user": "好了伤忘不了痛",
      "date": "2015-02-15 08:51:16",
      "content": "感觉它俩走不到一起，合久必分，不像利拉德和阿尔德里奇"
    },
    {
      "user": "脑洞大开",
      "date": "2015-02-15 08:55:20",
      "content": "真心不希望他们分开，坑爹的雷霆老板，舍不得补强，感觉明年啊杜要走了"
    },
    {
      "user": "内向的匕首",
      "date": "2015-02-16 00:05:41",
      "content": "喜欢双少。"
    }
  ]
}