{
  "title": "大胡子又三双了……",
  "topic": {
    "name": "我把id改了",
    "date": "2015-02-24 11:44:06",
    "content": "大胡子又三双了……"
  },
  "pages": [],
  "replys": [
    {
      "user": "Theo",
      "date": "2015-02-24 13:41:03",
      "content": "陪客猫了两下腰，猫不动，赶紧招手叫身后的围巾了换防。今天表现最差的应该是冰箱无疑了。发现泰囧和莫泰很有相互配合的意愿，对于处于竞争形势下的他们来说蛮难的还有就是布鲁尔手上的传球功夫奇烂无比，情愿看到他投也不想再看他传了"
    },
    {
      "user": "天马行空",
      "date": "2015-02-24 22:29:10",
      "content": "这还是个女球迷呢，哈哈"
    },
    {
      "user": "天马行空",
      "date": "2015-02-24 22:33:49",
      "content": "哈哈，不走寻常路"
    },
    {
      "user": "我把id改了",
      "date": "2015-02-25 02:18:47",
      "content": "是杨毅在哪儿惊呼，特逗……"
    },
    {
      "user": "我把id改了",
      "date": "2015-02-25 02:19:34",
      "content": "好巧喔，我也最爱杜兰特……"
    },
    {
      "user": "我把id改了",
      "date": "2015-02-25 02:20:55",
      "content": "看到女球迷你就歪楼了……"
    },
    {
      "user": "爱我所艾",
      "date": "2015-02-25 18:47:58",
      "content": "我叫你秒射5厘米，你敢答应吗"
    },
    {
      "user": "我把id改了",
      "date": "2015-02-25 18:53:13",
      "content": "妈蛋，大过年的，砸我场子"
    },
    {
      "user": "爱我所艾",
      "date": "2015-02-25 19:03:50",
      "content": "歪歪得正，老师不开学就看比赛吧"
    },
    {
      "user": "我把id改了",
      "date": "2015-02-25 19:05:51",
      "content": "我已经辞掉学校的工作了，现在是翻译狗一枚，刚打完球回来，爽……"
    },
    {
      "user": "爱我所艾",
      "date": "2015-02-25 19:07:14",
      "content": "牛逼.."
    },
    {
      "user": "我把id改了",
      "date": "2015-02-26 13:04:06",
      "content": "今天崴脚那一下真是吓尿了……应该没什么问题"
    },
    {
      "user": "Theo",
      "date": "2015-02-27 12:17:14",
      "content": "妹的，今天休息没训练，但愿能缓过来，接下来的赛程不能没有登"
    }
  ]
}