{
  "title": "欧文，沃尔，利拉德，哪个更厉害",
  "topic": {
    "name": "xucheyu",
    "date": "2015-02-24 23:50:00",
    "content": "欧文，沃尔，利拉德，哪个更厉害"
  },
  "pages": [],
  "replys": [
    {
      "user": "[已注销]",
      "date": "2015-03-19 07:22:34",
      "content": "利拉德吧，那俩有随时短路的属性"
    },
    {
      "user": "隐形人",
      "date": "2015-02-24 23:55:53",
      "content": "沃尔吧 不过最后一球不管是在 我都要交给利拉德！"
    },
    {
      "user": "xucheyu",
      "date": "2015-02-24 23:56:19",
      "content": "个人觉得是欧文"
    },
    {
      "user": "反叶",
      "date": "2015-02-25 00:33:26",
      "content": "果断欧文"
    },
    {
      "user": "xucheyu",
      "date": "2015-02-25 00:33:45",
      "content": "赞同"
    },
    {
      "user": "反叶",
      "date": "2015-02-25 00:34:17",
      "content": "我真心觉得论天赋完爆剩下俩"
    },
    {
      "user": "一诺",
      "date": "2015-02-25 00:34:26",
      "content": "欧文，飘逸 华丽 帅"
    },
    {
      "user": "xucheyu",
      "date": "2015-02-25 00:36:40",
      "content": "确实"
    },
    {
      "user": "不如这样",
      "date": "2015-02-25 00:37:38",
      "content": "欧文！现在只爱他和格里芬！！"
    },
    {
      "user": "三都 主",
      "date": "2015-02-25 11:28:14",
      "content": "欧文还是别来凑热闹了"
    },
    {
      "user": "一诺",
      "date": "2015-02-25 12:09:41",
      "content": "德鲁大叔系列，欧文和普通人打那华丽的一逼！"
    },
    {
      "user": "MusZhao",
      "date": "2015-02-25 12:31:20",
      "content": "库里最厉害"
    },
    {
      "user": "线平-新生",
      "date": "2015-02-25 12:34:01",
      "content": "都不是！哈登最厉害！"
    },
    {
      "user": "我是传奇",
      "date": "2015-02-25 14:37:10",
      "content": "欧文呐！！！"
    },
    {
      "user": "枫紫",
      "date": "2015-02-25 21:06:33",
      "content": "欧文有点乱  看他打球的感觉和麦蒂那时候一个样软   沃尔身体素质好  但投篮不怎么样  利拉德身体素质太一般"
    },
    {
      "user": "砂磧",
      "date": "2015-02-25 21:07:41",
      "content": "欧文"
    },
    {
      "user": "[已注销]",
      "date": "2015-02-26 09:12:34",
      "content": "沃尔的身体素质加利拉德投篮"
    },
    {
      "user": "HOHO",
      "date": "2015-03-03 07:20:55",
      "content": "利拉德投篮不如欧文"
    },
    {
      "user": "Eddy_01",
      "date": "2015-03-03 09:22:51",
      "content": "欧文防守再强点就好了。论个人技术应该是欧文最强，可是综合实力就不一定了"
    },
    {
      "user": "花弄影",
      "date": "2015-03-03 09:31:30",
      "content": "欧文进攻确实不错，就是不防守让人蛋疼。。。。"
    },
    {
      "user": "郭奉孝",
      "date": "2015-03-03 10:35:03",
      "content": "欧文的街球玩的好！有视频"
    },
    {
      "user": "jordan",
      "date": "2015-03-03 15:33:16",
      "content": "威少"
    },
    {
      "user": "🦐",
      "date": "2015-03-03 15:35:24",
      "content": "科比最牛"
    },
    {
      "user": "脚趾的心情",
      "date": "2015-03-03 18:18:03",
      "content": "我喜欢欧文，那脚步，那潇洒。"
    },
    {
      "user": "HOHO",
      "date": "2015-03-14 04:58:25",
      "content": "加个库里一起比。"
    },
    {
      "user": "MYSELF",
      "date": "2015-03-14 04:59:29",
      "content": "打2k的话还是利拉德"
    },
    {
      "user": "螃蟹|Daddy²",
      "date": "2015-03-14 10:22:51",
      "content": "从硬件上看我会选沃尔"
    },
    {
      "user": "我有女朋友",
      "date": "2015-03-17 19:04:42",
      "content": "哈登这赛季表示无解"
    },
    {
      "user": "我有女朋友",
      "date": "2015-03-17 19:04:59",
      "content": "+1"
    },
    {
      "user": "摇晃曾经的背影",
      "date": "2015-03-17 19:05:17",
      "content": "欧文"
    },
    {
      "user": "woo崆",
      "date": "2015-03-17 20:50:26",
      "content": "喜欢欧文，很骚很华丽"
    },
    {
      "user": "叫什么好呢",
      "date": "2015-03-17 21:24:06",
      "content": "大米利拉德?"
    },
    {
      "user": "夜里不蒙面",
      "date": "2015-03-17 21:51:38",
      "content": "综合的话我会选利拉德。"
    },
    {
      "user": "白小新",
      "date": "2015-03-17 22:06:55",
      "content": "个人感觉wall"
    },
    {
      "user": "一念天",
      "date": "2015-03-18 18:47:17",
      "content": "个人能力最强的是欧文吧但真的从核心控卫的角度来说，沃尔的控卫属性更明显"
    },
    {
      "user": "[已注销]",
      "date": "2015-03-19 07:22:34",
      "content": "利拉德吧，那俩有随时短路的属性"
    },
    {
      "user": "布鲁布鲁了",
      "date": "2019-03-20 00:03:16",
      "content": "个人荣誉说话，欧文就一个三阵，利拉德123阵各一个"
    }
  ]
}