{
  "title": "为何罗斯一伤再伤？",
  "topic": {
    "name": "。",
    "date": "2015-02-26 14:24:12",
    "content": "为何罗斯一伤再伤？"
  },
  "pages": [],
  "replys": [
    {
      "user": "飞虫",
      "date": "2015-02-26 15:04:47",
      "content": "太拼命吧"
    },
    {
      "user": "周星星",
      "date": "2015-02-26 15:05:23",
      "content": "阿迪的黑锅"
    },
    {
      "user": "苦逼孩子",
      "date": "2015-02-26 15:08:43",
      "content": "打法，天嫉英才，具体参考罗伊"
    },
    {
      "user": "拈花微笑",
      "date": "2015-02-26 15:12:57",
      "content": "打法！没有背打和远投！只有突破为主"
    },
    {
      "user": "薛定谔的猫",
      "date": "2015-02-26 17:07:57",
      "content": "打法太容易伤人"
    },
    {
      "user": "哼哈",
      "date": "2015-02-26 17:10:16",
      "content": "打法太伤！"
    },
    {
      "user": "Allen0618",
      "date": "2015-02-26 17:10:52",
      "content": "你看他突破运球，那个膝盖扭成什么样子了。"
    },
    {
      "user": "刘大海",
      "date": "2015-02-26 17:11:32",
      "content": "心理病没有康复就打球"
    },
    {
      "user": "Adam Yuan",
      "date": "2015-02-26 17:22:19",
      "content": "我的大威少要引以为戒！"
    },
    {
      "user": "三都 主",
      "date": "2015-02-26 17:27:00",
      "content": "太悲剧了，从他进联盟就挺喜欢他的，今年出来其实没有太大期望，拿不拿得了冠军也无所谓了，起码可以顺利的打完一个赛季，结果还是伤了，自信心也磨的差不多了吧，包括球迷。"
    },
    {
      "user": "。",
      "date": "2015-02-26 18:27:09",
      "content": "公牛特赦布泽尔亏大了，留着特赦罗斯还好。再回来也成不了大气候了。"
    },
    {
      "user": "。",
      "date": "2015-02-26 18:28:23",
      "content": "威少直线突破膝盖还好，而且威少伤了跟没伤一样。"
    },
    {
      "user": "。",
      "date": "2015-02-26 18:28:57",
      "content": "确实没信心，瞎扔三分。"
    },
    {
      "user": "。",
      "date": "2015-02-26 18:30:11",
      "content": "这赛季都不敢突了，而且这次伤的莫名其妙。"
    },
    {
      "user": "。",
      "date": "2015-02-26 18:30:24",
      "content": "对的。"
    },
    {
      "user": "。",
      "date": "2015-02-26 18:30:41",
      "content": "对头。"
    },
    {
      "user": "。",
      "date": "2015-02-26 18:31:23",
      "content": "这赛季的远投命中率低的像翔一样。"
    },
    {
      "user": "lantern",
      "date": "2015-02-26 18:31:34",
      "content": "练不好中投也不会保护自己"
    },
    {
      "user": "哼哈",
      "date": "2015-02-26 18:31:40",
      "content": "但凡职业生涯长的运动员，都是跳投为主"
    },
    {
      "user": "。",
      "date": "2015-02-26 18:32:11",
      "content": "罗伊打发我倒觉得不伤，罗斯的看着都觉得疼。"
    },
    {
      "user": "苦逼孩子",
      "date": "2015-02-26 19:44:39",
      "content": "我就是说感觉他俩都是刚成名就废比较像…挺可惜的，打法劲爆能不受伤和转型的就是炒鸡巨星了"
    },
    {
      "user": "深蓝",
      "date": "2015-02-26 19:57:49",
      "content": "因为他穿了一号球衣"
    },
    {
      "user": "[已注销]",
      "date": "2015-02-27 15:19:26",
      "content": "忘记谁说的了，法拉利的引擎，配了个夏利的车体，不天天散件就怪了...他自己也是，多次表示不愿意改风格"
    },
    {
      "user": "小怪兽",
      "date": "2015-02-27 15:53:06",
      "content": "太用力"
    },
    {
      "user": "是饭不是范",
      "date": "2015-02-27 16:22:07",
      "content": "罗伊第二"
    },
    {
      "user": "闷骚熙",
      "date": "2015-02-27 16:23:20",
      "content": "你可以问问罗伊"
    },
    {
      "user": "。",
      "date": "2015-02-27 17:31:42",
      "content": "看他上个蓝都要扭腰大风车。。。"
    },
    {
      "user": "雪山废人",
      "date": "2015-02-27 17:43:21",
      "content": "启动的爆发力太强，外加各种滞空拉杆上篮，落地后受冲击。"
    },
    {
      "user": "砂磧",
      "date": "2015-02-27 17:47:47",
      "content": "1、打法问题  2、公牛用人方式"
    }
  ]
}