{
  "title": "没人看北京vs广东？",
  "topic": {
    "name": "爱我所艾",
    "date": "2015-02-27 21:02:19",
    "content": "没人看北京vs广东？"
  },
  "pages": [],
  "replys": [
    {
      "user": "skyer",
      "date": "2015-02-27 21:21:03",
      "content": "正在看"
    },
    {
      "user": "爱我所艾",
      "date": "2015-02-27 21:21:53",
      "content": "北京炮灰朱西和三吉，广东的周鹏"
    },
    {
      "user": "爱我所艾",
      "date": "2015-02-27 21:24:15",
      "content": "北京配合更好，更努力，如果2：0就形式大好了。话说为啥不上张三疯啊"
    },
    {
      "user": "爱我所艾",
      "date": "2015-02-27 21:41:51",
      "content": "太惨烈了。每次京粤大战都是火花四溅，爽啊。希望拜达姆身体没事"
    },
    {
      "user": "爱我所艾",
      "date": "2015-02-27 21:47:51",
      "content": "广东打不过北京是真的...最后时刻得分能力真有差距"
    },
    {
      "user": "GOKU",
      "date": "2015-02-27 21:52:49",
      "content": "易帝尽力了 队友cba"
    },
    {
      "user": "非同寻常",
      "date": "2015-02-27 22:35:27",
      "content": "易帝没进步"
    },
    {
      "user": "爱我所艾",
      "date": "2015-02-27 23:35:46",
      "content": "努力是努力，但这哨子也太狠了，要了20多个犯规，把北京罚了个遍"
    },
    {
      "user": "迷迭香",
      "date": "2015-02-28 01:38:38",
      "content": "王7朱8陈江华周鹏带不动"
    },
    {
      "user": "可乐瓶子",
      "date": "2015-02-28 10:08:04",
      "content": "吹成这样都输了，广东没什么好说的了吧"
    },
    {
      "user": "tupac2k",
      "date": "2015-02-28 13:10:10",
      "content": "第一场去现场了 看来搞不好第三场的票要退了 不过如果那边辽宁决赛 基本也就是冠军了"
    },
    {
      "user": "黎乔L小马",
      "date": "2015-02-28 15:10:25",
      "content": "楼上又弄了个号啊  之前的号被封了吧"
    },
    {
      "user": "爱我所艾",
      "date": "2015-02-28 18:36:49",
      "content": "如果3：0，卖出的票升级为总决赛啊"
    },
    {
      "user": "三都 主",
      "date": "2015-03-01 10:32:20",
      "content": "听说穆迪埃第三场会上场，换掉拜纳姆"
    },
    {
      "user": "tupac2k",
      "date": "2015-03-02 16:03:34",
      "content": "都被封好几年了"
    },
    {
      "user": "黎乔L小马",
      "date": "2015-03-02 17:06:35",
      "content": "奥。我好长时间不上了 偶然发现你号被封了  后来又发现你重新弄了一个号"
    }
  ]
}