{
  "title": "狼堡状态越战越勇，期待张稀哲德甲首秀",
  "topic": {
    "name": "拉萨谣",
    "date": "2015-03-02 17:21:14",
    "content": "狼堡状态越战越勇，期待张稀哲德甲首秀"
  },
  "pages": [],
  "replys": [
    {
      "user": "潮如夜雨",
      "date": "2015-03-04 11:03:20",
      "content": "如果有机会上场，希望张稀哲好好地表现哦。"
    },
    {
      "user": "霜狼左后威",
      "date": "2015-03-04 13:35:08",
      "content": "摆正心态，好好训练随时待命上场就好~"
    },
    {
      "user": "经海路丁丁猫",
      "date": "2015-03-04 13:37:28",
      "content": "想都不用想，现在的阵容，他想进入大名都无望！！"
    },
    {
      "user": "无厘头",
      "date": "2015-03-05 18:05:09",
      "content": "狼堡排名第二这样的成绩确实令人眼前一亮哈~"
    },
    {
      "user": "吵则信",
      "date": "2015-03-05 18:21:06",
      "content": "以后如果多斯特和罗本两个人合作，一定会有更好的成绩。"
    },
    {
      "user": "小布点",
      "date": "2015-03-05 18:30:30",
      "content": "目前来说状态确实稳定，以后就不好说了呀~"
    },
    {
      "user": "Devin Cage",
      "date": "2015-03-06 03:11:17",
      "content": "你又真相了！"
    },
    {
      "user": "二胖君",
      "date": "2015-03-06 03:49:36",
      "content": "他那位置竞争太激烈，只能自己在家诅咒队友受伤"
    },
    {
      "user": "zhuzhuzhu",
      "date": "2015-03-06 07:23:59",
      "content": "够呛"
    },
    {
      "user": "蜗牛背壳爬",
      "date": "2015-03-11 22:14:45",
      "content": "况且有德布劳内在，难！"
    }
  ]
}