{
  "title": "我反正觉得朗多之后前途未卜",
  "topic": {
    "name": "螃蟹|Daddy²",
    "date": "2015-03-05 06:39:44",
    "content": "我反正觉得朗多之后前途未卜"
  },
  "pages": [],
  "replys": [
    {
      "user": "三都 主",
      "date": "2015-03-05 13:09:27",
      "content": "朗多和爱丽丝八字不合，感觉他应该和克莱汤普森那样的后卫搭档"
    },
    {
      "user": "爱的粿条在远方",
      "date": "2015-03-07 15:03:55",
      "content": "朗多很棒，可惜目前看来和达拉斯完全不兼容"
    },
    {
      "user": "低端鸟人",
      "date": "2015-03-07 19:49:56",
      "content": "唉，希望他能过得好一点"
    },
    {
      "user": "firework",
      "date": "2015-03-08 19:11:16",
      "content": "多多在小牛的效果真的不好～刚开始去的时候还是很期待的呢。。"
    },
    {
      "user": "22",
      "date": "2015-03-08 19:23:09",
      "content": "还以为是隆多那个阴异小青年"
    },
    {
      "user": "在通往牛B的路上狂奔",
      "date": "2015-03-09 13:58:32",
      "content": "我觉得灰熊夺冠也不行。"
    },
    {
      "user": "爱我所艾",
      "date": "2015-03-10 22:19:47",
      "content": "小牛这个赛季太让人失望了，阵容名气大的吓人，却不尽人意，隆多也是，当年最喜欢的罗斯和隆多都不好，令人唏嘘。卡莱尔希望球员按套路走，但隆多多年的习惯很难改变，交易后的兴奋和期待早就消失殆尽了。隆多最大的问题就是对球权的欲望很强，但自身的杀伤，特别是投射太差了，完全与这个控卫井喷的时代格格不入。今年赛季之后小牛是无力也不愿续约他吧。隆多拿个均薪1500-1700的合同吧。要不去大开大合的弱队要赛季，要不去东部混个2轮吧，想想早期及巅峰也是挺可惜啊。"
    }
  ]
}