{
  "title": "威少变态暴走！",
  "topic": {
    "name": "Damon",
    "date": "2015-03-05 12:31:25",
    "content": "威少变态暴走！"
  },
  "pages": [],
  "replys": [
    {
      "user": "Damon",
      "date": "2015-03-05 12:32:36",
      "content": "希望威少继续  看看能不能破AJ的连续三双记录！"
    },
    {
      "user": "tupac2k",
      "date": "2015-03-05 12:33:09",
      "content": "连续四场三双 另外膜拜帮主连续7场大三元"
    },
    {
      "user": "tupac2k",
      "date": "2015-03-05 12:33:38",
      "content": "那真有点吹牛逼了"
    },
    {
      "user": "我一直。。。",
      "date": "2015-03-05 12:34:26",
      "content": "就差一分"
    },
    {
      "user": "Damon",
      "date": "2015-03-05 12:34:56",
      "content": "你逻辑有点问题   我说看能不能破记录   又没表态什么的 吹什么牛了？"
    },
    {
      "user": "tupac2k",
      "date": "2015-03-05 12:35:52",
      "content": "我没说你吹牛逼 我说的是他能拿连续7场3双这件事"
    },
    {
      "user": "可乐",
      "date": "2015-03-05 13:36:00",
      "content": "这个……还是别想了，帮主的纪录只能仰视。而且帮主那个还只是跟人斗气打出来的，媒体改口后他就没继续往下刷，不然的话……"
    },
    {
      "user": "Damon",
      "date": "2015-03-05 13:48:51",
      "content": "谁知道呢  阿杜还不是破了AJ的连续25分记录"
    },
    {
      "user": "克赛诺逗比尼",
      "date": "2015-03-05 16:16:55",
      "content": "戴上面具好猛"
    }
  ]
}