{
  "title": "NBA历史上待过球队最多的人是谁？",
  "topic": {
    "name": "Mr严欢",
    "date": "2015-03-05 08:56:46",
    "content": "NBA历史上待过球队最多的人是谁？"
  },
  "pages": [],
  "replys": [
    {
      "user": "闷油瓶",
      "date": "2015-03-05 08:59:35",
      "content": "不知道，奥尼尔差不多集齐七色彩虹的球衣了吧。"
    },
    {
      "user": "斯基",
      "date": "2015-03-05 10:45:21",
      "content": "现役最多的好像是阿曼德森"
    },
    {
      "user": "Eddy_01",
      "date": "2015-03-05 10:46:43",
      "content": "内特罗宾逊。。。"
    },
    {
      "user": "rainbean",
      "date": "2015-03-05 10:48:48",
      "content": "小皇帝"
    },
    {
      "user": "tupac2k",
      "date": "2015-03-05 12:29:31",
      "content": "吉姆杰克逊 托尼马森博格 还有茶几布朗 都是12个队"
    },
    {
      "user": "可乐",
      "date": "2015-03-05 13:38:33",
      "content": "奥胖也只是魔术湖人热火骑士凯尔特人五支队而已，现役比他多的都一大把。而且骑士凯子都属于晚期，巅峰都给湖人了。"
    },
    {
      "user": "Fantastic",
      "date": "2015-03-05 13:43:23",
      "content": "太阳被你吃了？"
    },
    {
      "user": "可乐",
      "date": "2015-03-05 13:44:44",
      "content": "卧槽，忘了，主要那时候纳什们跑的太快，胖子跟不上，镜头里总看不见他所以印象浅了。"
    },
    {
      "user": "Fantastic",
      "date": "2015-03-05 13:46:47",
      "content": "吉姆杰克逊。。"
    },
    {
      "user": "闷油瓶",
      "date": "2015-03-05 15:51:06",
      "content": "他在太阳打过。"
    },
    {
      "user": "布酱",
      "date": "2015-03-05 22:15:56",
      "content": "记得吉姆杰克逊还做过一个采访来着~NBA流浪者"
    },
    {
      "user": "[已注销]",
      "date": "2015-03-08 14:53:35",
      "content": "话音刚落小土豆又集了一件球衣"
    },
    {
      "user": "Uncle",
      "date": "2015-03-09 11:28:24",
      "content": "古登大师 也收集了好多吧？"
    },
    {
      "user": "非要我写七个字",
      "date": "2015-03-12 16:23:43",
      "content": "托尼 马森伯格 笑了！！！"
    }
  ]
}