{
  "title": "那些没夺过欧冠的退役顶级球星！",
  "topic": {
    "name": "horrorscope",
    "date": "2015-03-07 11:40:36",
    "content": "那些没夺过欧冠的退役顶级球星！"
  },
  "pages": [],
  "replys": [
    {
      "user": "月眠",
      "date": "2015-03-07 18:12:54",
      "content": "范尼，维埃拉"
    },
    {
      "user": "dyap",
      "date": "2015-03-09 02:40:16",
      "content": "马特乌斯"
    },
    {
      "user": "姚慕雙+周柏春",
      "date": "2015-03-09 19:43:11",
      "content": "貝利、馬拉多納"
    },
    {
      "user": "我的子弹还没飞",
      "date": "2015-03-10 16:05:01",
      "content": "德国三驾马车似乎都没拿过"
    },
    {
      "user": "8mile",
      "date": "2016-04-15 10:43:39",
      "content": "科比，没拿欧冠就退役了，哎！"
    },
    {
      "user": "GTR543",
      "date": "2016-05-05 23:48:11",
      "content": "巴拉克 克洛泽"
    },
    {
      "user": "sebastiano",
      "date": "2016-05-13 20:49:15",
      "content": "郑智化"
    },
    {
      "user": "SM陀螺老人",
      "date": "2016-05-14 23:22:26",
      "content": "史蒂夫戴维斯"
    },
    {
      "user": "protogalaxy",
      "date": "2016-07-26 18:10:16",
      "content": "布冯吧"
    },
    {
      "user": "朗🌿",
      "date": "2016-08-31 11:16:51",
      "content": "MJ T.T"
    },
    {
      "user": "日夜摇~叹",
      "date": "2016-10-29 15:54:14",
      "content": "戴斯乐"
    },
    {
      "user": "足球白科",
      "date": "2016-11-30 16:56:57",
      "content": "我也想到了布冯"
    },
    {
      "user": "tamesoul",
      "date": "2016-12-18 13:56:34",
      "content": "内德维德呀"
    },
    {
      "user": "美洲象",
      "date": "2017-02-01 18:53:33",
      "content": "将来的布冯"
    }
  ]
}