{
  "title": "大威少的又一波三双要来袭了！",
  "topic": {
    "name": "Damon",
    "date": "2015-03-09 12:34:35",
    "content": "大威少的又一波三双要来袭了！"
  },
  "pages": [],
  "replys": [
    {
      "user": "夏夏夏夏天",
      "date": "2015-03-09 13:22:36",
      "content": "现在联盟谁能防住威少？"
    },
    {
      "user": "Damon",
      "date": "2015-03-09 13:23:20",
      "content": "NOBADY"
    },
    {
      "user": "cheuk",
      "date": "2015-03-09 23:04:58",
      "content": "看来，能防住神龟的只有杜兰特了。。"
    },
    {
      "user": "狐岐之水",
      "date": "2015-03-10 08:27:37",
      "content": "以前觉得这货长那么粗犷，打球那么暴力，不怎么喜欢他。现在看来，这货根本就是从外星来的。。。这么刷三双，不是谁都能做得到的哇。。。我服了。。。"
    },
    {
      "user": "Damon",
      "date": "2015-03-10 11:49:34",
      "content": "上周场均数据40+11+11+3"
    },
    {
      "user": "谦",
      "date": "2015-03-10 14:54:31",
      "content": "hhhh"
    },
    {
      "user": "可乐",
      "date": "2015-03-11 14:08:13",
      "content": "书包在此！"
    }
  ]
}