{
  "title": "纳什退役了，有什么想说的。",
  "topic": {
    "name": "PinkFlocat",
    "date": "2015-03-22 10:22:12",
    "content": "纳什退役了，有什么想说的。"
  },
  "pages": [],
  "replys": [
    {
      "user": "草虫",
      "date": "2015-03-22 19:19:22",
      "content": "说时迟，纳什快"
    },
    {
      "user": "三都 主",
      "date": "2015-03-22 12:53:39",
      "content": "联盟好球员，帮了多少球员签了不错的合同，祝福他"
    },
    {
      "user": "zarin卓",
      "date": "2015-03-22 10:24:03",
      "content": "追风少年啊"
    },
    {
      "user": "裤子",
      "date": "2015-03-22 10:32:58",
      "content": "祝福，可以陪陪漂亮的女儿了"
    },
    {
      "user": "三都 主",
      "date": "2015-03-22 12:53:39",
      "content": "联盟好球员，帮了多少球员签了不错的合同，祝福他"
    },
    {
      "user": "叶茶",
      "date": "2015-03-22 14:07:55",
      "content": "罕见的那种集球队最好的球员，最好的领袖，同时还是最好的人于一身"
    },
    {
      "user": "barkley",
      "date": "2015-03-22 14:12:58",
      "content": "观赏性强"
    },
    {
      "user": "信仰",
      "date": "2015-03-22 14:16:49",
      "content": "只剩下我科了  向纳什致敬"
    },
    {
      "user": "安静的像",
      "date": "2015-03-22 14:19:58",
      "content": "其实我觉得纳什的三分和传球其实是要强于现在的库里的"
    },
    {
      "user": "挖掘机",
      "date": "2015-03-22 15:19:34",
      "content": "威少常有，纳什少有"
    },
    {
      "user": "阳光@小清瀛",
      "date": "2015-03-22 16:25:41",
      "content": "再见，陪伴过我的青春，如果我科再退役，我的青春真挥手告别"
    },
    {
      "user": "伊凡",
      "date": "2015-03-22 18:40:18",
      "content": "风一样的男纸~~~"
    },
    {
      "user": "old school",
      "date": "2015-03-22 18:55:46",
      "content": "最牛逼的进攻大师，感觉的巅峰期的纳什投篮跟库里一样准，外加任何人都想象不出来的传球助攻。"
    },
    {
      "user": "Karma",
      "date": "2015-03-22 18:56:14",
      "content": "确实是，当年大Q，Joe Johnson，Diow等一众人都在他身边打出了身价"
    },
    {
      "user": "宵夜吃大鸡腿",
      "date": "2015-03-22 18:56:24",
      "content": "发了一个跟我一样的帖子~都是满满的回忆"
    },
    {
      "user": "草虫",
      "date": "2015-03-22 19:19:22",
      "content": "说时迟，纳什快"
    },
    {
      "user": "陈在天",
      "date": "2015-03-23 11:06:53",
      "content": "我在想我网游里的漂发哥还可以用，我去年专门买的呢三分一流啊"
    },
    {
      "user": "花生米",
      "date": "2015-03-23 11:58:42",
      "content": "酱香典范"
    },
    {
      "user": "那一支穿云箭",
      "date": "2015-03-24 11:31:43",
      "content": "我的信仰"
    },
    {
      "user": "薛定谔的猫",
      "date": "2015-03-29 19:51:38",
      "content": "让我们祝福他，风之子"
    },
    {
      "user": "牙痛患者",
      "date": "2015-03-29 19:55:39",
      "content": "德艺双馨，业内广受好评"
    },
    {
      "user": "红侠Joey",
      "date": "2015-04-03 16:03:01",
      "content": "刘翔也退役了，相约组建翔SHI乐队..."
    },
    {
      "user": "Vliegend",
      "date": "2015-04-04 18:17:19",
      "content": "这是真心话！"
    }
  ]
}