{
  "title": "大家见证过那些足坛父子兵",
  "topic": {
    "name": "protogalaxy",
    "date": "2015-03-25 15:59:11",
    "content": "大家见证过那些足坛父子兵"
  },
  "pages": [],
  "replys": [
    {
      "user": "肥肠粉",
      "date": "2015-07-24 13:21:04",
      "content": "里瓦尔多和他儿子同场竞技还同时进球了，壮哉"
    },
    {
      "user": "姚慕雙+周柏春",
      "date": "2015-03-26 11:01:28",
      "content": "黃佐臨黃蜀芹、陳強陳佩斯、葛存壯葛優、袁小田袁和平、洪金寶洪天照、房仕龍房祖名……\r文藝圈的職業繼承比起體育界，多了太多啦。\r軍政界就不談咯--__--"
    },
    {
      "user": "我的子弹还没飞",
      "date": "2015-03-29 14:58:11",
      "content": "冰岛古德约翰森父子"
    },
    {
      "user": "tupac2k",
      "date": "2015-03-30 11:03:46",
      "content": "篮球界其实也挺多的 其实从另外一个角度反映人才少"
    },
    {
      "user": "tupac2k",
      "date": "2015-03-30 11:09:15",
      "content": "舒梅切尔 以及未来的齐达内"
    },
    {
      "user": "肥肠粉",
      "date": "2015-04-07 16:08:35",
      "content": "捷克96欧洲杯的队长卡德莱茨和现在勒沃库森的卡德莱茨"
    },
    {
      "user": "肥肠粉",
      "date": "2015-07-24 13:21:04",
      "content": "里瓦尔多和他儿子同场竞技还同时进球了，壮哉"
    },
    {
      "user": "8mile",
      "date": "2015-07-24 22:53:45",
      "content": "亨里克·拉尔森和他的儿子乔丹·拉尔森。父亲在赫尔辛堡做教练兼球员，这赛季时不时把自己换上场和儿子同场竞技"
    },
    {
      "user": "姚慕雙+周柏春",
      "date": "2015-07-25 19:28:53",
      "content": "他兒子目前長得像大羅年輕時……"
    },
    {
      "user": "肥肠粉",
      "date": "2015-07-26 00:26:03",
      "content": "有人说长得像雷齐格"
    },
    {
      "user": "姚慕雙+周柏春",
      "date": "2015-07-26 08:09:08",
      "content": "反正踢球的巴西（黑）人長相都像一個模子裡出來的，混的血恐怕都是遠親。\r提到雷齊格就……"
    },
    {
      "user": "protogalaxy",
      "date": "2016-09-28 22:54:19",
      "content": "小西蒙尼意甲第一球"
    },
    {
      "user": "美洲象",
      "date": "2017-02-01 18:54:04",
      "content": "小基耶萨！"
    },
    {
      "user": "大使",
      "date": "2017-02-23 14:25:08",
      "content": "美国的布拉德利父子算么？"
    },
    {
      "user": "大楼东",
      "date": "2018-07-01 19:38:24",
      "content": "克鲁伊维特父子，乔治维阿父子"
    }
  ]
}