{
  "title": "谁是mvp？",
  "topic": {
    "name": "杨哑萎",
    "date": "2015-03-30 03:41:18",
    "content": "谁是mvp？"
  },
  "pages": [],
  "replys": [
    {
      "user": "三都 主",
      "date": "2015-03-30 09:48:28",
      "content": "吉克看不出像谁"
    },
    {
      "user": "阿怪先生",
      "date": "2015-03-30 10:05:16",
      "content": "像没胡子的哈登"
    },
    {
      "user": "牙痛患者",
      "date": "2015-03-30 10:44:51",
      "content": "登哥和库里两个之一吧"
    },
    {
      "user": "蜡笔不小心",
      "date": "2015-03-30 10:49:41",
      "content": "这真是神图啊，库里，哈登，詹姆斯，威斯布鲁克"
    },
    {
      "user": "二八",
      "date": "2015-03-30 10:51:19",
      "content": "百分之60萌库，40神灯。"
    }
  ]
}