{
  "title": "Kaminsky绝对是雷霆的菜啊",
  "topic": {
    "name": "tupac2k",
    "date": "2015-04-07 10:02:06",
    "content": "Kaminsky绝对是雷霆的菜啊"
  },
  "pages": [],
  "replys": [
    {
      "user": "伪好人都去死",
      "date": "2015-04-07 11:02:38",
      "content": "脚步挺厉害的"
    },
    {
      "user": "三都 主",
      "date": "2015-04-07 12:11:32",
      "content": "他雷还记得当年大明湖的白阿德吗？卡明斯基，看他几场比赛发觉真的就像虎扑上面说的篮球智商真高，缩小版大嫂还是加强版米罗蒂奇？"
    },
    {
      "user": "青柠",
      "date": "2015-04-07 14:10:01",
      "content": "表情醉了"
    }
  ]
}