{
  "title": "阿森纳球迷 一起看球聊天～",
  "topic": {
    "name": "Faerduo",
    "date": "2015-04-07 18:06:13",
    "content": "阿森纳球迷 一起看球聊天～"
  },
  "pages": [],
  "replys": [
    {
      "user": "Faerduo",
      "date": "2015-04-07 18:55:14",
      "content": "你是什么鬼哦～"
    },
    {
      "user": "Judadgsouiufwv",
      "date": "2015-04-11 13:45:13",
      "content": "不送"
    },
    {
      "user": "就是不可爱",
      "date": "2015-04-11 15:48:00",
      "content": "不是阿森纳球迷但是超级喜欢厄齐尔"
    }
  ]
}