{
  "title": "因为他我爱上了足球，因为足球他爱上了别人，我该...",
  "topic": {
    "name": "天使爱旅行",
    "date": "2015-04-09 14:14:10",
    "content": "因为他我爱上了足球，因为足球他爱上了别人，我该..."
  },
  "pages": [],
  "replys": [
    {
      "user": "豆瓣原来是炮营",
      "date": "2015-04-09 16:50:11",
      "content": "果断喜欢鲁能！"
    },
    {
      "user": "厨房",
      "date": "2015-04-10 16:13:54",
      "content": "爱好不能是维系爱情的唯一方式  做爱才是"
    },
    {
      "user": "给你画饼",
      "date": "2015-04-09 14:27:21",
      "content": "你现在应该喜欢申花了！"
    },
    {
      "user": "臭包子",
      "date": "2015-04-09 15:59:07",
      "content": "不如喜欢天津泰达"
    },
    {
      "user": "罗9哥",
      "date": "2015-04-09 16:06:05",
      "content": "只能拜拜了！"
    },
    {
      "user": "天使爱旅行",
      "date": "2015-04-09 16:40:10",
      "content": "谢谢"
    },
    {
      "user": "豆瓣原来是炮营",
      "date": "2015-04-09 16:50:11",
      "content": "果断喜欢鲁能！"
    },
    {
      "user": "龙",
      "date": "2015-04-10 16:06:07",
      "content": "分啊 这有什么疑问"
    },
    {
      "user": "厨房",
      "date": "2015-04-10 16:13:54",
      "content": "爱好不能是维系爱情的唯一方式  做爱才是"
    },
    {
      "user": "尾部压标",
      "date": "2015-04-10 21:15:17",
      "content": "换个球踢的更好的。"
    },
    {
      "user": "央么",
      "date": "2015-04-11 01:16:40",
      "content": "分手快乐，祝你快乐"
    },
    {
      "user": "不能灭绝",
      "date": "2015-04-11 09:34:12",
      "content": "姐姐，我们不约！"
    },
    {
      "user": "逾时",
      "date": "2015-04-11 16:49:33",
      "content": "图文无关为何爆照"
    },
    {
      "user": "Vamp",
      "date": "2015-04-12 00:19:05",
      "content": "你多大了？他只是爱看球还是自己也踢球的那种？"
    },
    {
      "user": "爱踢球的南sir",
      "date": "2015-04-12 01:08:08",
      "content": "国安是冠军"
    },
    {
      "user": "Nico",
      "date": "2015-04-12 06:41:14",
      "content": "姑娘，你2012年是不是去过昆明？？？"
    },
    {
      "user": "Nico",
      "date": "2015-04-12 06:41:31",
      "content": "姑娘，你2012年是不是去过昆明？？？"
    },
    {
      "user": "固执的臂弯",
      "date": "2015-04-12 12:35:49",
      "content": "不要强求"
    },
    {
      "user": "σ",
      "date": "2015-04-12 12:37:23",
      "content": "花式爆照"
    },
    {
      "user": "Mr.9",
      "date": "2015-04-12 12:40:58",
      "content": "西班牙德比？估计他是煤球王的球迷吧"
    },
    {
      "user": "大大大师兄",
      "date": "2015-04-12 13:24:45",
      "content": "需要我恒去虐他么..."
    },
    {
      "user": "光阴没有姓名。",
      "date": "2015-04-12 21:59:32",
      "content": "国安和西班牙德比有啥联系"
    },
    {
      "user": "happiness",
      "date": "2015-04-13 17:07:40",
      "content": "以彼之道，还之彼身，我愿意帮你"
    },
    {
      "user": "难挑的大鳄梨",
      "date": "2015-04-26 13:57:08",
      "content": "分"
    },
    {
      "user": "茝",
      "date": "2015-05-09 10:16:15",
      "content": "喜欢鲁能吧=_= 还有 你发错组了"
    },
    {
      "user": "半俗半雅半疯兮",
      "date": "2015-05-09 10:28:32",
      "content": "因为喜欢足球多过他，然后他就出轨了。。？"
    },
    {
      "user": "追随渔船的海鸥",
      "date": "2015-05-10 02:03:06",
      "content": "据说喜欢国安的女生，运气都不会太差。只是需要点耐心吧"
    },
    {
      "user": "天然二的呆",
      "date": "2015-05-10 02:12:48",
      "content": "还可以一起看足球！！"
    }
  ]
}