{
  "title": "詹姆斯算是联盟历史第一小前锋吗？",
  "topic": {
    "name": "兰戈yy",
    "date": "2015-04-12 00:44:16",
    "content": "詹姆斯算是联盟历史第一小前锋吗？"
  },
  "pages": [],
  "replys": [
    {
      "user": "kobe高",
      "date": "2015-04-12 00:48:37",
      "content": "还不算把"
    },
    {
      "user": "淼淼19850918",
      "date": "2015-04-16 06:38:24",
      "content": "我觉得是，而且身体太强壮了"
    },
    {
      "user": "缓缓归",
      "date": "2015-04-16 07:13:59",
      "content": "除了大鸟，无人可比了，并列第一吧"
    },
    {
      "user": "[已注销]",
      "date": "2015-04-16 08:39:41",
      "content": "今年如果夺冠就稳了"
    },
    {
      "user": "正义之心不可无",
      "date": "2015-04-16 09:31:52",
      "content": "第二张是欧文他爹吗？"
    },
    {
      "user": "_______L",
      "date": "2015-04-16 09:37:45",
      "content": "伯德碾压一切小前无压力啊"
    },
    {
      "user": "GOKU",
      "date": "2015-04-16 09:56:17",
      "content": "詹姆斯座二观一吧"
    },
    {
      "user": "一眼望不到边",
      "date": "2015-04-16 12:25:26",
      "content": "以前觉得是老北京，不过看完伯德的纪录片才知道啥叫真牛逼。我同意楼上坐二观一的说法，毕竟生涯还在继续。"
    },
    {
      "user": "可乐",
      "date": "2015-04-16 17:59:59",
      "content": "有伯德在，目前勒布朗还是坐第二把交椅比较合适吧，勒布朗的团队意识，传球视野，球商等在这个位置上甚至所有位置上都是顶级，但勒布朗没有伯德那手精准的投射技术，也缺少点藐视一切对手的霸气。伯德那是建立在实力基础上的真藐视，不是某人那种:收起你那该死的挡拆，我要跟他单挑！结果被虐爆。也不是:我才tmd不认识xxx！然后被人在头顶上摘下生涯最高分。这不是蔑视对手，这是狂妄自大。"
    }
  ]
}