{
  "title": "威少要哭啦",
  "topic": {
    "name": "nweispace",
    "date": "2015-04-16 08:56:43",
    "content": "威少要哭啦"
  },
  "pages": [],
  "replys": [
    {
      "user": "GOKU",
      "date": "2015-04-16 09:14:17",
      "content": "WTF????\r如果狗刺输 \r他火赢\r（目前看来很可能）\r 接下来灰熊再赢的话（赢就第五 首轮打开拓 而且有主场优势 应该会全力拿下）\r 破船首轮对狗刺？？？？\r 已哭晕在厕所。。。"
    },
    {
      "user": "fgy",
      "date": "2015-04-16 09:36:56",
      "content": "休息一下 坐等明年反扑"
    },
    {
      "user": "nweispace",
      "date": "2015-04-16 09:51:03",
      "content": "我刺不一定打的过快船，绝非攒人品"
    },
    {
      "user": "柒♂",
      "date": "2015-04-16 10:14:00",
      "content": "雷霆下赛季见了"
    },
    {
      "user": "[已注销]",
      "date": "2015-04-16 10:17:19",
      "content": "进去也是4-0的节奏"
    },
    {
      "user": "nweispace",
      "date": "2015-04-16 10:20:48",
      "content": "黑八，黑八，黑八，如果今年能够出现的话"
    },
    {
      "user": "GOKU",
      "date": "2015-04-16 10:38:56",
      "content": "勇士头两轮目测很轻松啊\r哎\r我船真是日了狗了。。。"
    },
    {
      "user": "nweispace",
      "date": "2015-04-16 10:41:14",
      "content": "勇士第二轮打的是谁？"
    },
    {
      "user": "[已注销]",
      "date": "2015-04-16 10:44:17",
      "content": "4-5名的胜者，灰熊赢了的话，不是开拓就是灰熊，都是缺兵少将"
    },
    {
      "user": "[已注销]",
      "date": "2015-04-16 10:46:23",
      "content": "想象一下巴恩斯防伦纳德....哈哈"
    },
    {
      "user": "GOKU",
      "date": "2015-04-16 10:47:50",
      "content": "以及波波狂砍我大黄书"
    },
    {
      "user": "[已注销]",
      "date": "2015-04-16 10:51:09",
      "content": "年初最流口水的交易，霍伊斯，真便宜，可惜表现很水，期待他季后赛能爆发就不怕砍皇叔了"
    },
    {
      "user": "GOKU",
      "date": "2015-04-16 10:53:01",
      "content": "期待霍伊斯 我还不如期待大宝贝。。。"
    },
    {
      "user": "[已注销]",
      "date": "2015-04-16 10:56:49",
      "content": "戴维斯感觉打超过5分钟就成了渣了..."
    },
    {
      "user": "tupac2k",
      "date": "2015-04-16 10:57:57",
      "content": "感觉西部首轮 都要打7场"
    },
    {
      "user": "nweispace",
      "date": "2015-04-16 10:59:08",
      "content": "太羡慕东部了，简直无压力"
    },
    {
      "user": "tupac2k",
      "date": "2015-04-16 11:02:14",
      "content": "总感觉勇士季后赛会有人受伤 常规赛人品太好有时候不是好事"
    },
    {
      "user": "nweispace",
      "date": "2015-04-16 11:03:42",
      "content": "灰熊要赢了~~~，小船对我刺，肯定会灰常精彩"
    },
    {
      "user": "nweispace",
      "date": "2015-04-16 11:04:40",
      "content": "不能这么说，这样不是健康的心态。勇士大卫李和博古特一直伤伤停停的"
    },
    {
      "user": "GOKU",
      "date": "2015-04-16 11:05:56",
      "content": "如果央视转\r估计广大围棋蜜不敢了\r没法预计一场球得打多久\r常规赛这俩都能打三个半小时\r季后赛这是奔4个小时去的"
    },
    {
      "user": "tupac2k",
      "date": "2015-04-16 11:09:30",
      "content": "我并不是针对勇士 我只是觉得对一只球队来说太顺利了 反而不是件好事 你可以看看下赛季的雷霆 威少经过这赛季肯定会蜕变"
    },
    {
      "user": "[已注销]",
      "date": "2015-04-16 11:12:07",
      "content": "勇士的球员跟其他球队的球员比，估计少打了1/3的时间，相对磨损少的多"
    },
    {
      "user": "可乐",
      "date": "2015-04-16 18:06:55",
      "content": "你船跟狗刺的比赛。你船:你炮控球，傻芬挡拆，你炮突进去没什么机会传出来给外线，小乔丹挡拆傻芬顺下接球高抛小乔丹空接爆扣。狗刺:砍乔丹，砍乔丹，砍乔丹，砍乔丹……"
    },
    {
      "user": "三都 主",
      "date": "2015-04-16 21:15:50",
      "content": "雷霆明年再来吧。"
    }
  ]
}