{
  "title": "【季后赛首轮对阵讨论】附常规赛交手战绩。",
  "topic": {
    "name": "草虫",
    "date": "2015-04-16 12:48:54",
    "content": "【季后赛首轮对阵讨论】附常规赛交手战绩。"
  },
  "pages": [],
  "replys": [
    {
      "user": "草虫",
      "date": "2015-04-16 12:50:00",
      "content": "我船还是有希望突破首轮的。"
    },
    {
      "user": "草虫",
      "date": "2015-04-16 12:50:00",
      "content": "我船还是有希望突破首轮的。"
    },
    {
      "user": "夏夏夏夏天",
      "date": "2015-04-16 13:41:39",
      "content": "我刺要跪了。。。。"
    },
    {
      "user": "[已注销]",
      "date": "2015-04-16 14:43:10",
      "content": "华盛顿什么时候换标致了"
    },
    {
      "user": "我是一只喵",
      "date": "2015-04-16 14:52:47",
      "content": "感觉马刺要瞎。。。？"
    },
    {
      "user": "peeeeeeete丶",
      "date": "2015-04-16 15:03:04",
      "content": "你逗我？"
    },
    {
      "user": "草虫",
      "date": "2015-04-16 15:03:52",
      "content": "毕竟主场优势。"
    },
    {
      "user": "Van迪赛尔",
      "date": "2015-04-16 15:07:24",
      "content": "我刺需要主场优势？！"
    },
    {
      "user": "GOKU",
      "date": "2015-04-16 15:44:01",
      "content": "真是日了狗了"
    },
    {
      "user": "tupac2k",
      "date": "2015-04-16 15:47:59",
      "content": "昨天"
    },
    {
      "user": "三都 主",
      "date": "2015-04-16 21:21:40",
      "content": "那下赛季岂不是又换球衣或地板？？夏天老鹰和雄鹿应该会换新球衣了吧，地板都换多久了"
    },
    {
      "user": "peeeeeeete丶",
      "date": "2015-04-16 21:45:30",
      "content": "到时候看结果吧"
    },
    {
      "user": "tupac2k",
      "date": "2015-04-17 08:49:19",
      "content": "不用吧 这新队标就是按着现在队服和球场配色设计的 顶多换个logo"
    }
  ]
}