{
  "title": "威少真正的英雄",
  "topic": {
    "name": "李木子",
    "date": "2015-04-16 11:01:02",
    "content": "威少真正的英雄"
  },
  "pages": [],
  "replys": [
    {
      "user": "Kevin Luo",
      "date": "2015-04-16 18:32:26",
      "content": "今夏要续约坎特才行，不然骂死雷霆管理层。"
    },
    {
      "user": "睁眼瞎",
      "date": "2015-04-16 11:12:48",
      "content": "忍者神威"
    },
    {
      "user": "Kevin Luo",
      "date": "2015-04-16 18:32:26",
      "content": "今夏要续约坎特才行，不然骂死雷霆管理层。"
    }
  ]
}