{
  "title": "是时候讨论破船夏季引援了",
  "topic": {
    "name": "GOKU",
    "date": "2015-04-16 16:10:07",
    "content": "是时候讨论破船夏季引援了"
  },
  "pages": [],
  "replys": [
    {
      "user": "tupac2k",
      "date": "2015-04-16 16:21:44",
      "content": "威尔森钱德勒"
    },
    {
      "user": "GOKU",
      "date": "2015-04-16 16:22:10",
      "content": "CJ迈尔斯"
    },
    {
      "user": "tupac2k",
      "date": "2015-04-16 16:26:34",
      "content": "迈尔斯还有合同在身啊 人家在遛马打的不错 钱德勒夏天是自由人 这比打第六人绝对合适 其实快船这两年替补弱主要输在选秀上了血布走了以后炮就在没有过合格的替补了"
    },
    {
      "user": "不懂名字",
      "date": "2015-04-16 17:18:30",
      "content": "快船的替补345号位简直是灾难。"
    }
  ]
}