{
  "title": "欲干马刺",
  "topic": {
    "name": "nweispace",
    "date": "2015-04-17 15:30:36",
    "content": "欲干马刺"
  },
  "pages": [],
  "replys": [
    {
      "user": "hz29x",
      "date": "2015-04-17 20:38:01",
      "content": "知道你想为你刺攒rp了，真球迷啊！"
    },
    {
      "user": "nweispace",
      "date": "2015-04-17 20:49:57",
      "content": "虽然希望马刺赢，但是快船机会感觉很大"
    },
    {
      "user": "三都 主",
      "date": "2015-04-17 21:36:03",
      "content": "邓肯：小乔丹拿球？放他投。\r小乔丹：你有几个冠军？"
    }
  ]
}