{
  "title": "各位同僚们、NBA季后赛到了！",
  "topic": {
    "name": "孤城",
    "date": "2015-04-19 00:00:40",
    "content": "各位同僚们、NBA季后赛到了！"
  },
  "pages": [],
  "replys": [
    {
      "user": "杨哑萎",
      "date": "2015-04-19 04:52:50",
      "content": "你火常规赛碉堡了 今年季后赛但愿别被吊打"
    },
    {
      "user": "Gi20bili",
      "date": "2015-04-19 04:58:49",
      "content": "马刺～"
    },
    {
      "user": "Im格雷特",
      "date": "2015-04-19 05:59:31",
      "content": "必须火箭啊！！火箭加油！"
    },
    {
      "user": "夜里不蒙面",
      "date": "2015-04-19 09:21:10",
      "content": "森林狼"
    },
    {
      "user": "llanoshine",
      "date": "2015-04-19 11:37:14",
      "content": "我悄悄地支持火箭，等过了首轮再得瑟"
    },
    {
      "user": "Kevin",
      "date": "2015-04-19 12:10:12",
      "content": "只要不是骑士都无所谓"
    },
    {
      "user": "孤城",
      "date": "2015-04-19 13:15:52",
      "content": "哈哈、火箭太强，小牛太弱、马刺太老、对吗？"
    },
    {
      "user": "孤城",
      "date": "2015-04-19 13:16:20",
      "content": "球风无爱噢"
    },
    {
      "user": "孤城",
      "date": "2015-04-19 13:16:44",
      "content": "骑士会蜕变的"
    },
    {
      "user": "孤城",
      "date": "2015-04-19 13:17:29",
      "content": "你是有真爱且纯粹的球迷，点赞。继续下去"
    },
    {
      "user": "孤城",
      "date": "2015-04-19 13:18:18",
      "content": "很冷静、享受比赛、计较输赢会很心塞的"
    },
    {
      "user": "Kevin",
      "date": "2015-04-19 13:22:34",
      "content": "湖人"
    },
    {
      "user": "孤城",
      "date": "2015-04-19 13:27:25",
      "content": "好球"
    },
    {
      "user": "低配王大治",
      "date": "2015-04-19 13:38:03",
      "content": "狗刺一轮游！"
    },
    {
      "user": "孤城",
      "date": "2015-04-19 13:55:37",
      "content": "哈哈，好极端的话"
    },
    {
      "user": "in2",
      "date": "2015-04-19 13:59:22",
      "content": "你大雷霆可惜了"
    },
    {
      "user": "黄玉玺",
      "date": "2015-04-19 14:01:39",
      "content": "支持马刺。今天的比赛没有那么激烈"
    },
    {
      "user": "阿洋",
      "date": "2015-04-19 15:57:43",
      "content": "湖人卫冕！"
    }
  ]
}