{
  "title": "你勇士首战大捷",
  "topic": {
    "name": "杨哑萎",
    "date": "2015-04-19 04:52:09",
    "content": "你勇士首战大捷"
  },
  "pages": [],
  "replys": [
    {
      "user": "牙痛患者",
      "date": "2015-04-19 04:52:59",
      "content": "鹈鹕还是不行，火候差点"
    },
    {
      "user": "杨哑萎",
      "date": "2015-04-19 04:53:34",
      "content": "能进季后赛不错了，主要就靠浓眉一人"
    },
    {
      "user": "牙痛患者",
      "date": "2015-04-19 04:54:31",
      "content": "得。。。而且这仨后卫严重还都没大哥，真心难"
    },
    {
      "user": "杨哑萎",
      "date": "2015-04-19 04:55:13",
      "content": "可怜我雷了…唉 让我雷进季后赛多好"
    },
    {
      "user": "牙痛患者",
      "date": "2015-04-19 04:56:21",
      "content": "有一句说一句，你雷这阵容，也是一轮游"
    },
    {
      "user": "[已注销]",
      "date": "2015-04-19 05:16:20",
      "content": "你雷死的更快"
    }
  ]
}