{
  "title": "【快船-马刺】4.25 第三场 直播",
  "topic": {
    "name": "关小后",
    "date": "2015-04-24 17:24:17",
    "content": "【快船-马刺】4.25 第三场 直播"
  },
  "pages": [],
  "replys": [
    {
      "user": "tim82",
      "date": "2015-04-24 17:43:57",
      "content": "讨厌马刺"
    },
    {
      "user": "一念無明",
      "date": "2015-04-24 17:57:08",
      "content": "马刺根本打不过快船啊，"
    },
    {
      "user": "关小后",
      "date": "2015-04-25 01:03:31",
      "content": "石佛生快！"
    },
    {
      "user": "呸呸呸",
      "date": "2015-04-25 07:25:15",
      "content": "喜欢马刺很多年了"
    },
    {
      "user": "爱我所艾",
      "date": "2015-04-25 09:21:59",
      "content": "坐等"
    },
    {
      "user": "关小后",
      "date": "2015-04-25 09:48:34",
      "content": "开始咯"
    },
    {
      "user": "关小后",
      "date": "2015-04-25 09:50:32",
      "content": "马刺开局不错"
    },
    {
      "user": "关小后",
      "date": "2015-04-25 10:16:34",
      "content": "感觉我船今天状态不行"
    },
    {
      "user": "关小后",
      "date": "2015-04-25 10:43:21",
      "content": "怎么才能让格里芬走出上场阴影..."
    },
    {
      "user": "关小后",
      "date": "2015-04-25 10:46:08",
      "content": "第二节结束 马刺46-38快船"
    },
    {
      "user": "关小后",
      "date": "2015-04-25 10:46:23",
      "content": "不能安心吃午饭了"
    },
    {
      "user": "关小后",
      "date": "2015-04-25 11:02:01",
      "content": "上半场快船命中率只有可怜的34% 估计被打击了"
    },
    {
      "user": "w493566901",
      "date": "2015-04-25 11:04:09",
      "content": "我说快船会输你信嘛"
    },
    {
      "user": "关小后",
      "date": "2015-04-25 11:05:00",
      "content": "不信"
    },
    {
      "user": "w493566901",
      "date": "2015-04-25 11:05:26",
      "content": "铁杆啊"
    },
    {
      "user": "关小后",
      "date": "2015-04-25 11:05:27",
      "content": "下半场这命中率也不行呀"
    },
    {
      "user": "关小后",
      "date": "2015-04-25 11:07:41",
      "content": "感觉要被打爆了....."
    },
    {
      "user": "w493566901",
      "date": "2015-04-25 11:10:46",
      "content": "花了"
    },
    {
      "user": "关小后",
      "date": "2015-04-25 11:30:52",
      "content": "..........."
    },
    {
      "user": "关小后",
      "date": "2015-04-25 11:32:27",
      "content": "毫无斗志毫无斗志毫无斗志"
    },
    {
      "user": "关小后",
      "date": "2015-04-25 11:32:41",
      "content": "是弃了么！！！"
    },
    {
      "user": "草虫",
      "date": "2015-04-25 11:40:46",
      "content": "。。。。。。。。。。。。。。。。。。。。。。。。。。。。。。T_T"
    },
    {
      "user": "关小后",
      "date": "2015-04-25 11:58:58",
      "content": "下场见吧"
    },
    {
      "user": "关小后",
      "date": "2015-04-25 11:59:22",
      "content": "马刺100-73快船"
    },
    {
      "user": "关小后",
      "date": "2015-04-25 12:00:10",
      "content": "感谢马刺手下留情我都以为要给邓肯准备39分贺礼了"
    },
    {
      "user": "关小后",
      "date": "2015-04-25 12:02:55",
      "content": "哦 看到了哈德森"
    },
    {
      "user": "壹个。",
      "date": "2015-04-25 12:04:25",
      "content": "求轻虐"
    },
    {
      "user": "关小后",
      "date": "2015-04-25 12:09:22",
      "content": "下一场3:30 不想起来直播了"
    },
    {
      "user": "SL-65",
      "date": "2015-04-25 12:19:35",
      "content": "自己打脸"
    },
    {
      "user": "一念無明",
      "date": "2015-04-25 12:20:38",
      "content": "并不是，人品攒的棒棒的"
    },
    {
      "user": "传递正能量",
      "date": "2015-04-25 16:29:59",
      "content": "我刺无敌。"
    }
  ]
}