{
  "title": "是时候yy火箭4:0了",
  "topic": {
    "name": "llanoshine",
    "date": "2015-04-25 14:23:06",
    "content": "是时候yy火箭4:0了"
  },
  "pages": [],
  "replys": [
    {
      "user": "传递正能量",
      "date": "2015-04-25 16:29:35",
      "content": "小牛这么挫呢今年"
    },
    {
      "user": "丶陌灬落o",
      "date": "2015-04-27 11:48:11",
      "content": "今天危险"
    },
    {
      "user": "天然",
      "date": "2015-04-27 12:26:36",
      "content": "这脸打的！"
    }
  ]
}