{
  "title": "4.25，长安福特带你驶入虹口体育场",
  "topic": {
    "name": "benke",
    "date": "2015-04-26 15:31:53",
    "content": "4.25，长安福特带你驶入虹口体育场"
  },
  "pages": [],
  "replys": [
    {
      "user": "篱笆旁7z",
      "date": "2015-04-26 16:07:11",
      "content": "学日本足球走青训的道路是正确的~~~绿城和上港在不久的将来必将成为中超强队~"
    },
    {
      "user": "Acid紫3h",
      "date": "2015-04-26 16:12:12",
      "content": "可以驱车去现场看精彩的比赛"
    },
    {
      "user": "官人诺1w",
      "date": "2015-04-26 16:17:13",
      "content": "王赟在场上的表现，直接超过了GIO，对比赛的积极度上更是，认真二字体现的淋漓尽致。"
    },
    {
      "user": "Mirotic庾小7z",
      "date": "2015-04-26 16:22:08",
      "content": "长安福特进无止境的活动，还是值得我们关注的"
    },
    {
      "user": "强哥Gia5d",
      "date": "2015-04-26 16:27:12",
      "content": "免费门票看球赛爽吧。"
    },
    {
      "user": "机灵耗1w",
      "date": "2015-04-26 16:32:14",
      "content": "赛后的福利放送确实难得"
    },
    {
      "user": "6j086悟2g",
      "date": "2015-04-26 16:37:09",
      "content": "这两支球队主场也都是发挥出了实力的"
    },
    {
      "user": "明珠DNemoPar5d",
      "date": "2015-04-26 16:42:35",
      "content": "这两支队伍的表现都是不俗的"
    },
    {
      "user": "江团长Nick1w",
      "date": "2015-04-26 16:47:13",
      "content": "赛后还是会留下精彩的时刻的"
    },
    {
      "user": "雪雪雪SamLe7z",
      "date": "2015-04-26 16:52:06",
      "content": "就等着长安福特把我们领进比赛的现场的"
    },
    {
      "user": "村里村外d蚂1w",
      "date": "2015-04-26 16:57:11",
      "content": "申花如何主场“绽放”？就看主场的发挥"
    },
    {
      "user": "北京正4d",
      "date": "2015-04-26 17:02:05",
      "content": "一起为喜欢球队助威吧，的确会留下精彩的瞬间"
    },
    {
      "user": "微笑小1w",
      "date": "2015-04-26 17:07:08",
      "content": "难得主场会有绝对的优势"
    }
  ]
}