{
  "title": "【快船-马刺】4.27 第四场 直播",
  "topic": {
    "name": "关小后",
    "date": "2015-04-26 16:02:28",
    "content": "【快船-马刺】4.27 第四场 直播"
  },
  "pages": [],
  "replys": [
    {
      "user": "关小后",
      "date": "2015-04-27 00:05:27",
      "content": "伪粉决定做一夜死忠粉三点半爬起来看如果再被吊打粉转路人"
    },
    {
      "user": "hot j",
      "date": "2015-04-27 03:33:53",
      "content": "战友啊！"
    },
    {
      "user": "一别两宽",
      "date": "2015-04-27 05:00:12",
      "content": "我在看直播"
    },
    {
      "user": "黄晓阳",
      "date": "2015-04-27 05:54:19",
      "content": "在看。"
    },
    {
      "user": "关小后",
      "date": "2015-04-27 06:33:03",
      "content": "好激动！！！快船114-105马刺"
    },
    {
      "user": "关小后",
      "date": "2015-04-27 06:34:42",
      "content": "太子爷终于不是吃软饭的了"
    },
    {
      "user": "草虫",
      "date": "2015-04-28 19:46:25",
      "content": "坐等第五长开贴啊，卤煮"
    },
    {
      "user": "关小后",
      "date": "2015-04-28 19:46:57",
      "content": ".......马上开"
    }
  ]
}