{
  "title": "这个点起来看球的吱一声",
  "topic": {
    "name": "hot j",
    "date": "2015-04-27 04:11:51",
    "content": "这个点起来看球的吱一声"
  },
  "pages": [],
  "replys": [
    {
      "user": "丑丑哥哥",
      "date": "2015-04-27 07:40:33",
      "content": "我也是船迷 那还是巴朗和格里芬的时代 不过我老婆是马刺死忠 谁输谁做饭"
    },
    {
      "user": "hot j",
      "date": "2015-04-27 08:48:23",
      "content": "羡慕你有个球迷老婆"
    },
    {
      "user": "丑丑哥哥",
      "date": "2015-04-27 09:02:12",
      "content": "可是有分歧不好啊"
    },
    {
      "user": "壹个。",
      "date": "2015-04-27 09:06:48",
      "content": "求马刺女球迷"
    },
    {
      "user": "hot j",
      "date": "2015-04-27 09:28:03",
      "content": "我看过一个马刺球迷的留言挺感动的，“你船要是把狗刺过了，一定要拿总冠军啊”"
    },
    {
      "user": "hot j",
      "date": "2015-04-27 09:28:26",
      "content": "同求快船女球迷"
    },
    {
      "user": "壹个。",
      "date": "2015-04-27 09:29:42",
      "content": "女球迷资源少"
    },
    {
      "user": "丑丑哥哥",
      "date": "2015-04-27 12:47:10",
      "content": "可是能过勇士的我估计只有马刺了"
    },
    {
      "user": "传递正能量",
      "date": "2015-04-27 13:15:17",
      "content": "a0531192"
    },
    {
      "user": "hot j",
      "date": "2015-04-27 13:23:32",
      "content": "状态好的快船也可与之一拼"
    },
    {
      "user": "格子左左",
      "date": "2015-04-27 13:23:43",
      "content": "马刺女球迷在此"
    },
    {
      "user": "丑丑哥哥",
      "date": "2015-04-27 13:47:22",
      "content": "打完马刺鼓励都没气了"
    },
    {
      "user": "夏夏夏夏天",
      "date": "2015-04-27 21:45:06",
      "content": "赞一个，喜欢NBA的妹子很少，马刺的女球迷就更少了。"
    }
  ]
}