{
  "title": "【快船-火箭】5.5 第一场 直播",
  "topic": {
    "name": "关小后",
    "date": "2015-05-04 12:13:10",
    "content": "【快船-火箭】5.5 第一场 直播"
  },
  "pages": [],
  "replys": [
    {
      "user": "城市猎人",
      "date": "2015-05-04 16:39:50",
      "content": "哪里的消息说保罗不打？"
    },
    {
      "user": "关小后",
      "date": "2015-05-04 17:38:50",
      "content": ".....啊 小道消息 炮赛前决定要不要上"
    },
    {
      "user": "关小后",
      "date": "2015-05-05 08:47:49",
      "content": "由于上场比赛保罗大腿拉伤，本场比赛不会上场。"
    },
    {
      "user": "关小后",
      "date": "2015-05-05 09:27:55",
      "content": "公牛99-92骑士有点意思...."
    },
    {
      "user": "草虫",
      "date": "2015-05-05 09:40:46",
      "content": "来了~准时看直播。希望我船能靠着延续的火热手感抢下第一场。后面再慢慢打。"
    },
    {
      "user": "草虫",
      "date": "2015-05-05 09:44:07",
      "content": "今天太子首发，很难顶住火箭啊，看好6分钟下场休息"
    },
    {
      "user": "一叶知秋",
      "date": "2015-05-05 09:45:53",
      "content": "今天第一场火箭赢不得了可以回家了"
    },
    {
      "user": "草虫",
      "date": "2015-05-05 09:49:47",
      "content": "太子这运球。。。"
    },
    {
      "user": "草虫",
      "date": "2015-05-05 09:52:02",
      "content": "运球到前场，弧顶站10s，我也会！"
    },
    {
      "user": "关小后",
      "date": "2015-05-05 09:54:54",
      "content": "我要看哈德森..."
    },
    {
      "user": "草虫",
      "date": "2015-05-05 09:57:51",
      "content": "果然克6还剩5分多的时间上来了。"
    },
    {
      "user": "草虫",
      "date": "2015-05-05 09:59:10",
      "content": "我也想看哈德森"
    },
    {
      "user": "关小后",
      "date": "2015-05-05 10:00:06",
      "content": "上场了"
    },
    {
      "user": "草虫",
      "date": "2015-05-05 10:02:59",
      "content": "身披快船球衣小男孩暴打火箭熊。火箭这人品攒的丧心病狂啊！！！！"
    },
    {
      "user": "草虫",
      "date": "2015-05-05 10:04:40",
      "content": "这个表演还不错~哈哈"
    },
    {
      "user": "关小后",
      "date": "2015-05-05 10:10:54",
      "content": "第一节结束 火箭25-19快船"
    },
    {
      "user": "关小后",
      "date": "2015-05-05 10:17:39",
      "content": "哈哈哈哈被网友喷是季前赛了"
    },
    {
      "user": "关小后",
      "date": "2015-05-05 10:19:00",
      "content": "XJBD战术是什么意思...？（肯定不是好话）"
    },
    {
      "user": "关小后",
      "date": "2015-05-05 10:20:25",
      "content": "麦迪也来了"
    },
    {
      "user": "关小后",
      "date": "2015-05-05 10:21:59",
      "content": "其实我是一个火蜜+炮蜜"
    },
    {
      "user": "草虫",
      "date": "2015-05-05 10:30:47",
      "content": "傻芬确实有个坏习惯，老爱摸人。。。这种犯规不值当啊。"
    },
    {
      "user": "草虫",
      "date": "2015-05-05 10:31:36",
      "content": "瞎JB打=XJBD"
    },
    {
      "user": "关小后",
      "date": "2015-05-05 10:32:01",
      "content": "呃.. 好吧"
    },
    {
      "user": "关小后",
      "date": "2015-05-05 10:43:55",
      "content": "开始互砍了..."
    },
    {
      "user": "草虫",
      "date": "2015-05-05 10:48:58",
      "content": "球绝壁下落了。。。不过确实高。。。"
    },
    {
      "user": "关小后",
      "date": "2015-05-05 10:52:32",
      "content": "半场结束 火箭50-46快船"
    },
    {
      "user": "寒武纪",
      "date": "2015-05-05 11:07:40",
      "content": "哎，对于火箭真是恨铁不成钢啊。"
    },
    {
      "user": "[已注销]",
      "date": "2015-05-05 11:09:31",
      "content": "本来就是第二轮最弱..."
    },
    {
      "user": "寒武纪",
      "date": "2015-05-05 11:18:34",
      "content": "个个都是神经刀。"
    },
    {
      "user": "草虫",
      "date": "2015-05-05 11:27:23",
      "content": "小里不错啊。打的有感觉了。"
    },
    {
      "user": "关小后",
      "date": "2015-05-05 11:27:26",
      "content": "呃....."
    },
    {
      "user": "关小后",
      "date": "2015-05-05 11:28:51",
      "content": "火箭真是...."
    },
    {
      "user": "[已注销]",
      "date": "2015-05-05 11:40:14",
      "content": "哈登真是跟季后赛有仇........"
    },
    {
      "user": "关小后",
      "date": "2015-05-05 11:41:14",
      "content": "第三节结束 快船83-77火箭"
    },
    {
      "user": "关小后",
      "date": "2015-05-05 11:41:51",
      "content": "看火箭第四节必须要备救心丸"
    },
    {
      "user": "关小后",
      "date": "2015-05-05 12:00:35",
      "content": "两个三分给力"
    },
    {
      "user": "草虫",
      "date": "2015-05-05 12:01:16",
      "content": "火箭和马刺还是有很大的差距。。。"
    },
    {
      "user": "关小后",
      "date": "2015-05-05 12:05:48",
      "content": "铁登要站出来！！"
    },
    {
      "user": "关小后",
      "date": "2015-05-05 12:17:35",
      "content": "好没劲"
    },
    {
      "user": "关小后",
      "date": "2015-05-05 12:22:41",
      "content": "比赛真没劲 怀念马刺"
    },
    {
      "user": "草虫",
      "date": "2015-05-05 12:23:10",
      "content": "不评论了。。。"
    },
    {
      "user": "关小后",
      "date": "2015-05-05 12:27:35",
      "content": "下场见吧估计奥拉朱旺和麦迪在场边都看不下去了"
    },
    {
      "user": "关小后",
      "date": "2015-05-06 00:21:17",
      "content": "生日快乐 大屁股"
    }
  ]
}