{
  "title": "冰箱有一手好牌不会打！",
  "topic": {
    "name": "[已注销]",
    "date": "2015-05-05 12:03:15",
    "content": "冰箱有一手好牌不会打！"
  },
  "pages": [],
  "replys": [
    {
      "user": "[已注销]",
      "date": "2015-05-05 12:45:50",
      "content": "冰箱续约了...在这一点上对莫雷真无语"
    },
    {
      "user": "[已注销]",
      "date": "2015-05-05 12:56:14",
      "content": "只能说季后赛不是常规赛"
    },
    {
      "user": "石头?",
      "date": "2015-05-05 13:04:33",
      "content": "换波波维奇来吧！冰箱执教水平真心不敢恭维"
    },
    {
      "user": "tupac2k",
      "date": "2015-05-05 14:53:20",
      "content": "我还以为我穿越了呢"
    },
    {
      "user": "丑丑哥哥",
      "date": "2015-05-05 14:54:18",
      "content": "我芬威武"
    },
    {
      "user": "夜的祭祀",
      "date": "2015-05-05 15:16:25",
      "content": "不用冰箱 用谁...."
    },
    {
      "user": "三都 主",
      "date": "2015-05-05 20:15:39",
      "content": "他船的助教也牛，伍德森，弗兰克"
    },
    {
      "user": "S",
      "date": "2015-05-05 22:01:30",
      "content": "火箭虽然不争气，却也不屑干把人推到技术台更衣室放蛇总决赛关空调关键时刻上六个人的事"
    },
    {
      "user": "柒♂",
      "date": "2015-05-06 12:07:48",
      "content": "这赛季火箭排名好，主要还是登哥今年无敌啊，他不发挥，火箭就完"
    },
    {
      "user": "仔儿544",
      "date": "2015-05-08 16:55:51",
      "content": "冰箱是传统型的教练，传统教练都很看重防守，在绿军的时候，也算是注重防守的球员，火箭的配置，球员所有位置，除了现在的一号位，防守能力都是水平很不错的，为什么火箭到现在完全看不出一个完整的防守体系！！球员有没有问题？？值得思考"
    },
    {
      "user": "可乐",
      "date": "2015-05-08 23:48:26",
      "content": "里弗斯说:让你们个炮！火箭球迷:让你们个帅！"
    }
  ]
}