{
  "title": "尤文1:0皇马",
  "topic": {
    "name": "Kidney",
    "date": "2015-05-05 20:32:50",
    "content": "尤文1:0皇马"
  },
  "pages": [],
  "replys": [
    {
      "user": "**睡懒觉",
      "date": "2015-05-05 21:13:07",
      "content": "皇马 1:0 尤文 \r 必须的"
    },
    {
      "user": "Kidney",
      "date": "2015-05-05 21:25:25",
      "content": "让结果说话坐等"
    },
    {
      "user": "**睡懒觉",
      "date": "2015-05-05 21:35:28",
      "content": "坐等让结果说话"
    },
    {
      "user": "怪诞乌鸦",
      "date": "2015-05-05 21:37:41",
      "content": "尤文显然被吊打 2球起步\r 立帖为证"
    },
    {
      "user": "咆哮球童",
      "date": "2015-05-05 21:38:46",
      "content": "尤文今晚肯定赢不了"
    },
    {
      "user": "carrollon",
      "date": "2015-05-05 21:48:25",
      "content": "皇马赢 嗯"
    },
    {
      "user": "匿名用户",
      "date": "2015-05-05 22:00:46",
      "content": "。。。。just fun"
    },
    {
      "user": "**睡懒觉",
      "date": "2015-05-05 22:06:44",
      "content": "客观的说尤文主场，平局可能性很大"
    },
    {
      "user": "狐蝶♧",
      "date": "2015-05-05 22:25:23",
      "content": "明明是尤文100:0皇马！"
    },
    {
      "user": "十四",
      "date": "2015-05-05 22:27:35",
      "content": "皇马必胜"
    },
    {
      "user": "Kidney",
      "date": "2015-05-06 07:21:49",
      "content": "你们懂球不？"
    },
    {
      "user": "Kidney",
      "date": "2015-05-06 07:22:02",
      "content": "呵呵"
    },
    {
      "user": "Kidney",
      "date": "2015-05-06 07:22:20",
      "content": "是么？"
    },
    {
      "user": "图图",
      "date": "2015-05-06 07:33:26",
      "content": "不少兄弟打脸了"
    },
    {
      "user": "十四",
      "date": "2015-05-06 11:04:22",
      "content": "你对了"
    },
    {
      "user": "**睡懒觉",
      "date": "2015-05-06 11:39:54",
      "content": "不怕下周后来这儿删帖？"
    },
    {
      "user": "咆哮球童",
      "date": "2015-05-06 20:34:21",
      "content": "看看最后谁晋级就知道谁懂球了"
    },
    {
      "user": "Kidney",
      "date": "2015-05-06 23:12:15",
      "content": "晋级是后面的比赛，你还狡辩"
    }
  ]
}