{
  "title": "恒大为什么只有两个外援？",
  "topic": {
    "name": "Banana",
    "date": "2015-05-06 16:13:56",
    "content": "恒大为什么只有两个外援？"
  },
  "pages": [],
  "replys": [
    {
      "user": "明天的禹",
      "date": "2015-05-06 17:38:20",
      "content": "亚冠可以上场4名外援，其中一个是亚外，昨天恒大其实是演练新的组合，以赛代练，可惜埃尔克森伤了，输得有点遗憾，只要小组第一就行"
    },
    {
      "user": "图穷匕首见",
      "date": "2015-05-06 23:28:39",
      "content": "伤的伤，没报名的没报名"
    },
    {
      "user": "Banana",
      "date": "2015-05-07 12:52:17",
      "content": "阿兰和雷内呢？"
    }
  ]
}