{
  "title": "你们觉得今年谁是冠军",
  "topic": {
    "name": "豆瓣",
    "date": "2015-05-06 20:43:19",
    "content": "你们觉得今年谁是冠军"
  },
  "pages": [],
  "replys": [
    {
      "user": "Just Ivan",
      "date": "2015-05-06 21:06:05",
      "content": "奇才"
    },
    {
      "user": "夜里不蒙面",
      "date": "2015-05-06 22:21:20",
      "content": "灰熊"
    },
    {
      "user": "我把id改了",
      "date": "2015-05-07 03:05:26",
      "content": "勇士"
    },
    {
      "user": "薛定谔的猫",
      "date": "2015-05-07 07:53:41",
      "content": "如果没有意外，公牛"
    },
    {
      "user": "Eddy_01",
      "date": "2015-05-07 09:30:26",
      "content": "勇勇勇"
    },
    {
      "user": "小尼姑",
      "date": "2015-05-07 10:50:38",
      "content": "勇士"
    },
    {
      "user": "xiaokay",
      "date": "2015-05-07 10:51:53",
      "content": "骑士"
    },
    {
      "user": "nweispace",
      "date": "2015-05-07 10:57:55",
      "content": "我觉得可以考虑一下小船了"
    },
    {
      "user": "柒♂",
      "date": "2015-05-07 11:38:35",
      "content": "PAUL能回来的话，今年快船有戏"
    },
    {
      "user": "[已注销]",
      "date": "2015-05-07 13:23:32",
      "content": "几乎就是勇士了，替补都能和其他队打平手"
    },
    {
      "user": "不敢瞎评论",
      "date": "2015-05-07 16:36:15",
      "content": "勇士"
    },
    {
      "user": "大叔出生80后",
      "date": "2015-05-08 14:51:50",
      "content": "应该是灰熊"
    },
    {
      "user": "瓦奥",
      "date": "2015-05-08 14:59:10",
      "content": "这话说得挺押韵的。。。季后赛就是神奇诞生的地方，希望螺丝发挥得更稳定。"
    },
    {
      "user": "瓦奥",
      "date": "2015-05-08 15:08:21",
      "content": "公牛打灰熊，画面不要太美"
    },
    {
      "user": "割了动脉喝脉动",
      "date": "2015-05-08 15:09:12",
      "content": "勇士"
    },
    {
      "user": "带刺的小黄瓜",
      "date": "2015-05-08 15:10:01",
      "content": "一般来说动物类的球队都会死在半决赛"
    },
    {
      "user": "Theo",
      "date": "2015-05-08 15:45:32",
      "content": "公牛 灰熊 老鹰"
    },
    {
      "user": "陈I永健REALLY",
      "date": "2015-05-08 17:54:21",
      "content": "快船"
    },
    {
      "user": "只为伊人香",
      "date": "2015-05-08 17:57:17",
      "content": "怎么没人说火箭呢  哈哈哈"
    },
    {
      "user": "澍",
      "date": "2015-05-08 18:00:13",
      "content": "希望是快船"
    },
    {
      "user": "柠檬♪",
      "date": "2015-05-08 20:04:08",
      "content": "勇士吧 毕竟乐福伤了"
    },
    {
      "user": "jerry",
      "date": "2015-05-08 20:11:27",
      "content": "万一是公牛呢？"
    },
    {
      "user": "Alex",
      "date": "2015-05-08 20:13:10",
      "content": "马刺没了...就支持灰熊吧"
    },
    {
      "user": "最沉沦",
      "date": "2015-05-08 20:48:58",
      "content": "你快船赢了我狗刺，可一定要夺冠呀。"
    },
    {
      "user": "可乐",
      "date": "2015-05-08 23:47:08",
      "content": "快船没戏，勇士够呛"
    },
    {
      "user": "HOHO",
      "date": "2015-05-09 03:21:58",
      "content": "我来总结一下大家的意见：今年的总冠军是，奇才，骑士，公牛，老鹰，勇士，灰熊，火箭，快船。排名先后和夺冠概率无关。"
    },
    {
      "user": "子不语",
      "date": "2015-05-10 11:16:18",
      "content": "灰熊"
    }
  ]
}