{
  "title": "火箭这是在作死啊！！！",
  "topic": {
    "name": "丶陌灬落o",
    "date": "2015-05-07 10:49:25",
    "content": "火箭这是在作死啊！！！"
  },
  "pages": [],
  "replys": [
    {
      "user": "xiaokay",
      "date": "2015-05-07 10:50:53",
      "content": "没想法~~~"
    },
    {
      "user": "小⑤",
      "date": "2015-05-07 10:51:56",
      "content": "快船对胜利的渴望更强"
    },
    {
      "user": "[已注销]",
      "date": "2015-05-07 10:54:10",
      "content": "xjbd 看着好累"
    },
    {
      "user": "丶陌灬落o",
      "date": "2015-05-07 10:55:23",
      "content": "恨铁不成钢啊"
    },
    {
      "user": "[已注销]",
      "date": "2015-05-07 10:55:32",
      "content": "已经无语了"
    },
    {
      "user": "丶陌灬落o",
      "date": "2015-05-07 10:55:38",
      "content": "领先的时候都不安心"
    },
    {
      "user": "丶陌灬落o",
      "date": "2015-05-07 10:55:43",
      "content": "恩"
    },
    {
      "user": "丶陌灬落o",
      "date": "2015-05-07 10:55:59",
      "content": "哎～～"
    },
    {
      "user": "[已注销]",
      "date": "2015-05-07 10:56:54",
      "content": "脑残教练1~~~"
    },
    {
      "user": "xiaokay",
      "date": "2015-05-07 10:57:45",
      "content": "倒没有这种感觉，很喜欢哈登，很不喜欢火花，怎么能成钢，成了也是合金钢。。。。"
    },
    {
      "user": "丶陌灬落o",
      "date": "2015-05-07 10:59:17",
      "content": "在一个队就都得支持啊，不然怎么赢"
    },
    {
      "user": "丶陌灬落o",
      "date": "2015-05-07 10:59:56",
      "content": "-_-#"
    },
    {
      "user": "xiaokay",
      "date": "2015-05-07 11:00:34",
      "content": "好吧，登哥加油 ↖(^ω^)↗"
    },
    {
      "user": "[已注销]",
      "date": "2015-05-07 11:02:05",
      "content": "感觉不认真呢！跟上一轮快船马刺的比赛节奏不一样，看不出是季后赛啊！"
    },
    {
      "user": "丶陌灬落o",
      "date": "2015-05-07 11:06:24",
      "content": "有可能太紧张，想拿下"
    },
    {
      "user": "丶陌灬落o",
      "date": "2015-05-07 11:06:40",
      "content": "嗯嗯，⛽️"
    },
    {
      "user": "[已注销]",
      "date": "2015-05-07 11:09:16",
      "content": "是不是丢了MVP后  登哥觉得没有什么盼头了   消极了"
    },
    {
      "user": "丶陌灬落o",
      "date": "2015-05-07 11:09:38",
      "content": "就不想继续第二轮了吗难道"
    },
    {
      "user": "石头?",
      "date": "2015-05-07 11:12:52",
      "content": "没法看了！完全被吊打！下赛季换教练吧！打成啥了都"
    },
    {
      "user": "[已注销]",
      "date": "2015-05-07 11:19:22",
      "content": "谁知道他们究竟想干嘛"
    },
    {
      "user": "丶陌灬落o",
      "date": "2015-05-07 11:20:04",
      "content": "打成屎"
    },
    {
      "user": "柒♂",
      "date": "2015-05-07 11:34:56",
      "content": "确实打不过快船，除非全体超常发挥"
    },
    {
      "user": "[已注销]",
      "date": "2015-05-07 12:03:17",
      "content": "火箭只要不xjbd 打一个没保罗的快船妥妥的"
    },
    {
      "user": "丶陌灬落o",
      "date": "2015-05-07 12:54:44",
      "content": "终于还是赢了"
    },
    {
      "user": "丶陌灬落o",
      "date": "2015-05-07 12:54:56",
      "content": "就看后天了"
    },
    {
      "user": "Stephen先生",
      "date": "2015-05-08 13:09:46",
      "content": "冰箱傻逼，换教练该"
    }
  ]
}