{
  "title": "次轮四组1比1",
  "topic": {
    "name": "大叔出生80后",
    "date": "2015-05-08 22:53:00",
    "content": "次轮四组1比1"
  },
  "pages": [],
  "replys": [
    {
      "user": "不懂名字",
      "date": "2015-05-08 23:04:36",
      "content": "每组的2场比赛的分差和都是17。"
    },
    {
      "user": "低配王大治",
      "date": "2015-05-08 23:20:24",
      "content": "明明22"
    },
    {
      "user": "迷雾森林",
      "date": "2015-05-08 23:36:35",
      "content": "下一场全部都是2-1你信不"
    },
    {
      "user": "大叔出生80后",
      "date": "2015-05-09 05:57:26",
      "content": "废话"
    },
    {
      "user": "十三哥",
      "date": "2015-05-10 11:12:02",
      "content": "全是逆袭！！！\r奇才亮瞎了，不会一路逆袭夺冠吧！！"
    }
  ]
}