{
  "title": "骑士被绝杀了",
  "topic": {
    "name": "[已注销]",
    "date": "2015-05-09 10:55:44",
    "content": "骑士被绝杀了"
  },
  "pages": [],
  "replys": [
    {
      "user": "大叔出生80后",
      "date": "2015-05-09 10:58:24",
      "content": "好高兴，罗斯三分绝杀骑士，我罗还是那个带刺玫瑰"
    },
    {
      "user": "[已注销]",
      "date": "2015-05-09 11:04:56",
      "content": "喜闻乐见"
    },
    {
      "user": "花弄影",
      "date": "2015-05-09 11:08:08",
      "content": "出来混迟早要还的"
    },
    {
      "user": "夕雾",
      "date": "2015-05-09 11:11:30",
      "content": "说的不错"
    },
    {
      "user": "BetterMr_A",
      "date": "2015-05-09 11:55:59",
      "content": "罗斯回来了"
    },
    {
      "user": "Lucky、疯子",
      "date": "2015-05-09 12:06:01",
      "content": "还是那个玫瑰"
    }
  ]
}