{
  "title": "火箭拿什么来爱你？",
  "topic": {
    "name": "石头?",
    "date": "2015-05-09 18:04:56",
    "content": "火箭拿什么来爱你？"
  },
  "pages": [],
  "replys": [
    {
      "user": "石头?",
      "date": "2015-05-09 18:41:45",
      "content": "一点斗志都没有！"
    },
    {
      "user": "夜的祭祀",
      "date": "2015-05-09 22:36:06",
      "content": "呵呵真的吗"
    },
    {
      "user": "陈在天",
      "date": "2015-05-10 09:14:18",
      "content": "最多输到三十分，松松垮垮的,今年可能就是输在快船"
    }
  ]
}