{
  "title": "火箭再不换教练从此脑残铁粉转路人~",
  "topic": {
    "name": "黄种黑人★か",
    "date": "2015-05-11 22:34:46",
    "content": "火箭再不换教练从此脑残铁粉转路人~"
  },
  "pages": [],
  "replys": [
    {
      "user": "夜的祭祀",
      "date": "2015-05-12 11:00:30",
      "content": "海尔其实现在已经圆满完成任务了，常规赛比去年更加出众，季后赛到第二轮。\r海尔在教练端，一定是称职的，我们不知道海尔的好，并不代表着海尔没有好"
    },
    {
      "user": "黄种黑人★か",
      "date": "2015-05-12 11:16:14",
      "content": "冰箱的指教策略就是给球员场上更大的自由度，可是火箭不能这么指教"
    },
    {
      "user": "夜的祭祀",
      "date": "2015-05-12 11:19:54",
      "content": "还记得上赛季火箭一到关键时刻是怎么打的么，哈登来开单打，几乎很少有打进的，当时很多人臭骂海尔战术就是哈登来开单打，这赛季哈登关键时刻命中靠谱多了，这又是为什么，很多球迷看球只看眼前，不从长远来看。"
    },
    {
      "user": "xiaokay",
      "date": "2015-05-12 11:23:32",
      "content": "哈哈哈 火花打成了阿西克， 谁也救不了火箭，，，\r莫雷捡到了一块废铁，神教练也救不了，，，再不要怪教练啦啦啦啦啦啦啦啦啦啦。。。。。"
    },
    {
      "user": "夜的祭祀",
      "date": "2015-05-12 11:25:19",
      "content": "火花怎么就打成阿西克了"
    },
    {
      "user": "柒♂",
      "date": "2015-05-12 11:33:20",
      "content": "已经快路人转黑了"
    },
    {
      "user": "黄种黑人★か",
      "date": "2015-05-12 14:54:44",
      "content": "唉。。。眼泪"
    },
    {
      "user": "黄种黑人★か",
      "date": "2015-05-12 14:55:12",
      "content": "火箭打的太单一了。手里牌还是挺多的其实"
    },
    {
      "user": "夜的祭祀",
      "date": "2015-05-12 15:23:07",
      "content": "是的，教练只是一方面"
    },
    {
      "user": "三都 主",
      "date": "2015-05-12 20:23:52",
      "content": "季后赛尤其是这个阶段的了觉得应该更重要的是体现球队的侵略性，他牛，他熊，他骑，他船就是如此，看了你火的哈登经常轻轻带进前场然后三分就扔。。。。进了虽好，但也就这样了。"
    },
    {
      "user": "[已注销]",
      "date": "2015-05-12 21:57:30",
      "content": "好像篮板丢的有点严重（那么多大高个，加上还有火花，居然。。。。），然后就是防守强度不够，进攻能力还是不错的，可能有对比才有差距，快船应该说成熟多点了，毕竟半决赛这个坎打了好多年"
    },
    {
      "user": "黄种黑人★か",
      "date": "2015-05-13 00:19:36",
      "content": "快船替补太差"
    },
    {
      "user": "黄种黑人★か",
      "date": "2015-05-13 00:19:51",
      "content": "也就能虐虐我火了"
    },
    {
      "user": "黄种黑人★か",
      "date": "2015-05-13 00:20:36",
      "content": "唉。我火没斗志"
    },
    {
      "user": "柒♂",
      "date": "2015-05-13 09:57:28",
      "content": "我怎么感觉快船今天在玩火箭呢"
    },
    {
      "user": "[已注销]",
      "date": "2015-05-13 10:42:32",
      "content": "哈登关键能力强了不代表就应该那么打，就算坚决巨星打单，你就看每次暂停后哈登接个球有多困难就知道了，从来没配合出来过空挡，海尔根本设计不出什么好战术"
    },
    {
      "user": "夜的祭祀",
      "date": "2015-05-13 11:00:43",
      "content": "事实上很多球队都是那么打的...\r季后赛罗斯绝杀，LBJ绝杀，皮尔斯绝杀，保罗绝杀.....不都是单打么"
    },
    {
      "user": "[已注销]",
      "date": "2015-05-13 11:04:23",
      "content": "我没说单打是错的，我是说的过程，哈登一般接球的时候就没空间了"
    },
    {
      "user": "黄种黑人★か",
      "date": "2015-05-13 12:17:14",
      "content": "逗逗火箭。不能主场还打火箭三四十分的脸啊"
    },
    {
      "user": "黄种黑人★か",
      "date": "2015-05-13 12:17:58",
      "content": "哈登从国家队回来进步了不少了"
    },
    {
      "user": "若木",
      "date": "2015-05-13 23:58:45",
      "content": "要先跑战术，有接球和出手空间才行好吗"
    },
    {
      "user": "夜的祭祀",
      "date": "2015-05-14 00:03:29",
      "content": "常规赛那么多关键球没看？"
    },
    {
      "user": "只能呵呵了",
      "date": "2015-05-14 01:17:27",
      "content": "只喜欢姚麦时期的火箭"
    },
    {
      "user": "Mr.Dracula",
      "date": "2015-05-14 01:23:44",
      "content": "作为第一sg，哈登还是有这个权利的，对比同位置巅峰科比，经常这么任性，"
    },
    {
      "user": "Bowie",
      "date": "2015-05-14 14:34:12",
      "content": "我觉得这季打得挺好的啊，还不错啊……"
    },
    {
      "user": "夜的祭祀",
      "date": "2015-05-18 09:02:23",
      "content": "怎么样，我说了吧，海尔并没有大家想得那么差的，即使这一轮输了也是这句话"
    },
    {
      "user": "黄种黑人★か",
      "date": "2015-05-18 11:20:24",
      "content": "周三见~~~"
    },
    {
      "user": "柒♂",
      "date": "2015-05-18 11:58:47",
      "content": "现在虽没有看姚麦时期火箭的那种激情了，但凌晨起来看到火箭进西决，还是非常开心"
    },
    {
      "user": "我把id改了",
      "date": "2015-05-18 16:26:04",
      "content": "啪啪啪，让你们黑冰箱"
    },
    {
      "user": "黄种黑人★か",
      "date": "2015-05-18 19:10:03",
      "content": "是呀，哈哈。期待打进决赛"
    },
    {
      "user": "黄种黑人★か",
      "date": "2015-05-18 19:10:27",
      "content": "火箭今天打得真好"
    }
  ]
}