{
  "title": "等球， 睡你妹，起来嗨",
  "topic": {
    "name": "叫三爷受得起",
    "date": "2015-05-13 02:37:24",
    "content": "等球， 睡你妹，起来嗨"
  },
  "pages": [],
  "replys": [
    {
      "user": "S",
      "date": "2015-05-13 02:41:45",
      "content": "就睡了一个半小时"
    },
    {
      "user": "Gucci挤公交",
      "date": "2015-05-13 02:42:48",
      "content": "西西尼玛"
    },
    {
      "user": "叫三爷受得起",
      "date": "2015-05-13 02:43:00",
      "content": "有我萨球迷啊，"
    },
    {
      "user": "S",
      "date": "2015-05-13 02:44:07",
      "content": "呢！"
    },
    {
      "user": "叫三爷受得起",
      "date": "2015-05-13 02:45:06",
      "content": "幸会，猜比分"
    },
    {
      "user": "S",
      "date": "2015-05-13 02:45:53",
      "content": "希望还个大七喜"
    },
    {
      "user": "叫三爷受得起",
      "date": "2015-05-13 02:45:56",
      "content": "巴萨必胜"
    },
    {
      "user": "叫三爷受得起",
      "date": "2015-05-13 02:46:51",
      "content": "回想前年都是泪，中场聊"
    },
    {
      "user": "Gucci挤公交",
      "date": "2015-05-13 02:47:16",
      "content": "用了一个麻辣烫的钱行动支持"
    },
    {
      "user": "叫三爷受得起",
      "date": "2015-05-13 03:33:46",
      "content": "开心，"
    },
    {
      "user": "叫三爷受得起",
      "date": "2015-05-13 03:34:24",
      "content": "还差两个哦，期待八宝粥"
    },
    {
      "user": "S",
      "date": "2015-05-13 03:34:43",
      "content": "越看牙牙越喜欢了"
    },
    {
      "user": "叫三爷受得起",
      "date": "2015-05-13 03:35:51",
      "content": "刚才后脚跟挑球过人太风骚"
    },
    {
      "user": "S",
      "date": "2015-05-13 03:36:24",
      "content": "动图看了好几次"
    },
    {
      "user": "叫三爷受得起",
      "date": "2015-05-13 03:38:20",
      "content": "三个人，就我一个人打算坚持看下半场。决赛期待"
    },
    {
      "user": "S",
      "date": "2015-05-13 03:38:55",
      "content": "那就是国家德比了吧"
    },
    {
      "user": "叫三爷受得起",
      "date": "2015-05-13 03:39:44",
      "content": "还是想老妇人竞技，"
    },
    {
      "user": "叫三爷受得起",
      "date": "2015-05-13 03:41:42",
      "content": "小狮王太淡定，稳稳的"
    },
    {
      "user": "S",
      "date": "2015-05-13 03:42:36",
      "content": "对！反正我不喜欢诺伊尔！"
    },
    {
      "user": "叫三爷受得起",
      "date": "2015-05-13 03:43:31",
      "content": "刚准备说，干死装逼的诺伊尔。妹子可是阿根廷球迷"
    },
    {
      "user": "S",
      "date": "2015-05-13 03:44:26",
      "content": "尴尬的是我是德国球迷 主要还是被挖鼻屎君圈了粉"
    },
    {
      "user": "[已注销]",
      "date": "2015-05-13 03:45:00",
      "content": "豆瓣还是德吹比较多呀"
    },
    {
      "user": "叫三爷受得起",
      "date": "2015-05-13 03:45:53",
      "content": "还以为鼻屎叔只是中老年妇女的偶像，还这么吸引嫩妹子"
    },
    {
      "user": "S",
      "date": "2015-05-13 03:46:41",
      "content": "可能我就是你说的中年妇女了"
    },
    {
      "user": "叫三爷受得起",
      "date": "2015-05-13 03:47:34",
      "content": "说错话了我，下半场煤球进个球好了。"
    },
    {
      "user": "S",
      "date": "2015-05-13 03:50:12",
      "content": "近两个 不过拜仁这次伤了 打成这样已经不错了"
    },
    {
      "user": "叫三爷受得起",
      "date": "2015-05-17 12:41:37",
      "content": "晚上巴萨比赛可看"
    }
  ]
}