{
  "title": "今晚尤文皇马",
  "topic": {
    "name": "[已注销]",
    "date": "2015-05-14 02:15:19",
    "content": "今晚尤文皇马"
  },
  "pages": [],
  "replys": [
    {
      "user": "YoungRui",
      "date": "2015-05-14 04:49:33",
      "content": "必须的。"
    },
    {
      "user": "蛋癌康复患者",
      "date": "2015-05-14 05:13:26",
      "content": "串全中………平 和  受让一胜"
    },
    {
      "user": "[已注销]",
      "date": "2015-05-14 05:22:44",
      "content": "嘿嘿 赢喽"
    },
    {
      "user": "[已注销]",
      "date": "2015-05-14 05:23:40",
      "content": "这么准！！那决赛买啥"
    },
    {
      "user": "蛋癌康复患者",
      "date": "2015-05-14 05:38:04",
      "content": "我很喜欢巴萨，更喜欢尤文………我实在下不了手………"
    },
    {
      "user": "[已注销]",
      "date": "2015-05-14 05:46:42",
      "content": "我其实很想尤文赢 但是感觉现在巴萨实力好好"
    },
    {
      "user": "明天的禹",
      "date": "2015-05-14 06:34:33",
      "content": "伤心欲绝"
    },
    {
      "user": "[已注销]",
      "date": "2015-05-14 10:59:05",
      "content": "哈哈～不要嘛 输赢都是常事"
    },
    {
      "user": "明天的禹",
      "date": "2015-05-14 11:58:44",
      "content": "正是有伤心才会有高兴，只是感觉c罗要走"
    },
    {
      "user": "[已注销]",
      "date": "2015-05-14 16:11:57",
      "content": "我是感觉贝尔浪费好多机会"
    },
    {
      "user": "SantaWilliam",
      "date": "2015-05-14 16:47:42",
      "content": "进决赛，已经算是成功的赛季了，输给巴萨也无所谓，毕竟人家风头正劲！"
    },
    {
      "user": "[已注销]",
      "date": "2015-05-14 16:50:52",
      "content": "可是还是有爆冷PK掉巴萨的侥幸心理。。"
    },
    {
      "user": "SantaWilliam",
      "date": "2015-05-14 16:52:05",
      "content": "但愿啊，，，不过感觉基耶利尼状态不好，尤文必须立足防守的，后卫顶不住，基本上很难。。。"
    },
    {
      "user": "[已注销]",
      "date": "2015-05-14 16:53:31",
      "content": "我大米兰要来钱啦，老妇人你颤抖吧"
    },
    {
      "user": "[已注销]",
      "date": "2015-05-14 17:03:38",
      "content": "嗯 也是看梅西和内马尔好猛"
    },
    {
      "user": "[已注销]",
      "date": "2015-05-14 17:03:51",
      "content": "哼哼 坐等碾压你们"
    },
    {
      "user": "[已注销]",
      "date": "2015-05-14 17:08:23",
      "content": "走着瞧"
    },
    {
      "user": "蛋癌康复患者",
      "date": "2015-05-14 18:44:16",
      "content": "是的，所以我不敢给你说"
    },
    {
      "user": "钟情lamp",
      "date": "2015-05-14 18:45:23",
      "content": "尤文赢吧 让意甲趁势崛起"
    },
    {
      "user": "[已注销]",
      "date": "2015-05-14 18:48:53",
      "content": "那你下场买了告诉我～"
    },
    {
      "user": "[已注销]",
      "date": "2015-05-14 18:49:09",
      "content": "我也好希望～"
    },
    {
      "user": "Kidney",
      "date": "2015-05-14 20:28:50",
      "content": "我更喜欢尤文，但是巴塞罗那必胜"
    },
    {
      "user": "[已注销]",
      "date": "2015-05-14 20:30:49",
      "content": "~~~不要说的这么绝对嘛 没准布冯duang duang都挡住了"
    }
  ]
}