{
  "title": "7月我去西班牙，要皇马球衣挂我墙上！",
  "topic": {
    "name": "[已注销]",
    "date": "2015-05-14 12:05:55",
    "content": "7月我去西班牙，要皇马球衣挂我墙上！"
  },
  "pages": [],
  "replys": [
    {
      "user": "强少",
      "date": "2015-05-14 18:26:08",
      "content": "七月皇马就来了…"
    },
    {
      "user": "[已注销]",
      "date": "2015-05-14 20:05:08",
      "content": "所以伪球迷要穿上它！"
    }
  ]
}