{
  "title": "感觉约什若是努力打球....",
  "topic": {
    "name": "东楼公子",
    "date": "2015-05-16 09:25:31",
    "content": "感觉约什若是努力打球...."
  },
  "pages": [],
  "replys": [
    {
      "user": "欧死骨牛哥哥",
      "date": "2015-05-17 23:22:01",
      "content": "根据LZ的描述，如果能够补强那些东西，约什就变成詹姆斯了，世上是不是除了詹姆斯打球都不努力么。。。而且当初和之后的冠军凯尔特人大战7场的时候，约什打出的表现就是一个千万年薪的表现。有时候要靠天赋有时候要靠运气，是不是球队能给他一个适合他的角色，命真的很重要，林书豪是命，小里佛斯也是命。。。"
    },
    {
      "user": "Theo",
      "date": "2015-05-16 11:37:12",
      "content": "可是他已经在联盟打球10年了，你不能用新秀的眼光来看待他"
    },
    {
      "user": "东楼公子",
      "date": "2015-05-16 11:40:00",
      "content": "我的意思是当年他能努力一点"
    },
    {
      "user": "浪花一片片",
      "date": "2015-05-16 18:25:24",
      "content": "他现在就拿着千万年薪"
    },
    {
      "user": "Boyka",
      "date": "2015-05-16 18:31:49",
      "content": "有没有感觉他打球很犹豫"
    },
    {
      "user": "三都 主",
      "date": "2015-05-16 18:52:47",
      "content": "已经足够努力了，毕竟也打了10几年，高中生就进联盟，以前心思应该都放在扣篮上"
    },
    {
      "user": "东楼公子",
      "date": "2015-05-16 20:39:36",
      "content": "我感觉他打球特别懒散\r 不管是进攻还是防守"
    },
    {
      "user": "东楼公子",
      "date": "2015-05-16 20:42:15",
      "content": "被裁掉的球队毒瘤。。。\r 拿着两份工资。。。"
    },
    {
      "user": "浪花一片片",
      "date": "2015-05-16 20:43:18",
      "content": "就是千万年薪啊，不影响什么"
    },
    {
      "user": "Boyka",
      "date": "2015-05-16 21:04:16",
      "content": "我感觉是想法太多，做动作慢。。技术很全面，但都不好"
    },
    {
      "user": "[已注销]",
      "date": "2015-05-17 00:20:23",
      "content": "他很努力 差的是球商。。。。。"
    },
    {
      "user": "杨白老",
      "date": "2015-05-17 08:38:17",
      "content": "说的人家好像没努力打球一样"
    },
    {
      "user": "欧死骨牛哥哥",
      "date": "2015-05-17 23:22:01",
      "content": "根据LZ的描述，如果能够补强那些东西，约什就变成詹姆斯了，世上是不是除了詹姆斯打球都不努力么。。。而且当初和之后的冠军凯尔特人大战7场的时候，约什打出的表现就是一个千万年薪的表现。有时候要靠天赋有时候要靠运气，是不是球队能给他一个适合他的角色，命真的很重要，林书豪是命，小里佛斯也是命。。。"
    },
    {
      "user": "东楼公子",
      "date": "2015-05-20 23:13:22",
      "content": "火箭真正需要的是他组织进攻"
    },
    {
      "user": "可乐",
      "date": "2015-05-22 13:47:42",
      "content": "球商短板。"
    },
    {
      "user": "爱我所艾",
      "date": "2015-05-22 13:52:33",
      "content": "最早之前被认为智商弱化版的乐邦。。。"
    },
    {
      "user": "索马里♪海带",
      "date": "2015-05-22 14:57:51",
      "content": "联盟最可怕的球员之一就是～合理的约什。"
    }
  ]
}