{
  "title": "火箭居然真的逆袭了",
  "topic": {
    "name": "[已注销]",
    "date": "2015-05-18 08:34:29",
    "content": "火箭居然真的逆袭了"
  },
  "pages": [],
  "replys": [
    {
      "user": "低配王大治",
      "date": "2015-05-18 08:36:06",
      "content": "上场快船心理崩溃了-_-||"
    },
    {
      "user": "那又怎样",
      "date": "2015-05-18 08:39:39",
      "content": "快船替补终于回到了正常状态"
    },
    {
      "user": "东楼公子",
      "date": "2015-05-18 08:45:27",
      "content": "狂野西部\r where amazing happen"
    },
    {
      "user": "夜的祭祀",
      "date": "2015-05-18 08:49:44",
      "content": "半夜看的激动坏了"
    },
    {
      "user": "Red Joker",
      "date": "2015-05-18 08:53:51",
      "content": "你麻痹 快船输了 草"
    },
    {
      "user": "[已注销]",
      "date": "2015-05-18 12:27:58",
      "content": "不科学"
    },
    {
      "user": "我是白肥猫",
      "date": "2015-05-18 16:46:31",
      "content": "火箭让我赢了2000+"
    },
    {
      "user": "[已注销]",
      "date": "2015-05-18 16:49:29",
      "content": "干掉勇士，就是国宝"
    },
    {
      "user": "狐岐之水",
      "date": "2015-05-18 17:30:49",
      "content": "我还是没有从喜悦中恢复过来。看看哈登、火花、阿里扎一帮人喜悦的笑容，哎，不容易啊。"
    }
  ]
}