{
  "title": "季后赛脸被打肿了",
  "topic": {
    "name": "东楼公子",
    "date": "2015-05-18 20:45:21",
    "content": "季后赛脸被打肿了"
  },
  "pages": [],
  "replys": [
    {
      "user": "夜的祭祀",
      "date": "2015-05-19 16:29:55",
      "content": "XJBD=西决保底   一般人我不告诉他  :p"
    },
    {
      "user": "夜里不蒙面",
      "date": "2015-05-18 21:00:15",
      "content": "我和你一样啊，唯一不同的是我一直认为快船会赢，结果被虐了。"
    },
    {
      "user": "低配王大治",
      "date": "2015-05-18 21:03:02",
      "content": "哈哈哈，论xjbd战术，没人玩的过火箭-_-||"
    },
    {
      "user": "东楼公子",
      "date": "2015-05-18 21:23:04",
      "content": "快船虐了三场。"
    },
    {
      "user": "贪吃蛇爱吃豆",
      "date": "2015-05-18 21:23:17",
      "content": "我比你还多预测了一个奇才胜老鹰（其实就是因为皮尔斯才希望奇才赢的）结果……"
    },
    {
      "user": "东楼公子",
      "date": "2015-05-18 21:23:26",
      "content": "是双当拆吗？不，是瞎鸡巴打"
    },
    {
      "user": "东楼公子",
      "date": "2015-05-18 21:24:59",
      "content": "东部我就预测骑士是东部冠军"
    },
    {
      "user": "贪吃蛇爱吃豆",
      "date": "2015-05-18 21:25:59",
      "content": "我也希望是"
    },
    {
      "user": "[已注销]",
      "date": "2015-05-18 21:41:21",
      "content": "谁说xjbd就打不死人"
    },
    {
      "user": "东楼公子",
      "date": "2015-05-18 21:44:14",
      "content": "好吧我是詹黑～"
    },
    {
      "user": "东楼公子",
      "date": "2015-05-18 22:07:19",
      "content": "就是就是，姚麦和范秃子没做到的事，xjbd做到了"
    },
    {
      "user": "[已注销]",
      "date": "2015-05-18 22:08:48",
      "content": "但我还是做不到火迷哈哈，意外性这么高的球队要是进final，那我就变詹密"
    },
    {
      "user": "东楼公子",
      "date": "2015-05-18 22:11:38",
      "content": "别啊\r 我现在看nba的唯一动力就是黑猩猩"
    },
    {
      "user": "[已注销]",
      "date": "2015-05-18 22:14:09",
      "content": "这次不会打脸了，真心不如勇士"
    },
    {
      "user": "东楼公子",
      "date": "2015-05-18 22:15:12",
      "content": "像去年一样被打哭嘛。。。\r 想想还有点小激动呢！"
    },
    {
      "user": "[已注销]",
      "date": "2015-05-18 22:23:34",
      "content": "不会了，不会了"
    },
    {
      "user": "夜的祭祀",
      "date": "2015-05-19 16:29:55",
      "content": "XJBD=西决保底   一般人我不告诉他  :p"
    },
    {
      "user": "幻聽",
      "date": "2015-05-19 16:33:10",
      "content": "勇士4：1火箭"
    },
    {
      "user": "Van迪赛尔",
      "date": "2015-05-19 16:38:50",
      "content": "骑士老鹰勇士都预测对了。到现在没想明白火箭怎么会进西决"
    }
  ]
}