{
  "title": "骑士能横扫老鹰吗",
  "topic": {
    "name": "周墨雯",
    "date": "2015-05-23 10:26:03",
    "content": "骑士能横扫老鹰吗"
  },
  "pages": [],
  "replys": [
    {
      "user": "周墨雯",
      "date": "2015-05-23 10:26:29",
      "content": "可加微ziyouke168"
    },
    {
      "user": "[已注销]",
      "date": "2015-05-23 10:38:59",
      "content": "差不多，最多4比1"
    },
    {
      "user": "黑猫乔治",
      "date": "2015-05-23 11:02:01",
      "content": "横扫有点悬 4比1差不多"
    },
    {
      "user": "Amos",
      "date": "2015-05-23 11:45:11",
      "content": "我预测，骑士4比2解决问题"
    },
    {
      "user": "星辰",
      "date": "2015-05-23 11:55:44",
      "content": "决赛在史上被横扫的屈指可数。所以横扫是不现实的"
    },
    {
      "user": "索马里♪海带",
      "date": "2015-05-23 12:01:11",
      "content": "有可能。但是相信老鹰能扳回一场。"
    },
    {
      "user": "Joe",
      "date": "2015-05-23 15:07:03",
      "content": "4:1"
    },
    {
      "user": "陈在天",
      "date": "2015-05-25 15:11:36",
      "content": "今天这场过后，横扫应该没问题"
    },
    {
      "user": "Severus",
      "date": "2015-05-25 15:27:18",
      "content": "感觉并没有什么问题…"
    },
    {
      "user": "小抹布",
      "date": "2015-05-25 17:27:25",
      "content": "基本横扫"
    },
    {
      "user": "Samson",
      "date": "2015-05-25 18:21:50",
      "content": "LZ这微商做的。。。"
    },
    {
      "user": "三都 主",
      "date": "2015-05-26 18:35:14",
      "content": "事实证明老鹰的这种建队模式上限就是常规赛了"
    },
    {
      "user": "陈在天",
      "date": "2015-05-27 16:37:06",
      "content": "今天已经横扫啦"
    },
    {
      "user": "SL-65",
      "date": "2015-05-27 16:39:39",
      "content": "打自己脸！"
    },
    {
      "user": "晚安、fox",
      "date": "2015-05-27 17:07:40",
      "content": "已经终结、老鹰被横扫的何止是惨啊"
    }
  ]
}