{
  "title": "巅峰詹，致我最爱的15詹",
  "topic": {
    "name": "爱我所艾",
    "date": "2015-05-25 12:34:51",
    "content": "巅峰詹，致我最爱的15詹"
  },
  "pages": [],
  "replys": [
    {
      "user": "东楼公子",
      "date": "2015-05-25 12:40:26",
      "content": "太长不想看"
    },
    {
      "user": "Amos",
      "date": "2015-05-25 14:25:39",
      "content": "居然看完了。慢慢都是爱。"
    },
    {
      "user": "Van迪赛尔",
      "date": "2015-05-25 14:38:03",
      "content": "今天关键时刻真硬。难得看到"
    },
    {
      "user": "四廢書房主人",
      "date": "2015-05-25 17:42:39",
      "content": "今年詹姆斯到了季後賽確實牛逼，完全配得上超巨的名號。"
    },
    {
      "user": "Fury",
      "date": "2015-05-25 18:11:03",
      "content": "超级球星太拧了，"
    },
    {
      "user": "可乐",
      "date": "2015-05-25 19:36:25",
      "content": "喂？110吗？一楼有人吹牛逼，场面有点控制不住了！勇士4:0横扫～我来攒人品的！"
    },
    {
      "user": "GOKU",
      "date": "2015-05-26 19:47:33",
      "content": "你詹巅峰已过\r下赛季中产来我船代替八爷妥妥的\r然后我炮带你詹摸西决地板"
    },
    {
      "user": "螃蟹|Daddy²",
      "date": "2015-05-27 15:13:14",
      "content": "你炮去跪舔他詹的话，或许可以给赏一个冠军\r 不信你去问著名美国国家队控卫一哥，前NBA冠军加里佩顿\r这个参照可以吧···"
    },
    {
      "user": "GOKU",
      "date": "2015-05-27 19:45:07",
      "content": "06年final game3 \r若没佩顿那记致胜大号两分球\r他热就处于0:3的地步了\r佩顿那球直接改变了整个系列赛的走向\r我炮要是也有机会投进那一球\r去跟德拉维多瓦打替补也成啊"
    },
    {
      "user": "爱我所艾",
      "date": "2015-05-27 20:14:29",
      "content": "欢迎你炮来骑士"
    },
    {
      "user": "螃蟹|Daddy²",
      "date": "2015-05-27 20:32:01",
      "content": "你炮能投进，就是没机会，没机会是因为没舞台\r 话说，火箭先发PG叫啥来着？"
    },
    {
      "user": "三都 主",
      "date": "2015-05-27 21:33:00",
      "content": "普尔吉奥尼"
    },
    {
      "user": "tim21",
      "date": "2015-05-27 21:55:39",
      "content": "哎，报销了爱神，伤了欧文，只求别被勇士吊打。。"
    },
    {
      "user": "SL-65",
      "date": "2015-05-27 22:04:08",
      "content": "骑士4:0勇士 库里个垃圾"
    },
    {
      "user": "可乐",
      "date": "2015-05-27 22:07:20",
      "content": "不不不，库里三分投死任何队"
    },
    {
      "user": "SL-65",
      "date": "2015-05-27 22:07:46",
      "content": "走着瞧 吹没用"
    },
    {
      "user": "螃蟹|Daddy²",
      "date": "2015-05-28 07:02:06",
      "content": "勇士都不伤这个属性无解啊"
    },
    {
      "user": "tupac2k",
      "date": "2015-05-28 08:37:22",
      "content": "对 从一开始我就坚信勇士会有人受伤 不是诅咒谁 但他们太顺了 反而觉得怪怪的 总感觉德拉诺为瓦要背一辈子锅了"
    }
  ]
}