{
  "title": "勇士进总决赛！！！",
  "topic": {
    "name": "北麦",
    "date": "2015-05-27 23:53:12",
    "content": "勇士进总决赛！！！"
  },
  "pages": [],
  "replys": [
    {
      "user": "ZooZo",
      "date": "2015-05-28 00:01:12",
      "content": "小箭头太正直没人气，勇士的水花二人组可是大势啦"
    },
    {
      "user": "夜空中的星星",
      "date": "2015-05-28 00:06:22",
      "content": "稳稳的。"
    },
    {
      "user": "Polish",
      "date": "2015-05-28 00:10:50",
      "content": "顶"
    },
    {
      "user": "柯睡",
      "date": "2015-05-28 05:45:30",
      "content": "T_T我再也不敢多说话了，昨天说估计今天会结束西决，然后被貌似火密的学长喷了。。。。。。。"
    },
    {
      "user": "天使之迷",
      "date": "2015-05-28 06:10:09",
      "content": "4:2吧，火箭赢一场挽回颜面，勇士的确应该晋级，明年火箭阵容齐整可以再战江湖"
    },
    {
      "user": "北麦",
      "date": "2015-05-28 10:14:53",
      "content": "哈哈哈，学长怎么能这样"
    },
    {
      "user": "北麦",
      "date": "2015-05-28 10:15:35",
      "content": "火箭只缺一个总决赛级别的教练"
    },
    {
      "user": "拉贝又派头",
      "date": "2015-05-28 10:16:38",
      "content": "萌库 提前锁定FMVP"
    },
    {
      "user": "柯睡",
      "date": "2015-05-28 10:34:09",
      "content": "-_-||本来还想告诉他每次看到萌库的时候都会想到学长的超准三分。。。。。被喷成个傻逼就不敢吱声了。。。"
    },
    {
      "user": "小时候很清纯。",
      "date": "2015-05-28 10:45:06",
      "content": "今天看样子火箭势头还行啊，，，"
    },
    {
      "user": "小时候很清纯。",
      "date": "2015-05-28 11:02:43",
      "content": "今天有没有绝杀●﹏●"
    },
    {
      "user": "我把id改了",
      "date": "2015-05-28 11:10:40",
      "content": "火箭内线优势个毛线、博古特和格林比火花和月食好用的多。。。"
    },
    {
      "user": "三都 主",
      "date": "2015-05-28 12:12:46",
      "content": "接下来的看点就是格林，一哥，巴恩斯怎样防詹皇了"
    },
    {
      "user": "柯睡",
      "date": "2015-05-28 12:21:58",
      "content": "总决赛见"
    },
    {
      "user": "北麦",
      "date": "2015-05-28 12:35:06",
      "content": "这剧情太戏剧性了"
    },
    {
      "user": "北麦",
      "date": "2015-05-28 12:35:59",
      "content": "对的。防好詹姆斯就轻松了"
    }
  ]
}