{
  "title": "火箭，呵呵",
  "topic": {
    "name": "伊布",
    "date": "2015-05-28 11:54:02",
    "content": "火箭，呵呵"
  },
  "pages": [],
  "replys": [
    {
      "user": "Theo",
      "date": "2015-05-28 12:55:21",
      "content": "卧槽，从火区骂到湿乎乎又来豆瓣？我也是给你跪了，累不累？"
    },
    {
      "user": "爱我所艾",
      "date": "2015-05-28 15:58:07",
      "content": "说火箭失败就像总亚军是最大的失败一样可笑"
    },
    {
      "user": "螃蟹|Daddy²",
      "date": "2015-05-28 12:46:35",
      "content": "尼玛进了西决也不满意······"
    },
    {
      "user": "我把id改了",
      "date": "2015-05-28 11:57:24",
      "content": "看球费电咯。。。。"
    },
    {
      "user": "[已注销]",
      "date": "2015-05-28 11:58:26",
      "content": "过快船都是狗屎运，被勇士打回原型了"
    },
    {
      "user": "螃蟹|Daddy²",
      "date": "2015-05-28 12:46:35",
      "content": "尼玛进了西决也不满意······"
    },
    {
      "user": "Theo",
      "date": "2015-05-28 12:55:21",
      "content": "卧槽，从火区骂到湿乎乎又来豆瓣？我也是给你跪了，累不累？"
    },
    {
      "user": "三都 主",
      "date": "2015-05-28 13:06:40",
      "content": "赢了他船的系列赛已经算成功了"
    },
    {
      "user": "爱我所艾",
      "date": "2015-05-28 15:58:07",
      "content": "说火箭失败就像总亚军是最大的失败一样可笑"
    },
    {
      "user": "夜的祭祀",
      "date": "2015-05-28 15:58:59",
      "content": "楼主 呵呵"
    },
    {
      "user": "柒♂",
      "date": "2015-05-28 17:01:56",
      "content": "毕竟总冠军只有一支球队，火箭这赛季可以了。"
    },
    {
      "user": "狐岐之水",
      "date": "2015-05-28 19:53:31",
      "content": "那些否定火箭的球迷都是基于火箭以往比赛中经常被翻盘的固有印象，但这赛季火箭明显已经有了很大的进步，虽然在某些场次中还是会显得有些散漫，季后赛中也有类似情况，但火箭能走到这一步就这个赛季来说已经很好了。这些人即便火箭夺得总冠军也会找出很多理由来予以否定，欲加之罪何患无辞，我想黑你，怎么都能找出理由。没有办法。"
    },
    {
      "user": "狐岐之水",
      "date": "2015-05-28 19:54:05",
      "content": "就是赢了总冠军，那些不喜欢火箭的球迷也会找出一堆的理由来否定它。。。"
    },
    {
      "user": "狐岐之水",
      "date": "2015-05-28 19:55:01",
      "content": "老鹰也跪了，是不是意味着老鹰也是狗屎运？？？"
    },
    {
      "user": "[已注销]",
      "date": "2015-05-29 00:48:12",
      "content": "老鹰是1比三翻盘？"
    },
    {
      "user": "有！！！",
      "date": "2015-05-29 01:13:25",
      "content": "楼主这种自称某球队球迷转黑的还是趁早滚蛋吧\r 快船球迷都没bb呢"
    },
    {
      "user": "乐之者",
      "date": "2015-05-29 08:24:11",
      "content": "昨天哈登失误有点多。。"
    },
    {
      "user": "Van迪赛尔",
      "date": "2015-05-29 08:41:18",
      "content": "淘汰迟早的事。打到西决也不错了。本以为过不了快船"
    },
    {
      "user": "狐岐之水",
      "date": "2015-05-29 09:10:52",
      "content": "难道1:3翻盘就是狗屎运？照你的意思前8支1:3落后的球队翻盘都是踩上狗屎了？"
    },
    {
      "user": "低配王大治",
      "date": "2015-05-29 09:18:31",
      "content": "作为季后一轮游常客，今年我已经很满足了！"
    },
    {
      "user": "Eddy_01",
      "date": "2015-05-29 09:27:28",
      "content": "勇士球迷表示火箭已经做得很好了。我只是单纯的不喜欢阿里扎。"
    },
    {
      "user": "索马里♪海带",
      "date": "2015-05-29 15:44:30",
      "content": "火黑从姚明时期开始，就从来不缺。不管是火黑的质量还是数量，都不缺。  同时，火箭也不缺重视球迷，十年的火蜜，十二三年的火蜜一抓一大把。我只想问，黑来黑去有意思么？"
    },
    {
      "user": "[已注销]",
      "date": "2015-05-30 10:56:32",
      "content": "对的 我就是这样认为的"
    },
    {
      "user": "S",
      "date": "2015-05-31 01:34:00",
      "content": "从火区黑到湿乎乎再到豆瓣 真是6的不行"
    },
    {
      "user": "我未赢够",
      "date": "2015-05-31 01:53:57",
      "content": "火箭已经很努力啦"
    },
    {
      "user": ".blue blue",
      "date": "2015-05-31 04:05:58",
      "content": "讨厌火箭"
    },
    {
      "user": "狐岐之水",
      "date": "2015-05-31 11:53:01",
      "content": "额(⊙o⊙)…"
    }
  ]
}