{
  "title": "为嘛nba总决赛不能提前开打，等的好捉急",
  "topic": {
    "name": "潮起潮落",
    "date": "2015-06-01 14:55:56",
    "content": "为嘛nba总决赛不能提前开打，等的好捉急"
  },
  "pages": [],
  "replys": [
    {
      "user": "我也有一些累呀",
      "date": "2015-06-01 15:16:13",
      "content": "bingo"
    },
    {
      "user": "班长虚晃",
      "date": "2015-06-01 16:04:46",
      "content": "估计他俩不会对位"
    }
  ]
}