{
  "title": "骑士 4:0 勇士",
  "topic": {
    "name": "小抹布",
    "date": "2015-06-02 09:22:26",
    "content": "骑士 4:0 勇士"
  },
  "pages": [],
  "replys": [
    {
      "user": "呛司",
      "date": "2015-06-03 13:16:14",
      "content": "呵呵 从哪里看出来骑士四比零勇士的~~骑士能四比零我吃翔一吨"
    },
    {
      "user": "该用户正在上线",
      "date": "2015-06-02 09:36:50",
      "content": "勇士4:2骑士"
    },
    {
      "user": "Faith_",
      "date": "2015-06-04 11:50:27",
      "content": "呵呵。詹詹自喜"
    },
    {
      "user": "[已注销]",
      "date": "2015-06-17 14:58:31",
      "content": "啪啪啪"
    },
    {
      "user": "忌牌坊",
      "date": "2015-06-04 10:19:56",
      "content": "今年勇士打得真心好，赢球密吧大多"
    },
    {
      "user": "22",
      "date": "2015-06-02 09:35:15",
      "content": "我猜4:1"
    },
    {
      "user": "该用户正在上线",
      "date": "2015-06-02 09:36:50",
      "content": "勇士4:2骑士"
    },
    {
      "user": "Bogeyman",
      "date": "2015-06-02 09:37:36",
      "content": "不吹牛逼还行啊"
    },
    {
      "user": "呛司",
      "date": "2015-06-03 13:16:14",
      "content": "呵呵 从哪里看出来骑士四比零勇士的~~骑士能四比零我吃翔一吨"
    },
    {
      "user": "N6",
      "date": "2015-06-03 13:20:27",
      "content": "大白天不要说梦话"
    },
    {
      "user": "比巴卜的泡泡糖",
      "date": "2015-06-03 13:21:47",
      "content": "应该没那么惨, 不过今年突然冒出这么多勇士的死忠啊哈哈挺有意思。"
    },
    {
      "user": "一眼望不到边",
      "date": "2015-06-03 13:39:32",
      "content": "虽然希望猩猩夺冠，但我觉得横扫不可能。前两场可以拿下一场，估计夺冠有戏。"
    },
    {
      "user": "Zu",
      "date": "2015-06-03 15:41:08",
      "content": "确定不是说反了么"
    },
    {
      "user": "浮力组装怪化喵",
      "date": "2015-06-03 15:41:33",
      "content": "4：3"
    },
    {
      "user": "拾伍。",
      "date": "2015-06-03 17:23:51",
      "content": "4-2"
    },
    {
      "user": "小抹布",
      "date": "2015-06-04 10:16:36",
      "content": "你知道的，敌人的敌人就是朋友，所以他们只能把打败勒布朗的美好祝愿寄托在一群乳臭未干的毛孩子身上。"
    },
    {
      "user": "忌牌坊",
      "date": "2015-06-04 10:19:56",
      "content": "今年勇士打得真心好，赢球密吧大多"
    },
    {
      "user": "MarlboroZ",
      "date": "2015-06-04 10:22:22",
      "content": "攒得一手好人品"
    },
    {
      "user": "小抹布",
      "date": "2015-06-04 10:26:10",
      "content": "并不是，我说真的。"
    },
    {
      "user": "小抹布",
      "date": "2015-06-04 10:26:43",
      "content": "2007 年 马刺 4:0 骑士， 2012 热火 4:1 雷霆 ，不是勇士打的不好，但是他们还缺少拿到总冠军的实力，库里也没有强到很多人以为的地步。"
    },
    {
      "user": "比巴卜的泡泡糖",
      "date": "2015-06-04 10:27:17",
      "content": "哈哈原来是其它29支球队的球迷都叛变成了勇士的粉."
    },
    {
      "user": "MarlboroZ",
      "date": "2015-06-04 10:36:01",
      "content": "那真是天真。"
    },
    {
      "user": "小抹布",
      "date": "2015-06-04 10:38:34",
      "content": "小弟弟你开心就好。"
    },
    {
      "user": "MarlboroZ",
      "date": "2015-06-04 10:39:28",
      "content": "不知道哪里来的自信。"
    },
    {
      "user": "小抹布",
      "date": "2015-06-04 10:42:11",
      "content": "你们这些都没有看过上个世纪的NBA比赛的人，当然不会懂。"
    },
    {
      "user": "小抹布",
      "date": "2015-06-04 10:42:24",
      "content": "噢，你开心就好。"
    },
    {
      "user": "MarlboroZ",
      "date": "2015-06-04 10:42:33",
      "content": "。。。请问你70后！？"
    },
    {
      "user": "小抹布",
      "date": "2015-06-04 10:46:48",
      "content": "97年香港回归的时候开始看球，那时候我刚进初中。"
    },
    {
      "user": "chocoolate",
      "date": "2015-06-04 10:48:10",
      "content": "骑士不横扫的话LZ吃翔么"
    },
    {
      "user": "小抹布",
      "date": "2015-06-04 10:49:59",
      "content": "年年都有人在本小组说，“谁谁谁不拿冠军，我就吃翔”，但是你见过几个？我只能默默的买上一注篮彩，小赌怡情一下。"
    },
    {
      "user": "糖醋水儿",
      "date": "2015-06-04 11:35:42",
      "content": "客观来说骑士赢面大，但我就是希望库里赢，爱咋咋地"
    },
    {
      "user": "小抹布",
      "date": "2015-06-04 11:39:30",
      "content": "无论谁赢，欣赏比赛最重要。"
    },
    {
      "user": "心海微蓝",
      "date": "2015-06-04 11:49:54",
      "content": "勇士骑士常规赛1:1打成平手，个人觉得勇士会笑到最后，因为第一勇士有主场优势，第二骑士的Love报销，球队实力受很大影响，我也没有说支持哪支球队～James能拿冠军也一样开心～"
    },
    {
      "user": "Allen",
      "date": "2015-06-04 11:50:21",
      "content": "楼主脑子坏了？"
    },
    {
      "user": "Faith_",
      "date": "2015-06-04 11:50:27",
      "content": "呵呵。詹詹自喜"
    },
    {
      "user": "Fantastic",
      "date": "2015-06-04 11:57:51",
      "content": "毕竟都是键盘党"
    },
    {
      "user": "糖醋水儿",
      "date": "2015-06-04 12:03:02",
      "content": "你都把比分预测了"
    },
    {
      "user": "陈在天",
      "date": "2015-06-04 16:40:07",
      "content": "我觉得库里有发挥情况下，4:2 骑士冠军，关键时刻怂了的话那就是被骑士横扫了"
    },
    {
      "user": "丸小姐",
      "date": "2015-06-04 20:58:33",
      "content": "骑士有经验，但是勇士阵容强，我觉得还是五五开"
    },
    {
      "user": "joe",
      "date": "2015-06-04 21:57:32",
      "content": "应该勇士胜算更大吧。"
    },
    {
      "user": "鸟人",
      "date": "2015-06-05 00:23:05",
      "content": "活在梦里"
    },
    {
      "user": "需要点不一样",
      "date": "2015-06-05 00:24:52",
      "content": "真希望库里赢"
    },
    {
      "user": "MarlboroZ",
      "date": "2015-06-05 11:53:52",
      "content": "说好的4比0呢"
    },
    {
      "user": "[已注销]",
      "date": "2015-06-05 11:56:43",
      "content": "啧啧啧"
    },
    {
      "user": "可乐",
      "date": "2015-06-06 01:01:35",
      "content": "就今天的赛果来看，你为国家省下了一吨天然肥料！"
    },
    {
      "user": "久违的御风者",
      "date": "2015-06-06 02:49:23",
      "content": "不可能，反过来差不多"
    },
    {
      "user": "小七",
      "date": "2015-06-06 03:07:40",
      "content": "骑士人品已光"
    },
    {
      "user": "sun",
      "date": "2015-06-06 10:41:58",
      "content": "真不知道哪里来的自信，要是lbj输了，是不连一帮乳臭未干的孩子都不如呢。还上世纪看的球，上世纪约翰逊新秀年就拿了总决赛mvp，你怎么不说他乳臭未干呢。"
    },
    {
      "user": "倚马",
      "date": "2015-06-06 10:46:28",
      "content": "已经1：0了"
    },
    {
      "user": "littlefish",
      "date": "2015-06-06 11:30:10",
      "content": "说得真好 lz呢？"
    },
    {
      "user": "littlefish",
      "date": "2015-06-06 11:33:14",
      "content": "似乎lz看了很多年球 然而并没啥用 骑士赢下系列赛的理由能给出个一二三吗？ 赢不了就说享受比赛 这谁都会 算了 不刺激lz了"
    },
    {
      "user": "呛司",
      "date": "2015-06-17 14:56:13",
      "content": "挖坟啪啪啪打脸，我上世纪还开始打篮球了呢，又看了看回复，觉得你看了这么多年球也是~~哎~~勇士打体系，阵容完整度强太多了"
    },
    {
      "user": "时光漫游",
      "date": "2015-06-17 14:58:20",
      "content": "汗……这坟被挖出来了啊，我就想不通了美国的媒体都认为勇士夺冠几率大，国内杂那么多人认为骑士赢，还有4:0的……是时候讨论下国人与米国人的思维模式了"
    },
    {
      "user": "[已注销]",
      "date": "2015-06-17 14:58:31",
      "content": "啪啪啪"
    },
    {
      "user": "阳光和春风",
      "date": "2015-06-18 00:15:56",
      "content": "事实胜于雄辩"
    },
    {
      "user": "不爽来咬我",
      "date": "2015-06-18 15:06:46",
      "content": "你分析的好对，好有道理，你好厉害哦！！"
    },
    {
      "user": "看！灰机",
      "date": "2015-06-18 15:27:44",
      "content": "猜对了 啊"
    }
  ]
}