{
  "title": "老詹挺不容易的。。",
  "topic": {
    "name": "奇异果小朋友",
    "date": "2015-06-05 22:36:09",
    "content": "老詹挺不容易的。。"
  },
  "pages": [],
  "replys": [
    {
      "user": "拾伍。",
      "date": "2015-06-08 16:11:08",
      "content": "骑士会赢的。"
    },
    {
      "user": "donjon",
      "date": "2015-06-05 22:41:11",
      "content": "嗯，蜗壳也挺不容易的"
    },
    {
      "user": "奇异果小朋友",
      "date": "2015-06-08 11:29:01",
      "content": "一个人扛起了一个队硬生生的就赢了"
    },
    {
      "user": "柒♂",
      "date": "2015-06-08 11:30:08",
      "content": "真是，本来只是看看热闹，突然特别希望骑士能拿冠军。。"
    },
    {
      "user": "奇异果小朋友",
      "date": "2015-06-08 11:33:03",
      "content": "对啊"
    },
    {
      "user": "Van迪赛尔",
      "date": "2015-06-08 14:38:27",
      "content": "勇士会赢的。"
    },
    {
      "user": "奇异果小朋友",
      "date": "2015-06-08 16:05:36",
      "content": "本来我也以为我刺会赢的"
    },
    {
      "user": "[已注销]",
      "date": "2015-06-08 16:10:58",
      "content": "骑士加油。希望可以赢下总冠军。"
    },
    {
      "user": "拾伍。",
      "date": "2015-06-08 16:11:08",
      "content": "骑士会赢的。"
    },
    {
      "user": "[已注销]",
      "date": "2015-06-08 16:14:52",
      "content": "不要  我喜欢库里"
    },
    {
      "user": "Van迪赛尔",
      "date": "2015-06-08 16:40:37",
      "content": "我刺好可惜"
    },
    {
      "user": "奇异果小朋友",
      "date": "2015-06-08 16:54:28",
      "content": "哎"
    },
    {
      "user": "fragment",
      "date": "2015-06-08 16:56:40",
      "content": "本来以为我登会赢的"
    },
    {
      "user": "密室游鱼",
      "date": "2015-06-08 17:00:45",
      "content": "不讨厌球场上的他，球场下他的嘴实在太臭"
    },
    {
      "user": "奇异果小朋友",
      "date": "2015-06-08 17:41:56",
      "content": "雷霆三少最爱就是你登"
    },
    {
      "user": "奇异果小朋友",
      "date": "2015-06-08 17:42:10",
      "content": "哈哈哈"
    },
    {
      "user": "奇异果小朋友",
      "date": "2015-06-08 17:42:21",
      "content": "嗯啊"
    },
    {
      "user": "奇异果小朋友",
      "date": "2015-06-08 17:42:34",
      "content": "我也喜欢啊"
    },
    {
      "user": "奇异果小朋友",
      "date": "2015-06-08 17:42:43",
      "content": "对啊"
    },
    {
      "user": "fragment",
      "date": "2015-06-08 17:42:54",
      "content": "我登若翻过勇士，我觉得就是总冠军了。哎"
    },
    {
      "user": "[已注销]",
      "date": "2015-06-08 17:43:13",
      "content": "所以我不想他输啊！"
    },
    {
      "user": "Ari2",
      "date": "2015-06-08 17:50:38",
      "content": "LBJ也30了，真想看到他在克利夫兰夺冠，这样也算圆满了"
    },
    {
      "user": "[已注销]",
      "date": "2015-06-08 18:18:07",
      "content": "嘴臭？我一直觉得老詹是黑人球员各方面的楷模阿，家庭和睦没有花边新闻 球场上脾气不大 也爱和队友打成一片 难道不是咩"
    },
    {
      "user": "南山下的落寞",
      "date": "2015-06-08 18:28:59",
      "content": "是啊。现在是最好的时机。这样子他回到骑士也圆满l退役的时候就不留遗憾了"
    },
    {
      "user": "南山下的落寞",
      "date": "2015-06-08 18:29:22",
      "content": "在黑人球员里面来说 场下私生活算是很不错的了"
    },
    {
      "user": "密室游鱼",
      "date": "2015-06-08 18:44:09",
      "content": "我从来不假摔，我要永远留在克里夫兰，我不会离开迈阿密(这句是被别人爆料的)，还要继续吗"
    },
    {
      "user": "[已注销]",
      "date": "2015-06-08 18:52:56",
      "content": "...外国人说话不是都是这个样子么"
    },
    {
      "user": "密室游鱼",
      "date": "2015-06-08 19:56:03",
      "content": "所以我更喜欢卡特和格兰特希尔，詹姆斯我从来不黑他球场上的事"
    },
    {
      "user": "密室游鱼",
      "date": "2015-06-08 19:57:28",
      "content": "是的，我觉得至少比某胡子强多了"
    },
    {
      "user": "爱我所艾",
      "date": "2015-06-08 20:04:53",
      "content": "这个不和男人说爱女人一辈子一样吗？纠结这个不矫情吗"
    },
    {
      "user": "[已注销]",
      "date": "2015-06-08 20:10:55",
      "content": "只能说詹姆斯在季后赛这一强度里是联盟现役球员里最棒的没有之一     我库还需要时间    只能说骑士运气太差   欧文乐福随便健康一个   必然夺冠"
    },
    {
      "user": "琉璃",
      "date": "2015-06-08 20:18:40",
      "content": "不能同意更多！詹姆斯今天好棒！"
    },
    {
      "user": "琉璃",
      "date": "2015-06-08 20:23:42",
      "content": "戴拉维多瓦防的好棒啊完美的替补了欧文，库里今天的表现不佳啊～希望骑士赢下去，不要停"
    },
    {
      "user": "奇异果小朋友",
      "date": "2015-06-08 20:24:05",
      "content": "是啊，毕竟欠克力夫兰一个冠军"
    },
    {
      "user": "奇异果小朋友",
      "date": "2015-06-08 20:25:19",
      "content": "回主场了真不容易"
    },
    {
      "user": "琉璃",
      "date": "2015-06-08 20:27:30",
      "content": "嗯嗯～"
    },
    {
      "user": "Haung",
      "date": "2015-06-08 20:28:41",
      "content": "库里今天水啊，詹姆斯确实没几个防得住"
    },
    {
      "user": "奇异果小朋友",
      "date": "2015-06-08 20:30:44",
      "content": "放眼联盟现在真心找不出来一个"
    },
    {
      "user": "密室游鱼",
      "date": "2015-06-08 21:08:45",
      "content": "对不起，我们不是一种人"
    },
    {
      "user": "爱我所艾",
      "date": "2015-06-08 21:09:42",
      "content": "你要是说到做到的人，那你就继续质疑吧"
    },
    {
      "user": "Haung",
      "date": "2015-06-09 04:51:32",
      "content": "卡哇伊还行，一哥其实也算是不错的了"
    },
    {
      "user": "Mr.Dracula",
      "date": "2015-06-16 02:23:55",
      "content": "这种话特么几乎每个职业运动员都说过好吗？而且越是有资格说这话越说明对母队贡献大。范佩西离开阿森纳前一个赛季还在说要在阿森纳退役呢。这黑的我一个路人都看不下去了，用成年人的角度思考问题OK？"
    },
    {
      "user": "阳光和春风",
      "date": "2015-06-16 07:30:07",
      "content": "我觉得啊，詹皇虽屌，但是毕竟是一个人啊，骑士要赢真的很不容易。再者勇士也有精兵悍将，库里 汤姆森都不是吃素的啊。勇士外线是那么厉害，骑士如果只有詹皇，那赢的希望渺茫。"
    },
    {
      "user": "奇异果小朋友",
      "date": "2015-06-16 11:40:14",
      "content": "G5没打完的时候谁也不敢说勇士会赢，天王山勇士拿下了，一天没打完都很难说的。13年我刺跟热火就是好例子，只能说勇士赢的机会比较大。"
    }
  ]
}