{
  "title": "决战柏林：尤文图斯 - 巴塞罗那",
  "topic": {
    "name": "s'HongweiZ",
    "date": "2015-06-07 01:02:47",
    "content": "决战柏林：尤文图斯 - 巴塞罗那"
  },
  "pages": [],
  "replys": [
    {
      "user": "[已注销]",
      "date": "2015-06-07 05:14:26",
      "content": "比赛结束了。"
    },
    {
      "user": "YeolLoey",
      "date": "2015-06-07 05:19:14",
      "content": "巴萨3比1 赢了"
    },
    {
      "user": "月亮说",
      "date": "2015-06-07 05:32:05",
      "content": "结束了"
    },
    {
      "user": "s'HongweiZ",
      "date": "2015-06-07 05:35:58",
      "content": "尽力了\r虽败犹荣"
    },
    {
      "user": "[已注销]",
      "date": "2015-06-07 05:40:28",
      "content": "楼主已变肯德基早餐"
    },
    {
      "user": "s'HongweiZ",
      "date": "2015-06-09 15:40:12",
      "content": "也快变老妇人了"
    }
  ]
}