{
  "title": "明天的G4大家怎么看。。。",
  "topic": {
    "name": "xxscx丶",
    "date": "2015-06-11 18:17:59",
    "content": "明天的G4大家怎么看。。。"
  },
  "pages": [],
  "replys": [
    {
      "user": "忧郁的我",
      "date": "2015-06-11 18:20:47",
      "content": "骑士必须拿下啊！"
    },
    {
      "user": "三都 主",
      "date": "2015-06-11 18:40:15",
      "content": "如果能有第三场最后那段时间的表现，应该能拿下"
    },
    {
      "user": "xxscx丶",
      "date": "2015-06-11 18:44:53",
      "content": "历史上好像没有3-1逆转的吧"
    },
    {
      "user": "xxscx丶",
      "date": "2015-06-11 18:45:01",
      "content": "历史上好像没有3-1逆转的吧"
    },
    {
      "user": "螃蟹|Daddy²",
      "date": "2015-06-11 18:58:58",
      "content": "看"
    },
    {
      "user": "西蒙",
      "date": "2015-06-11 19:05:05",
      "content": "电视机前看！"
    },
    {
      "user": "[已注销]",
      "date": "2015-06-11 19:05:58",
      "content": "你是说总决赛吗"
    },
    {
      "user": "蓝朴",
      "date": "2015-06-11 19:06:39",
      "content": "看德拉"
    },
    {
      "user": "Jesscia",
      "date": "2015-06-11 19:07:06",
      "content": "同感"
    },
    {
      "user": "空白格",
      "date": "2015-06-11 19:10:48",
      "content": "骑士稳稳地！"
    },
    {
      "user": "蓝朴",
      "date": "2015-06-11 19:14:54",
      "content": "突然觉得贝弗利好好的，火箭会不会过勇士这关"
    },
    {
      "user": "SL-65",
      "date": "2015-06-11 19:19:42",
      "content": "还是骑士赢！"
    },
    {
      "user": "正义之心不可无",
      "date": "2015-06-11 20:14:26",
      "content": "库里得加油，总是为库里担心，捏把汗！感觉要赢很困难，毕竟勒布朗不是一般人！"
    },
    {
      "user": "tim21",
      "date": "2015-06-11 20:23:35",
      "content": "骑士要赢了基本就总冠军，勇士赢了骑士基本也洗白了"
    },
    {
      "user": "tim21",
      "date": "2015-06-11 20:24:10",
      "content": "希望我詹赢"
    },
    {
      "user": "xxscx丶",
      "date": "2015-06-11 21:08:40",
      "content": "恩"
    },
    {
      "user": "丸小姐",
      "date": "2015-06-11 21:17:15",
      "content": "用手机看～～～～～"
    }
  ]
}