{
  "title": "总决赛 第四场 直播互动",
  "topic": {
    "name": "埃克斯J",
    "date": "2015-06-12 09:41:50",
    "content": "总决赛 第四场 直播互动"
  },
  "pages": [],
  "replys": [
    {
      "user": "丶划痕",
      "date": "2015-06-12 10:10:03",
      "content": "……打爆骑士！"
    },
    {
      "user": "琉璃",
      "date": "2015-06-12 10:16:43",
      "content": "好心疼詹姆斯～～"
    },
    {
      "user": "琉璃",
      "date": "2015-06-12 10:16:43",
      "content": "好心疼詹姆斯～～"
    },
    {
      "user": "[已注销]",
      "date": "2015-06-12 10:22:53",
      "content": "骑士已经可怜到只有7人轮换了...几乎没有悬念了，比较可惜"
    },
    {
      "user": "抱拥这分钟",
      "date": "2015-06-12 10:49:09",
      "content": "感觉莫兹科夫现在很兴奋。。\r 哈哈哈，终于抓到机会证明自己了。。。"
    },
    {
      "user": "埃克斯J",
      "date": "2015-06-12 11:00:26",
      "content": "脑袋出血了 真可怜"
    },
    {
      "user": "埃克斯J",
      "date": "2015-06-12 11:00:38",
      "content": "也就碰上了勇士了"
    },
    {
      "user": "埃克斯J",
      "date": "2015-06-12 11:00:57",
      "content": "比新浪解说的团队人数还少"
    },
    {
      "user": "埃克斯J",
      "date": "2015-06-12 11:01:10",
      "content": "比赛精彩就好"
    },
    {
      "user": "[已注销]",
      "date": "2015-06-12 11:11:57",
      "content": "我猩已累傻QAQ"
    },
    {
      "user": "花弄影",
      "date": "2015-06-12 11:13:14",
      "content": "骑士已跪。。。"
    },
    {
      "user": "singsing2014",
      "date": "2015-06-12 11:24:20",
      "content": "骑士这场输定，还是连输3场"
    },
    {
      "user": "埃克斯J",
      "date": "2015-06-12 11:29:23",
      "content": "对啊，累傻了 都"
    },
    {
      "user": "埃克斯J",
      "date": "2015-06-12 11:29:36",
      "content": "神预测"
    },
    {
      "user": "琉璃",
      "date": "2015-06-12 12:15:01",
      "content": "唉～这次输得有点惨～"
    },
    {
      "user": "小七",
      "date": "2015-06-12 14:04:03",
      "content": "詹姆斯居然露屌了"
    },
    {
      "user": "埃克斯J",
      "date": "2015-06-12 14:53:21",
      "content": "看清了吗？  ~ 我这正好被字幕挡住了"
    },
    {
      "user": "埃克斯J",
      "date": "2015-06-12 14:53:36",
      "content": "太累了，没办法"
    },
    {
      "user": "小七",
      "date": "2015-06-12 14:55:35",
      "content": "有啊 我在虎扑上也看到了截图"
    },
    {
      "user": "琉璃",
      "date": "2015-06-12 15:37:05",
      "content": "嗯嗯～毕竟七个人～挺拼的"
    },
    {
      "user": "埃克斯J",
      "date": "2015-06-12 15:45:16",
      "content": "求jr赐图"
    },
    {
      "user": "小七",
      "date": "2015-06-12 19:54:27",
      "content": "豆瓣发不了！"
    }
  ]
}