{
  "title": "今天没比赛我们来晒技能吧～",
  "topic": {
    "name": "琉璃",
    "date": "2015-06-13 10:09:38",
    "content": "今天没比赛我们来晒技能吧～"
  },
  "pages": [],
  "replys": [
    {
      "user": "二八",
      "date": "2015-06-13 10:11:52",
      "content": "三氧化二铁"
    },
    {
      "user": "琉璃",
      "date": "2015-06-13 10:13:24",
      "content": "在文科生面前晒理科真的好吗？"
    },
    {
      "user": "琉璃",
      "date": "2015-06-13 10:15:54",
      "content": "我是不是该回复你Fe③O②"
    },
    {
      "user": "迷雾森林",
      "date": "2015-06-13 10:16:29",
      "content": "就是三投两中"
    },
    {
      "user": "琉璃",
      "date": "2015-06-13 10:17:18",
      "content": "囧rz～又丢人了～"
    },
    {
      "user": "二八",
      "date": "2015-06-13 10:17:56",
      "content": "哈哈窝壳绝技"
    },
    {
      "user": "琉璃",
      "date": "2015-06-13 10:19:15",
      "content": "说明我是专业文科伪球迷"
    },
    {
      "user": "迷雾森林",
      "date": "2015-06-13 10:20:16",
      "content": "蜗壳不是四氧化三铁吗"
    },
    {
      "user": "二八",
      "date": "2015-06-13 10:22:33",
      "content": "蜗壳打铁鼻祖。。轻黑"
    },
    {
      "user": "二八",
      "date": "2015-06-13 10:22:57",
      "content": "觉得谁夺冠"
    },
    {
      "user": "琉璃",
      "date": "2015-06-13 10:28:29",
      "content": "看完G4觉得骑士人手不够啊～要是jr能发挥得好一点的话骑士还有戏～勇士打得越发的有自己的节奏了"
    },
    {
      "user": "二八",
      "date": "2015-06-13 10:32:03",
      "content": "勇士这都不赢可以拉去挖煤了。希望骑士加油，令人尊敬"
    },
    {
      "user": "琉璃",
      "date": "2015-06-13 10:33:37",
      "content": "哈哈～骑士赢不赢詹姆斯也是冠军～"
    },
    {
      "user": "hlccc",
      "date": "2015-06-13 10:44:05",
      "content": "手好小，用指尖抓球也是醉了"
    },
    {
      "user": "琉璃",
      "date": "2015-06-13 10:46:06",
      "content": "你去试试再说话～囧rz抓起来就够不容易的了～"
    },
    {
      "user": "hlccc",
      "date": "2015-06-13 10:51:54",
      "content": "手小是挺不容易抓的…"
    },
    {
      "user": "琉璃",
      "date": "2015-06-13 10:56:51",
      "content": "你手多大…你说我19cm的手小…"
    },
    {
      "user": "123wanxiang",
      "date": "2015-06-13 11:16:51",
      "content": "转身后仰跳投。。。。"
    },
    {
      "user": "琉璃",
      "date": "2015-06-13 11:20:04",
      "content": "Go Go Go"
    },
    {
      "user": "desire",
      "date": "2015-06-13 11:49:15",
      "content": "卧槽，为啥我也是指尖怎么就捏不起来呢。。。"
    },
    {
      "user": "琉璃",
      "date": "2015-06-13 12:03:25",
      "content": "好好练一下～～"
    },
    {
      "user": "desire",
      "date": "2015-06-13 12:04:34",
      "content": "练啥"
    },
    {
      "user": "琉璃",
      "date": "2015-06-13 12:08:25",
      "content": "多抓几次球就好了"
    },
    {
      "user": "琉璃",
      "date": "2015-06-13 16:49:39",
      "content": "挺无聊的…为啥大周末没有个球赛啥的～"
    }
  ]
}