{
  "title": "JORDAN-KOBE-LBJ",
  "topic": {
    "name": "帶菜刀的詩人",
    "date": "2015-06-13 23:51:13",
    "content": "JORDAN-KOBE-LBJ"
  },
  "pages": [],
  "replys": [
    {
      "user": "不爽来咬我",
      "date": "2015-06-16 11:06:06",
      "content": "LBJ的冠军闪着韦德的光，好刺眼。"
    },
    {
      "user": "Frank",
      "date": "2015-06-14 20:30:21",
      "content": "哈哈~~~"
    },
    {
      "user": "三都 主",
      "date": "2015-06-14 20:44:45",
      "content": "乔老爷这些奖杯，无人能敌"
    },
    {
      "user": "二八",
      "date": "2015-06-14 20:59:44",
      "content": "老流氓"
    },
    {
      "user": "perhaps",
      "date": "2015-06-14 21:34:19",
      "content": "真的是这样吗？差距也太悬殊了"
    },
    {
      "user": "螃蟹|Daddy²",
      "date": "2015-06-16 07:24:32",
      "content": "早就不是这个图的样子了····\r 而且科比的几个冠军奖杯上面闪着奥尼尔的光，好刺眼"
    },
    {
      "user": "正正有正",
      "date": "2015-06-16 11:03:43",
      "content": "呵呵"
    },
    {
      "user": "不爽来咬我",
      "date": "2015-06-16 11:06:06",
      "content": "LBJ的冠军闪着韦德的光，好刺眼。"
    }
  ]
}