{
  "title": "在上海的。。。国安球迷",
  "topic": {
    "name": "YUKI",
    "date": "2015-06-13 23:24:31",
    "content": "在上海的。。。国安球迷"
  },
  "pages": [],
  "replys": [
    {
      "user": "[已注销]",
      "date": "2015-06-13 23:25:56",
      "content": "屌"
    },
    {
      "user": "一个行人",
      "date": "2015-06-13 23:58:55",
      "content": "挺好的，继续喜欢下去"
    },
    {
      "user": "YUKI",
      "date": "2015-06-14 00:00:46",
      "content": "可惜在上海。。"
    },
    {
      "user": "YUKI",
      "date": "2015-06-14 00:01:03",
      "content": "嗯嗯"
    },
    {
      "user": "baggio",
      "date": "2015-06-14 00:07:27",
      "content": "辛苦了"
    },
    {
      "user": "[已注销]",
      "date": "2015-06-14 00:11:13",
      "content": "每次都跑去北京?"
    },
    {
      "user": "YUKI",
      "date": "2015-06-14 00:16:07",
      "content": "与国安一起战斗！"
    },
    {
      "user": "YUKI",
      "date": "2015-06-14 00:16:40",
      "content": "经常去，但是没赶上过主场，都是远征去看客场"
    },
    {
      "user": "[已注销]",
      "date": "2015-06-14 00:17:19",
      "content": "真铁杆你是怎么做到的"
    },
    {
      "user": "baggio",
      "date": "2015-06-14 00:17:23",
      "content": "我并不是国安的死忠，但身为球迷，对你表示理解支持"
    },
    {
      "user": "YUKI",
      "date": "2015-06-14 00:17:56",
      "content": "我是伪球迷"
    },
    {
      "user": "YUKI",
      "date": "2015-06-14 00:18:03",
      "content": "谢谢～～～"
    },
    {
      "user": "[已注销]",
      "date": "2015-06-14 00:21:28",
      "content": "每次客场去花费也不少还有是怎么和他们能够合影"
    },
    {
      "user": "YUKI",
      "date": "2015-06-14 00:25:15",
      "content": "客场也是就近去嘛。。。合影非常简单啦，趴在在外场看他们训练～～～"
    },
    {
      "user": "[已注销]",
      "date": "2015-06-14 00:27:48",
      "content": "你肯定走后门"
    },
    {
      "user": "剁椒鱼头",
      "date": "2015-06-14 00:28:22",
      "content": "辛苦了，在上海"
    },
    {
      "user": "YUKI",
      "date": "2015-06-14 00:30:27",
      "content": "并没有。。。"
    },
    {
      "user": "YUKI",
      "date": "2015-06-14 00:30:47",
      "content": "身边到处申花上港球迷。。好孤独"
    },
    {
      "user": "[已注销]",
      "date": "2015-06-14 00:31:19",
      "content": "下次带上我"
    },
    {
      "user": "剁椒鱼头",
      "date": "2015-06-14 00:31:26",
      "content": "周一去上海，带去北京球迷的问候给楼主"
    },
    {
      "user": "YUKI",
      "date": "2015-06-14 00:32:19",
      "content": "国安球迷嘛？"
    },
    {
      "user": "YUKI",
      "date": "2015-06-14 00:32:38",
      "content": "欢迎来上海～～～～～"
    },
    {
      "user": "[已注销]",
      "date": "2015-06-14 00:33:30",
      "content": "我曼联球迷"
    },
    {
      "user": "YUKI",
      "date": "2015-06-14 00:34:39",
      "content": "我拜仁！"
    },
    {
      "user": "[已注销]",
      "date": "2015-06-14 00:35:52",
      "content": "记得曼联三冠王吗哈哈哈哈"
    },
    {
      "user": "YUKI",
      "date": "2015-06-14 00:36:27",
      "content": "不要在这里吵起来。。。哼哼"
    },
    {
      "user": "[已注销]",
      "date": "2015-06-14 00:37:34",
      "content": "很喜欢埃芬博格和卡恩"
    }
  ]
}