{
  "title": "昨天晚上梦见詹姆斯绝杀勇士",
  "topic": {
    "name": "Pierce",
    "date": "2015-06-14 15:05:48",
    "content": "昨天晚上梦见詹姆斯绝杀勇士"
  },
  "pages": [],
  "replys": [
    {
      "user": "邓不高兴",
      "date": "2015-06-14 15:07:47",
      "content": "(っ╥╯﹏╰╥c)可惜我支持骑士，然而我并不乐观"
    },
    {
      "user": "Pierce",
      "date": "2015-06-14 15:12:06",
      "content": "阵容不整，7人轮换，尽力了就好"
    },
    {
      "user": "Frank",
      "date": "2015-06-14 20:36:05",
      "content": "希望借你吉言"
    },
    {
      "user": "suunto  东",
      "date": "2015-06-14 21:30:23",
      "content": "希望上帝能听到你的心声！06年勒布朗迷留"
    },
    {
      "user": "喵11和孙小美。",
      "date": "2015-06-15 11:01:51",
      "content": "真真切切的证明了我妈说的，梦是反的。"
    }
  ]
}