{
  "title": "别怨詹姆斯，他很棒了",
  "topic": {
    "name": "黑白之间",
    "date": "2015-06-17 11:51:27",
    "content": "别怨詹姆斯，他很棒了"
  },
  "pages": [],
  "replys": [
    {
      "user": "黑白之间",
      "date": "2015-06-17 12:12:27",
      "content": "心里只有一个MVP，詹姆斯！"
    },
    {
      "user": "一枚搬运工",
      "date": "2015-06-17 11:52:33",
      "content": "是的，很棒！！支持+1"
    },
    {
      "user": "[已注销]",
      "date": "2015-06-17 12:04:03",
      "content": "祝贺勇士夺冠，但依然支持詹姆斯，别放弃，明年再来"
    },
    {
      "user": "Joe",
      "date": "2015-06-17 12:07:27",
      "content": "1打5也不簡單了"
    },
    {
      "user": "大雄先生",
      "date": "2015-06-17 12:11:53",
      "content": "大将"
    },
    {
      "user": "黑白之间",
      "date": "2015-06-17 12:12:27",
      "content": "心里只有一个MVP，詹姆斯！"
    },
    {
      "user": "慧眼识猪。",
      "date": "2015-06-17 15:03:22",
      "content": "自己才是最粗的大腿啊"
    },
    {
      "user": "时光漫游",
      "date": "2015-06-17 15:07:25",
      "content": "作为詹黑也表示下支持哈……表现还是没得挑剔的"
    },
    {
      "user": "[已注销]",
      "date": "2015-06-17 15:29:20",
      "content": "mvp"
    },
    {
      "user": "江城",
      "date": "2015-06-17 15:39:22",
      "content": "没人怨詹姆斯啊"
    },
    {
      "user": "[已注销]",
      "date": "2015-06-17 15:44:13",
      "content": "你这帖子干净多了，我那边都快打起来了。。？"
    },
    {
      "user": "寻找",
      "date": "2015-06-17 15:50:19",
      "content": "谁怨他了？没人啊"
    },
    {
      "user": "donjon",
      "date": "2015-06-17 19:05:45",
      "content": "我是詹黑，但是我也是有良知的"
    },
    {
      "user": "马帮德",
      "date": "2015-06-17 19:10:28",
      "content": "打得不错，球队投不进球，没办法"
    },
    {
      "user": "一毛三带刀侍卫",
      "date": "2015-06-17 19:10:44",
      "content": "神"
    },
    {
      "user": "一毛三带刀侍卫",
      "date": "2015-06-17 19:10:51",
      "content": "神"
    },
    {
      "user": "黑白之间",
      "date": "2015-06-17 20:56:34",
      "content": "你长的好看？ 你素质高？"
    },
    {
      "user": "夜空中的星星",
      "date": "2015-06-19 18:23:36",
      "content": "今年总决赛做到这份上很不容易了真心希望他能在骑士拿下一座总冠军"
    },
    {
      "user": "黑白之间",
      "date": "2015-06-19 18:25:53",
      "content": "是啊"
    },
    {
      "user": "Alex",
      "date": "2015-06-19 18:26:59",
      "content": "对对对...然后夏天跳出合同，把天赋带到公牛吧...感觉妥妥的三冠"
    },
    {
      "user": "夜空中的星星",
      "date": "2015-06-19 18:28:27",
      "content": "这样等到退役的时候也就不留遗憾了"
    }
  ]
}