{
  "title": "通杀最佳阵容",
  "topic": {
    "name": "Zu",
    "date": "2015-06-17 21:25:10",
    "content": "通杀最佳阵容"
  },
  "pages": [],
  "replys": [
    {
      "user": "看球不爽",
      "date": "2015-06-18 07:50:33",
      "content": "我觉得是一哥通杀最佳阵容"
    },
    {
      "user": "看球不爽",
      "date": "2015-06-18 07:50:33",
      "content": "我觉得是一哥通杀最佳阵容"
    },
    {
      "user": "Bat man",
      "date": "2015-06-18 07:53:59",
      "content": "让库里试试带着一批没轮换的CBA打球."
    },
    {
      "user": "螃蟹|Daddy²",
      "date": "2015-06-18 07:56:50",
      "content": "总决赛感觉是9v12"
    },
    {
      "user": "Van迪赛尔",
      "date": "2015-06-18 11:22:55",
      "content": "拿到东部冠军你们怎么不说人家cba"
    },
    {
      "user": "烧锅炉的小学生",
      "date": "2015-06-18 11:28:30",
      "content": "如果XX，那XXXXX\r 如果XX，那XXXXX\r 如果无伤，开拓者十连冠，有其它29队什么事了。"
    },
    {
      "user": "Zu",
      "date": "2015-06-22 13:20:47",
      "content": "一哥总决赛前只能算打的中规中矩"
    },
    {
      "user": "Zu",
      "date": "2015-06-22 13:21:25",
      "content": "让詹姆斯试试长到库里那么瘦弱"
    },
    {
      "user": "Zu",
      "date": "2015-06-22 13:22:17",
      "content": "如果张伯伦永远年轻，还有你们鸟儿事儿"
    },
    {
      "user": "Zu",
      "date": "2015-06-22 13:23:22",
      "content": "让詹来西部呗，西部阵容华丽，不过他未必敢来"
    },
    {
      "user": "可乐",
      "date": "2015-06-24 23:49:30",
      "content": "呆在东部小球会都被说抱大腿，去西部狗密墙头草们不得把胃喷出来？"
    }
  ]
}