{
  "title": "喜欢足球的朋友看过来——北京四惠竞技足球队招人",
  "topic": {
    "name": "天天天天懒",
    "date": "2015-06-18 14:50:57",
    "content": "喜欢足球的朋友看过来——北京四惠竞技足球队招人"
  },
  "pages": [],
  "replys": [
    {
      "user": "天天天天懒",
      "date": "2015-06-18 14:51:45",
      "content": "自己顶一个先！"
    },
    {
      "user": "fxx",
      "date": "2015-06-18 14:58:05",
      "content": "看颜值感觉里面没有踢的好的。"
    },
    {
      "user": "天天天天懒",
      "date": "2015-06-18 15:02:16",
      "content": "要不和你的球队约一场比赛？踢一场就知道有没有踢的好的了！！！"
    }
  ]
}