{
  "title": "Go Big Or Go Home",
  "topic": {
    "name": "杨不帅大叔人生",
    "date": "2015-06-18 20:41:57",
    "content": "Go Big Or Go Home"
  },
  "pages": [],
  "replys": [
    {
      "user": "三都 主",
      "date": "2015-06-18 20:46:34",
      "content": "历史最佳小前锋，詹皇应该没有悬念了"
    },
    {
      "user": "Joe",
      "date": "2015-06-18 23:19:53",
      "content": "lbj超越ai太多了,ai就像悲劇英雄,lbj要的是錦上添花,榮歸故里"
    }
  ]
}