{
  "title": "一向以脑残无极限著称的国王和一向以空手套白狼著...",
  "topic": {
    "name": "luke",
    "date": "2015-06-23 12:18:24",
    "content": "一向以脑残无极限著称的国王和一向以空手套白狼著..."
  },
  "pages": [],
  "replys": [
    {
      "user": "[已注销]",
      "date": "2015-06-23 14:11:12",
      "content": "就算成了也不能算空手，兰德尔和乐透签不算少了"
    },
    {
      "user": "陈在天",
      "date": "2015-06-23 15:38:56",
      "content": "人家国王有湖人卧底 迪瓦茨"
    },
    {
      "user": "三都 主",
      "date": "2015-06-23 20:15:18",
      "content": "要是真成了，这里面最看不明的就属魔术了"
    },
    {
      "user": "luke",
      "date": "2015-06-23 23:47:34",
      "content": "考神已经是个成品。。了。。。。兰德尔和乐透谁知道是个什么东西"
    },
    {
      "user": "[已注销]",
      "date": "2015-06-24 02:16:30",
      "content": "这没办法，关系僵了无法修复还不如割肉，我只能说就筹码而言，这已经很不错了，看看近些年凡是被迫交易明星的，都才换了点什么"
    }
  ]
}