{
  "title": "有人记得克里斯蒂安森这个球员吗",
  "topic": {
    "name": "jjjjjjj",
    "date": "2015-06-26 11:08:25",
    "content": "有人记得克里斯蒂安森这个球员吗"
  },
  "pages": [],
  "replys": [
    {
      "user": "落水狗",
      "date": "2015-06-27 01:27:14",
      "content": "波鸿的德甲射手王吧"
    },
    {
      "user": "potteryclub",
      "date": "2015-07-08 00:19:40",
      "content": "波鸿射手王，曾经是巴萨的旧将"
    },
    {
      "user": "8mile",
      "date": "2015-07-09 17:09:10",
      "content": "cm0304丹麦妖人"
    },
    {
      "user": "伊拉栖木",
      "date": "2015-07-09 23:12:42",
      "content": "记得+1....波鸿的巴西人。。。"
    },
    {
      "user": "世界背背背",
      "date": "2015-07-20 20:08:57",
      "content": "我记得他是西班牙人。"
    },
    {
      "user": "世界背背背",
      "date": "2015-07-20 20:11:49",
      "content": "02至03赛季德甲最佳射手。\r或是问的不是他？在丹麦，这个名字很常见。"
    }
  ]
}