{
  "title": "今天足球有推荐的吗~",
  "topic": {
    "name": "妞妞",
    "date": "2015-07-01 16:16:34",
    "content": "今天足球有推荐的吗~"
  },
  "pages": [],
  "replys": [
    {
      "user": "上杉大爷",
      "date": "2015-07-01 16:39:54",
      "content": "早上不是踢了一场半决赛吗！"
    },
    {
      "user": "hulk",
      "date": "2015-07-01 16:41:10",
      "content": "网上不能买足彩后很少买了"
    },
    {
      "user": "妞妞",
      "date": "2015-07-01 16:55:06",
      "content": "我在看阿马卡这场"
    },
    {
      "user": "妞妞",
      "date": "2015-07-01 16:57:07",
      "content": "那不就都去实体店买"
    }
  ]
}