{
  "title": ".",
  "topic": {
    "name": "嗨，胖子",
    "date": "2015-07-09 02:57:09",
    "content": "."
  },
  "pages": [],
  "replys": [
    {
      "user": "[已注销]",
      "date": "2015-07-09 04:21:46",
      "content": "如果后悔可以理解，毕竟小牛没签下一个PG,对于DJ这种球员，配个破PG还打毛"
    },
    {
      "user": "[已注销]",
      "date": "2015-07-09 04:21:46",
      "content": "如果后悔可以理解，毕竟小牛没签下一个PG,对于DJ这种球员，配个破PG还打毛"
    },
    {
      "user": "GOKU",
      "date": "2015-07-09 10:17:54",
      "content": "我也是醉了"
    },
    {
      "user": "desire",
      "date": "2015-07-09 10:27:32",
      "content": "不是说乔丹就是觉得保罗影响了自己了发展么。。。不是号称要脱离pg变成全能战士么。。。没有pg不是正合他意么。。。"
    },
    {
      "user": "柒♂",
      "date": "2015-07-09 11:15:07",
      "content": "想起太阳当时围绕纳什打球的那帮人,后来也都发展得不咋地"
    },
    {
      "user": "红侠Joey",
      "date": "2015-07-09 11:16:53",
      "content": "已退货，差评"
    },
    {
      "user": "[已注销]",
      "date": "2015-07-09 11:52:21",
      "content": "谁知道……估计逗比型球员跟严肃型很难一起玩耍吧，比如科比和火花，尤其是季后赛那样输球后"
    },
    {
      "user": "desire",
      "date": "2015-07-09 12:01:48",
      "content": "恩。。。火花只剩逗比了。。。（代表蜗壳怒黑火花。。）"
    },
    {
      "user": "大牙菠萝",
      "date": "2015-07-09 12:05:08",
      "content": "大c还是需要强力sf或者sg吧"
    },
    {
      "user": "[已注销]",
      "date": "2015-07-09 12:07:17",
      "content": "哈哈哈 算了吧 你科已经老糊涂了 只知道添乱 要是火花还在湖人能这么惨吗"
    },
    {
      "user": "desire",
      "date": "2015-07-09 12:10:42",
      "content": "哪有。。。我觉得没差。。。火花这人吧，不能挽救我湖于水火。。。"
    },
    {
      "user": "llanoshine",
      "date": "2015-07-09 12:17:17",
      "content": "新欢旧爱摇摆不定，这不就是某星出轨的节奏吗"
    },
    {
      "user": "[已注销]",
      "date": "2015-07-09 12:17:28",
      "content": "季后赛怎么也是第一中锋的表现吧？再吸引来一个像样的至少能进季后赛吧"
    },
    {
      "user": "Joe",
      "date": "2015-07-09 12:24:38",
      "content": "讓他走吧,,少了cp3看還有那數據嗎？"
    },
    {
      "user": "Joe",
      "date": "2015-07-09 12:25:12",
      "content": "而且2000w是高估他身價了"
    },
    {
      "user": "desire",
      "date": "2015-07-09 12:53:47",
      "content": "这个嘛。。。我湖就只有进季候这种目标了么。。。"
    },
    {
      "user": "端木",
      "date": "2015-07-09 13:23:06",
      "content": "8700已经签了    皮队作用巨大"
    },
    {
      "user": "nweispace",
      "date": "2015-07-09 13:31:30",
      "content": "他船人品已经严重透支"
    },
    {
      "user": "嗨，胖子",
      "date": "2015-07-09 14:34:21",
      "content": "这…已经答应了签约然后就反悔。怎会有如此厚颜无耻之徒"
    },
    {
      "user": "嗨，胖子",
      "date": "2015-07-09 14:35:21",
      "content": "DJ就是个心机婊，借小牛来给自己增加地位"
    },
    {
      "user": "嗨，胖子",
      "date": "2015-07-09 14:35:54",
      "content": "soft…trying me"
    },
    {
      "user": "嗨，胖子",
      "date": "2015-07-09 14:36:13",
      "content": "try me"
    },
    {
      "user": "嗨，胖子",
      "date": "2015-07-09 14:37:22",
      "content": "发展的还不错…就是就已DJ这技术这智商，比起火花差远了"
    },
    {
      "user": "嗨，胖子",
      "date": "2015-07-09 14:37:59",
      "content": "库班已哭晕在厕所"
    },
    {
      "user": "嗨，胖子",
      "date": "2015-07-09 14:38:34",
      "content": "现在又跑回cp3的身边了…"
    },
    {
      "user": "desire",
      "date": "2015-07-09 14:39:48",
      "content": "对应的似乎是： i know you, old dog ??"
    },
    {
      "user": "嗨，胖子",
      "date": "2015-07-09 14:39:49",
      "content": "明年还有个前三保护的签，你湖加油。今年还是锻炼新人为主。毕竟斯科特可是摆烂的高手"
    },
    {
      "user": "嗨，胖子",
      "date": "2015-07-09 14:40:19",
      "content": "没错！pp功不可没！"
    },
    {
      "user": "嗨，胖子",
      "date": "2015-07-09 14:41:05",
      "content": "现在已经迫不及待想看到快船客场打小牛"
    },
    {
      "user": "嗨，胖子",
      "date": "2015-07-09 14:43:28",
      "content": "I know u ，dog"
    },
    {
      "user": "nweispace",
      "date": "2015-07-09 14:58:42",
      "content": "估计首战是快船暴虐小牛"
    },
    {
      "user": "红侠Joey",
      "date": "2015-07-09 15:03:47",
      "content": "不离不弃"
    },
    {
      "user": "红侠Joey",
      "date": "2015-07-09 15:04:13",
      "content": "小牛要摆烂"
    },
    {
      "user": "嗨，胖子",
      "date": "2015-07-09 15:17:53",
      "content": "那全场的嘘声~~"
    },
    {
      "user": "三都 主",
      "date": "2015-07-09 16:23:57",
      "content": "见鬼了！！"
    },
    {
      "user": "狐岐之水",
      "date": "2015-07-09 19:46:02",
      "content": "小乔还是适合在洛杉矶这样的大城市，达拉斯那偏远山区，办个事都得跑那么远，不好。。。"
    },
    {
      "user": "嗨，胖子",
      "date": "2015-07-09 19:47:42",
      "content": "你在逗我呢？达拉斯会山区？"
    },
    {
      "user": "狐岐之水",
      "date": "2015-07-09 19:57:43",
      "content": "亲，相比较而言啦。达拉斯至少没有洛杉矶那样繁华吧。。。"
    },
    {
      "user": "嗨，胖子",
      "date": "2015-07-09 22:55:53",
      "content": "ohoh"
    },
    {
      "user": "desire",
      "date": "2015-07-10 00:10:48",
      "content": "达拉斯现在挺繁华的，最关键的是加州的8000和德州的8000不是一个概念"
    },
    {
      "user": "嗨，胖子",
      "date": "2015-07-10 00:11:56",
      "content": "德州的税比较低吧…在加州拿得没有在德州多"
    },
    {
      "user": "desire",
      "date": "2015-07-10 00:13:02",
      "content": "就是这样滴~不过小乔丹志向远大想成为全明星球员，应该不在意这些"
    },
    {
      "user": "狐岐之水",
      "date": "2015-07-10 15:41:21",
      "content": "好吧，德州貌似免税。小乔应该还是考虑了队友的感情，从快船来看小乔还是蛮重感情的，但是从小牛来看，小乔就是说话不算话了。╮(╯▽╰)╭可怜的哭板和帕帅。。。"
    },
    {
      "user": "风吹麦浪",
      "date": "2015-07-10 15:48:58",
      "content": "小牛这个夏天亏大发了"
    },
    {
      "user": "嗨，胖子",
      "date": "2015-07-10 16:05:15",
      "content": "哈哈…最新消息说德隆有兴趣去小牛！！"
    },
    {
      "user": "嗨，胖子",
      "date": "2015-07-10 16:05:59",
      "content": "不怕，德隆准备来，名声也赚到了"
    },
    {
      "user": "狐岐之水",
      "date": "2015-07-10 16:09:20",
      "content": "(⊙o⊙)…小牛真是能折腾。德隆想当年也是一员猛将，现在。。。╮(╯▽╰)╭，只能这样了。。。"
    },
    {
      "user": "嗨，胖子",
      "date": "2015-07-10 16:10:14",
      "content": "不过据德隆的尿性，每次遇到58都会爆种"
    },
    {
      "user": "拉贝又派头",
      "date": "2015-07-10 16:11:07",
      "content": "去他妈的DJ"
    },
    {
      "user": "[已注销]",
      "date": "2015-07-10 16:16:00",
      "content": "火花本身就没领袖气质，没伤之前还有些老大实力，大伤后就是老二的命了"
    },
    {
      "user": "狐岐之水",
      "date": "2015-07-10 16:17:22",
      "content": "58？是谁。。"
    },
    {
      "user": "梦里梦见梦",
      "date": "2015-07-10 16:18:27",
      "content": "从此小乔丹黑，里弗斯的发言也是脑残"
    },
    {
      "user": "嗨，胖子",
      "date": "2015-07-10 16:18:37",
      "content": "小妞希望因祸得福咯…基德已助攻了个渣渣帕楚里亚"
    },
    {
      "user": "嗨，胖子",
      "date": "2015-07-10 16:18:49",
      "content": "保罗~~"
    },
    {
      "user": "嗨，胖子",
      "date": "2015-07-10 16:19:48",
      "content": "没错，看过之前湖人比赛的都知道之前是教练的问题…结果锅给科比背了。"
    },
    {
      "user": "狐岐之水",
      "date": "2015-07-10 16:20:43",
      "content": "那倒是，在爵士那会遇到黄蜂，那是见一次虐一次，保罗很无奈。。。"
    },
    {
      "user": "风吹麦浪",
      "date": "2015-07-10 16:22:11",
      "content": "德隆都废了。。。适合去快船或者骑士拿个底薪养老"
    },
    {
      "user": "嗨，胖子",
      "date": "2015-07-10 16:22:54",
      "content": "现在说小斯要去热火，这就舍不得了"
    },
    {
      "user": "嗨，胖子",
      "date": "2015-07-10 16:23:47",
      "content": "但是已德隆的尿性…每次遇到保罗都爆种~所以挺期待快船客场打小牛。哈哈哈哈哈"
    },
    {
      "user": "风吹麦浪",
      "date": "2015-07-10 16:26:50",
      "content": "那是以前，小胖那会儿还是联盟仅次于保罗的顶级控卫，现在都是各种被人爆"
    },
    {
      "user": "嗨，胖子",
      "date": "2015-07-10 16:27:54",
      "content": "还好吧，起码今年季后赛有场爆种，证明还是有实力，就是心态不够"
    },
    {
      "user": "风吹麦浪",
      "date": "2015-07-10 16:34:19",
      "content": "身体状态大不如以前了，而且感觉去了篮网整个精气神都没了"
    },
    {
      "user": "嗨，胖子",
      "date": "2015-07-10 16:40:57",
      "content": "对啊！所以也只能期待一下了，毕竟在爵士那个小胖也是不错的"
    },
    {
      "user": "风吹麦浪",
      "date": "2015-07-10 16:50:30",
      "content": "唉当年犹他双煞，拆开了两个都废了。。。"
    },
    {
      "user": "拉贝又派头",
      "date": "2015-07-10 17:17:12",
      "content": "我已经感觉到库总的fck已经饥渴难耐了"
    },
    {
      "user": "大冉",
      "date": "2015-07-10 17:29:19",
      "content": "没有保罗，他也就是个泰森钱德勒"
    },
    {
      "user": "GOKU",
      "date": "2015-07-10 17:35:45",
      "content": "泰森钱德勒不错啦"
    },
    {
      "user": "嗨，胖子",
      "date": "2015-07-10 18:45:21",
      "content": "suck my dick！！库班如此说到"
    },
    {
      "user": "嗨，胖子",
      "date": "2015-07-10 18:45:42",
      "content": "比较钱德勒智商还是不错的哈哈哈哈"
    },
    {
      "user": "狐岐之水",
      "date": "2015-07-10 21:10:21",
      "content": "两个傻芬和小乔凑在一起，那是绝配。。。"
    },
    {
      "user": "疑似良民",
      "date": "2015-07-10 21:59:15",
      "content": "智商是硬伤"
    },
    {
      "user": "欧死骨牛哥哥",
      "date": "2015-07-14 18:40:24",
      "content": "很多人对乔丹表示不屑。。。其实能做到像泰森钱德勒如此一个拿过最佳防守队员的人，已经非常不错了，已经值2000万了，何况考虑到这次季后赛整个团队的化学变化，这点钱一点也不冤。。。如果马刺没入阿德，其实明年最有希望夺冠的是快船，如果没了乔丹，下赛季基本无望了。。。"
    }
  ]
}