{
  "title": "阿德去年12月20那场比赛之后就已经决定加盟狗刺了！",
  "topic": {
    "name": "雪落红炉",
    "date": "2015-07-13 09:41:09",
    "content": "阿德去年12月20那场比赛之后就已经决定加盟狗刺了！"
  },
  "pages": [],
  "replys": [
    {
      "user": "雪落红炉",
      "date": "2015-07-13 09:48:07",
      "content": "不信可会看录像！"
    },
    {
      "user": "雪落红炉",
      "date": "2015-07-13 09:48:55",
      "content": "阿德被打服了 然后直摇头"
    },
    {
      "user": "雪落红炉",
      "date": "2015-07-13 09:49:16",
      "content": "要是那场比赛阿德界外救球的那个球裁判眼没瞎吹了，狗刺本赛季就第二了，还有火箭什么事"
    },
    {
      "user": "狐岐之水",
      "date": "2015-07-13 09:52:00",
      "content": "典型的事后诸葛亮，马后炮。。。"
    },
    {
      "user": "雪落红炉",
      "date": "2015-07-13 09:52:59",
      "content": "谁不是呢？哪些事情不是"
    },
    {
      "user": "狐岐之水",
      "date": "2015-07-13 09:57:04",
      "content": "其实可以选择不说话。。。"
    },
    {
      "user": "雪落红炉",
      "date": "2015-07-13 10:02:58",
      "content": "所有话题都是诞生于无聊......"
    }
  ]
}