{
  "title": "拜仁中国行比赛首发阵容预测",
  "topic": {
    "name": "你的谎言",
    "date": "2015-07-15 19:19:50",
    "content": "拜仁中国行比赛首发阵容预测"
  },
  "pages": [],
  "replys": [
    {
      "user": "励志前行切克闹",
      "date": "2015-07-16 14:45:13",
      "content": "这阵容和打德甲差不多的，一如既往"
    },
    {
      "user": "vvnvppplbj51357",
      "date": "2015-07-16 14:50:10",
      "content": "我们国家要是出一个罗本该多么完美的"
    },
    {
      "user": "好有趣地青山",
      "date": "2015-07-16 14:52:09",
      "content": "切克闹切克闹，比赛就是会精彩"
    },
    {
      "user": "新苹果蓝",
      "date": "2015-07-16 14:55:46",
      "content": "他对拜仁的重要性，很难用精确的言辞来形容。"
    },
    {
      "user": "沈阳立哥",
      "date": "2015-07-16 14:56:07",
      "content": "拜仁的配置确实是非常豪华的"
    },
    {
      "user": "玉化蝶",
      "date": "2015-07-16 15:01:49",
      "content": "要是可以在现场看到球赛，才是最棒的"
    },
    {
      "user": "mookclub蝎",
      "date": "2015-07-16 15:02:07",
      "content": "这中场简直是太过于奢侈了一些吧"
    },
    {
      "user": "lydia大河",
      "date": "2015-07-16 15:05:12",
      "content": "现在拜仁也是注重了对于技术的展现"
    },
    {
      "user": "kayla鲸鱼",
      "date": "2015-07-16 15:08:07",
      "content": "有了罗本的神级突破，神马滴都不怕的"
    },
    {
      "user": "孤寂mmm",
      "date": "2015-07-16 15:09:16",
      "content": "看了很有feel，自己也是一个支持拜仁队的人，赞一个了"
    },
    {
      "user": "窝艾窝dy6655",
      "date": "2015-07-16 15:13:07",
      "content": "受到大家喜欢就是因为他一直很稳定吧"
    },
    {
      "user": "w0rc大太阳",
      "date": "2015-07-16 15:15:12",
      "content": "令人难以抵挡的诱惑，毕竟这阵容确实是非常给力的"
    },
    {
      "user": "坭塘一蕾",
      "date": "2015-07-16 15:26:08",
      "content": "又看到俺家罗本会上场了，真不错"
    },
    {
      "user": "餐具里小敏",
      "date": "2015-07-16 15:29:09",
      "content": "感觉就是这样，主力悉数到来的了，果断围观了"
    },
    {
      "user": "lm56696何",
      "date": "2015-07-19 17:03:07",
      "content": "我看完后确实流了鼻血，因为我喜欢的格策终于是来了的"
    },
    {
      "user": "2012john梦丹",
      "date": "2015-07-19 17:04:06",
      "content": "都在说拜仁队很强势，我是很喜欢"
    },
    {
      "user": "睡睡玲艳",
      "date": "2015-07-19 17:05:06",
      "content": "真球迷都是从德甲开始喜欢上拜仁"
    },
    {
      "user": "花花木头人",
      "date": "2015-07-19 17:08:06",
      "content": "居然有那么多的人支持拜仁，看来我的眼光还不赖的"
    },
    {
      "user": "花花木头人",
      "date": "2015-07-19 17:09:06",
      "content": "以前拜仁是高举高打，现在也玩地面流了"
    },
    {
      "user": "冰诺冯燕猪",
      "date": "2015-07-19 17:12:07",
      "content": "我是有点不敢相信，这样的阵容确实过于豪华了的"
    },
    {
      "user": "2012john梦丹",
      "date": "2015-07-19 17:14:07",
      "content": "中场球员我是喜欢格策的"
    },
    {
      "user": "2012john梦丹",
      "date": "2015-07-19 17:20:06",
      "content": "筒子们，如此豪华的阵容，真算是开了眼界"
    },
    {
      "user": "花花木头人",
      "date": "2015-07-19 17:21:04",
      "content": "我发现拜仁队好评如潮，这个可是很棒的"
    },
    {
      "user": "2012john梦丹",
      "date": "2015-07-19 17:25:07",
      "content": "不会吧，这是什么摇摆的节奏呢，真心是明星云集了的"
    },
    {
      "user": "睡睡玲艳",
      "date": "2015-07-19 17:28:09",
      "content": "有一种心驰神往的刺激感"
    },
    {
      "user": "睡睡玲艳",
      "date": "2015-07-19 17:32:08",
      "content": "来吧，拜仁的各位球星让我好好的爽上一把才行"
    },
    {
      "user": "lm56696何",
      "date": "2015-07-19 17:38:09",
      "content": "感觉拜仁就是学霸，我们的中超球队就是学渣"
    },
    {
      "user": "冰诺冯燕猪",
      "date": "2015-07-19 17:42:07",
      "content": "只求轻虐，每场比赛少进我们几个球才是好了"
    },
    {
      "user": "lm56696何",
      "date": "2015-07-19 17:49:06",
      "content": "队长拉姆才是全队的灵魂"
    },
    {
      "user": "睡睡玲艳",
      "date": "2015-07-19 17:50:07",
      "content": "跟大拜仁比起来，神马都是浮云有木有？"
    },
    {
      "user": "冰诺冯燕猪",
      "date": "2015-07-19 17:51:06",
      "content": "老夫预言每场至少进三球，有没有同感的？"
    },
    {
      "user": "2012john梦丹",
      "date": "2015-07-19 17:58:08",
      "content": "我泪奔了哈，果然是强大的阵容"
    },
    {
      "user": "devilpanda冰",
      "date": "2015-07-21 09:11:06",
      "content": "拉姆和博阿滕同样效力于德国国家队，他们的防手相当难突破"
    },
    {
      "user": "devilpanda冰",
      "date": "2015-07-21 09:12:07",
      "content": "看来这种绿茵激情的挑战确实太难得了"
    },
    {
      "user": "devilpanda冰",
      "date": "2015-07-21 09:13:08",
      "content": "最喜欢的里贝里不能出席这次比赛"
    },
    {
      "user": "devilpanda冰",
      "date": "2015-07-21 09:17:07",
      "content": "确实会是超强的阵容，相当看好。"
    },
    {
      "user": "最强部落",
      "date": "2015-07-21 10:25:07",
      "content": "拜仁球迷的集结令，确实是不能拒绝的"
    },
    {
      "user": "com太太",
      "date": "2015-07-21 10:26:06",
      "content": "绿茵场上的激情，就看我们如何来诠释了"
    },
    {
      "user": "青蛙ladytime",
      "date": "2015-07-21 10:27:07",
      "content": "相信拜仁的这些足球巨星们，会给我们留下最精彩的瞬间。"
    },
    {
      "user": "看海nicholas51",
      "date": "2015-07-21 10:28:08",
      "content": "就等待着可以去绿茵场上呐喊的时刻"
    },
    {
      "user": "运气好岚",
      "date": "2015-07-21 10:29:07",
      "content": "拜仁将和中国恒大过招，最后的赛况如何值得关注"
    },
    {
      "user": "傻蘑菇yyyy",
      "date": "2015-07-21 10:30:07",
      "content": "就等着大家踊跃报名，参与这样的激情时刻"
    },
    {
      "user": "向往晴天的能猫",
      "date": "2015-07-21 10:31:08",
      "content": "现在只是首发名单就已经让我们震撼了"
    },
    {
      "user": "普罗旺斯菲菲",
      "date": "2015-07-21 10:32:09",
      "content": "我觉得拜仁队的实力还是有目共睹的"
    },
    {
      "user": "更新kai",
      "date": "2015-07-21 10:33:08",
      "content": "北京的球迷们这次有幸在家门口观战了"
    },
    {
      "user": "抹茶风花雪月",
      "date": "2015-07-21 10:34:08",
      "content": "这场比赛还真是吸引到了诸多中国球迷的关注"
    },
    {
      "user": "戴草帽的莹莹",
      "date": "2015-07-21 10:35:08",
      "content": "我觉得超强的明星阵容还是很难忘的"
    }
  ]
}