{
  "title": "拜仁VS国际米兰，7月21决战上海滩！",
  "topic": {
    "name": "紫色地光线",
    "date": "2015-07-19 14:48:24",
    "content": "拜仁VS国际米兰，7月21决战上海滩！"
  },
  "pages": [],
  "replys": [
    {
      "user": "runningma",
      "date": "2015-07-25 10:29:06",
      "content": "精彩很快就要来了，说什么都不如等着看"
    },
    {
      "user": "刘洁doublechen",
      "date": "2015-07-25 10:30:06",
      "content": "这样对比起来，差距太小，不会平手吧！"
    },
    {
      "user": "埃菲尔稀饭",
      "date": "2015-07-25 10:31:06",
      "content": "肯定是长激烈的战斗，战斗的硝烟已经要出现了"
    },
    {
      "user": "科比tangwei",
      "date": "2015-07-25 10:32:06",
      "content": "哎呦，那拜仁的体力真的能行吗？？"
    },
    {
      "user": "mey尼玛",
      "date": "2015-07-25 10:33:07",
      "content": "我也是为偶像拜仁有很多的担心呢，不敢说了"
    },
    {
      "user": "lanna想念你",
      "date": "2015-07-25 10:35:07",
      "content": "就冲着这样的实力，我也要准时看比赛"
    },
    {
      "user": "尼莫fancystyle",
      "date": "2015-07-25 10:36:07",
      "content": "在中国能看到这样两个队伍比赛，知足了"
    },
    {
      "user": "东门良品",
      "date": "2015-07-25 10:37:06",
      "content": "想着那么优秀的球队同时出现，太刺激。"
    },
    {
      "user": "magicbao",
      "date": "2015-07-25 10:37:06",
      "content": "争夺冠军的队伍强的在一起才是最好看的比赛"
    },
    {
      "user": "有种大哥",
      "date": "2015-07-25 10:39:12",
      "content": "能实力派一起比赛，也是球迷最期待的。"
    },
    {
      "user": "forever",
      "date": "2015-07-25 10:39:15",
      "content": "生活中，拜仁和国米的支持率相当高"
    },
    {
      "user": "撕撕扯扯路人甲",
      "date": "2015-07-25 10:40:08",
      "content": "有点意思，让我满心都是期待比赛开始的想法"
    },
    {
      "user": "ber青蛙",
      "date": "2015-07-25 10:40:09",
      "content": "能战斗的帅气潇洒就是给粉丝最好的精彩了"
    },
    {
      "user": "froggenj毛小毛",
      "date": "2015-07-25 10:41:11",
      "content": "真为连续作战的拜仁有点担忧了，哎，努力努力！"
    },
    {
      "user": "野草jackyc",
      "date": "2015-07-25 10:41:11",
      "content": "不图差距多大，只求拜仁胜利，嘻嘻。"
    },
    {
      "user": "蛋蛋nasa",
      "date": "2015-07-25 10:43:07",
      "content": "还能得到球票是我没有想到的，感谢奥迪的给予"
    },
    {
      "user": "蘑菇panthe",
      "date": "2015-07-25 10:43:08",
      "content": "看出来了，当下最有实力的还是奥迪"
    },
    {
      "user": "随意而动志文",
      "date": "2015-07-25 10:43:10",
      "content": "谁家是奥迪车，开着一定很爽吧，我也想买"
    },
    {
      "user": "团团purple",
      "date": "2015-07-25 10:44:09",
      "content": "为了心中的奥迪，我也要努力的赚钱。"
    },
    {
      "user": "花花是潮驿",
      "date": "2015-07-25 10:44:13",
      "content": "奥迪汽车的标志最明显，我最喜欢这品牌的车"
    },
    {
      "user": "清峰goddessxxz",
      "date": "2015-07-25 10:46:06",
      "content": "都那么支持拜仁，可是体力减弱了咋办呀！"
    },
    {
      "user": "alwayswet木槿",
      "date": "2015-07-25 10:47:17",
      "content": "把拜仁和国米同时带到中国，就是实力的体现"
    },
    {
      "user": "凯诺幕组",
      "date": "2015-07-25 10:48:06",
      "content": "我看行，在平台上表达想法真的挺好"
    },
    {
      "user": "rains1991智峰",
      "date": "2015-07-25 10:48:08",
      "content": "天气很热，希望拜仁能好好的休息休息"
    },
    {
      "user": "crazy8845",
      "date": "2015-07-25 10:49:07",
      "content": "不好在这里说谁赢谁败，平台见分晓去"
    },
    {
      "user": "客观大易",
      "date": "2015-07-25 10:50:06",
      "content": "能为拜仁的体力担心的人都是最有爱的人"
    },
    {
      "user": "占星小巫小爪",
      "date": "2015-07-25 10:50:08",
      "content": "实在的说，这比赛还真是让人很揪心的"
    },
    {
      "user": "伯爵学妹",
      "date": "2015-07-25 10:51:05",
      "content": "能看看比赛，能给拜仁加油，我觉得是奢望"
    },
    {
      "user": "炸酱面的小鱼儿",
      "date": "2015-07-25 10:51:11",
      "content": "不管最后的结果了，就希望踢的精彩。"
    },
    {
      "user": "部落camilo",
      "date": "2015-07-25 10:52:05",
      "content": "最大的看点说的很对，奥迪给的相当出色"
    },
    {
      "user": "围脖君好女",
      "date": "2015-07-25 10:52:18",
      "content": "不过奥迪平台给的机会真好，一定要参与"
    },
    {
      "user": "anda小乐",
      "date": "2015-07-25 10:53:06",
      "content": "拜仁在鸟巢消耗了体力，这次还行不？"
    },
    {
      "user": "爷爷卖清风",
      "date": "2015-07-25 10:54:07",
      "content": "夏季的清凉奥迪给的很多，我也是喜欢"
    },
    {
      "user": "黛薇melody",
      "date": "2015-07-25 10:55:08",
      "content": "曾经就喜欢奥迪，看完这里更爱奥迪了"
    },
    {
      "user": "蛰伏中草鱼兄",
      "date": "2015-07-25 10:56:07",
      "content": "实力都太强了吧，我都不知道哪个会赢了"
    },
    {
      "user": "mrdesert童海倪",
      "date": "2015-07-25 10:57:08",
      "content": "不敢说谁最强，但胜利的一方绝对是最拽的"
    },
    {
      "user": "假装在文萱",
      "date": "2015-07-25 10:58:06",
      "content": "应该很好看，现在去平台看看自己的运气怎么样"
    },
    {
      "user": "纠结一朵花",
      "date": "2015-07-25 11:38:08",
      "content": "这一次结果还会重蹈覆辙吗？最好是去现场感受下"
    },
    {
      "user": "人情香",
      "date": "2015-07-25 11:39:06",
      "content": "拜仁的主将球员，也将会在这次对战中出现"
    },
    {
      "user": "恋上你童梦",
      "date": "2015-07-25 11:40:05",
      "content": "最好能去现场感受下这种激情，确实是机会难得"
    },
    {
      "user": "cxtefdqq46",
      "date": "2015-07-25 11:41:08",
      "content": "这样超强实力的两支球队，确实会给我们带来震撼的时刻"
    },
    {
      "user": "mellllll寒烟",
      "date": "2015-07-25 11:42:05",
      "content": "上海体育场马上就要开始比赛了，拜仁和国米值得期待"
    },
    {
      "user": "cxqmedka278",
      "date": "2015-07-25 11:43:08",
      "content": "对我来说，拜仁在哪，哪里就有我的关注"
    },
    {
      "user": "cherrylin弹",
      "date": "2015-07-25 11:44:07",
      "content": "嗯嗯，会准时看的，因为我很爱看球赛。"
    },
    {
      "user": "食蚁兽cf55",
      "date": "2015-07-25 11:45:05",
      "content": "盼望是必须的，知道拜仁来中国就一直在期待"
    },
    {
      "user": "善良秋秋",
      "date": "2015-07-25 11:46:11",
      "content": "能看看上海的比赛也觉得很刺激，对吧！"
    },
    {
      "user": "517bike布莱斯",
      "date": "2015-07-25 11:47:05",
      "content": "再一次交手的精彩值得期待，我也想看看"
    },
    {
      "user": "cfgfgg",
      "date": "2015-07-25 11:47:53",
      "content": "看吧，绝对精彩，比起来，\r实力都看的到的牛"
    },
    {
      "user": "流浪恋雨",
      "date": "2015-07-25 11:48:05",
      "content": "球迷们赶紧的准备好看比赛吧，嘿嘿"
    },
    {
      "user": "呀麒哥哥victor",
      "date": "2015-07-25 11:49:19",
      "content": "是哈，拜仁来上海那还有不欢迎的，必须支持"
    }
  ]
}