{
  "title": "下赛季西部应该很好看",
  "topic": {
    "name": "醉爱兔毛S",
    "date": "2015-07-21 14:59:07",
    "content": "下赛季西部应该很好看"
  },
  "pages": [],
  "replys": [
    {
      "user": "冬天晒太阳",
      "date": "2015-07-21 15:09:41",
      "content": "劳森还去火箭"
    },
    {
      "user": "夏夏夏夏天",
      "date": "2015-07-21 21:03:09",
      "content": "黑白二熊依然强硬"
    },
    {
      "user": "knight&暗夜",
      "date": "2015-07-21 21:28:42",
      "content": "下赛季西部好惨烈。。好担心又有关注球员会受伤。。"
    },
    {
      "user": "奇异果小朋友",
      "date": "2015-07-21 22:41:03",
      "content": "西南赛区几时都好看"
    },
    {
      "user": "[已注销]",
      "date": "2015-07-22 01:12:14",
      "content": "抓紧取消分区吧，要不又会出现快船第一轮打马刺之类"
    }
  ]
}