{
  "title": "有人去看法国欧洲杯吗？",
  "topic": {
    "name": "小viii",
    "date": "2015-07-22 00:35:43",
    "content": "有人去看法国欧洲杯吗？"
  },
  "pages": [],
  "replys": [
    {
      "user": "小小狗蛋",
      "date": "2015-07-22 01:12:25",
      "content": "哪个国家队的球迷"
    },
    {
      "user": "carrollon",
      "date": "2015-07-22 01:32:23",
      "content": "这么酷！"
    },
    {
      "user": "小viii",
      "date": "2015-07-22 10:25:51",
      "content": "没什么特别的偏好，如果要选的话就葡萄牙吧"
    },
    {
      "user": "繁星不过微澜",
      "date": "2015-07-22 11:16:40",
      "content": "幸运的娃 啥时候去"
    },
    {
      "user": "名字改了又改",
      "date": "2015-07-22 11:17:35",
      "content": "水果牙，别告诉我是奔着武僧去的...."
    },
    {
      "user": "玩啥豆瓣看书去",
      "date": "2015-07-22 11:20:26",
      "content": "哪一场？？"
    },
    {
      "user": "你若化成风",
      "date": "2015-07-22 11:32:28",
      "content": "明年呢\r赛程还没出呢"
    },
    {
      "user": "小viii",
      "date": "2015-07-22 13:19:16",
      "content": "决赛"
    },
    {
      "user": "小viii",
      "date": "2015-07-22 13:20:42",
      "content": "可是申票已经结束了呀"
    },
    {
      "user": "小viii",
      "date": "2015-07-22 13:22:51",
      "content": "你们行话我不懂，欧洲么就奔C罗了呀。。而且我喜欢葡萄牙这个国家。。懂球帝不要鄙视我"
    },
    {
      "user": "小道",
      "date": "2015-07-22 13:41:47",
      "content": "武僧就是佩佩。中后卫。"
    },
    {
      "user": "玩啥豆瓣看书去",
      "date": "2015-07-22 14:31:41",
      "content": "羡慕。。。。。"
    },
    {
      "user": "玩啥豆瓣看书去",
      "date": "2015-07-22 14:32:15",
      "content": "我就觉得佩佩挺可爱的啊！！"
    },
    {
      "user": "名字改了又改",
      "date": "2015-07-22 14:38:25",
      "content": "清醒的时候可爱，不清醒的时候可恨"
    },
    {
      "user": "玩啥豆瓣看书去",
      "date": "2015-07-22 14:40:22",
      "content": "哈哈  其实我觉得还好。。。他犯傻撞穆勒的时候我觉得超级萌。。从此一生粉  哈哈  ps我是德国队球迷  (˶‾᷄ ⁻̫ ‾᷅˵)"
    },
    {
      "user": "Andy",
      "date": "2015-07-22 15:51:14",
      "content": "想去的话可以找我哦"
    },
    {
      "user": "小小狗蛋",
      "date": "2015-07-23 02:23:12",
      "content": "可我是西班牙的球迷。。。"
    },
    {
      "user": "clearlove",
      "date": "2015-07-27 15:17:44",
      "content": "去去去 我想去"
    },
    {
      "user": "小viii",
      "date": "2016-02-29 23:52:55",
      "content": "新的一轮扣款又好多人有票了???"
    }
  ]
}