{
  "title": "关于自由市场与球队补强",
  "topic": {
    "name": "rofen007",
    "date": "2015-07-22 22:29:12",
    "content": "关于自由市场与球队补强"
  },
  "pages": [],
  "replys": [
    {
      "user": "斗了一只鸡的眼",
      "date": "2015-07-23 19:37:39",
      "content": "你让莫雷躲哪里哭"
    },
    {
      "user": "夏夏夏夏天",
      "date": "2015-07-23 20:32:48",
      "content": "西部雷霆被你吃掉了？"
    },
    {
      "user": "HOHO",
      "date": "2015-07-24 03:01:16",
      "content": "感觉下赛季勇士冲出重围概率很低。"
    },
    {
      "user": "rofen007",
      "date": "2015-07-24 12:34:01",
      "content": "实力差不多，就是看伤病情况"
    }
  ]
}