{
  "title": "关于我科跟腱撕裂后回归的表现。。",
  "topic": {
    "name": "knight&暗夜",
    "date": "2015-07-24 05:57:10",
    "content": "关于我科跟腱撕裂后回归的表现。。"
  },
  "pages": [],
  "replys": [
    {
      "user": "螃蟹|Daddy²",
      "date": "2015-07-24 08:05:52",
      "content": "你是认真的吗？"
    },
    {
      "user": "Mr.Dracula",
      "date": "2015-07-24 09:27:43",
      "content": "丧心病狂"
    },
    {
      "user": "渐渐忘了耶",
      "date": "2015-07-24 10:48:02",
      "content": "今年湖人真心够呛能季后，但估计能比上赛季好。"
    },
    {
      "user": "knight&暗夜",
      "date": "2015-07-24 11:21:33",
      "content": "要不是因为年龄问题。。。"
    },
    {
      "user": "螃蟹|Daddy²",
      "date": "2015-07-24 11:57:02",
      "content": "科比得81分的06-07赛季，球队有拜纳姆，奥多姆等人，湖人42胜40负\r那算是科比带队在加索尔到来前最好的一个赛季，胜率刚过5成\r 上赛季西部第8的是西南赛区最后一名的鹈鹕队，勉强靠击败马刺蹭进季后赛\r他们赢了45场。而湖人上赛季赢了21场\r 在西部进季后赛41场主场41场客场，其中自己赛区要打2主2客，另外两个分赛区也是2主2客，具体哪两个分赛区要看赛程\r 也就是说湖人要大概多赢30场比赛，并且要以高胜率打败自己赛区的快船，勇士\r 以及西南赛区的5支球队：\r 火箭，小牛，灰熊，马刺，鹈鹕\r 这还只是蹭进季后赛\r 你说还要夺冠，勇士常规赛赢了68场而且没什么伤病季后赛一路不伤才打败了骑士\r 那么湖人常规赛要完全满血不伤的多赢47场才有机会\r “要不是因为年龄问题。。。”\r 我觉得这不是年龄问题那么简单的吧····科比哪个年龄段能帮球队多赢47场的？"
    },
    {
      "user": "rofen007",
      "date": "2015-07-24 12:30:51",
      "content": "不可能再夺冠了，除非去别的队抱大腿"
    },
    {
      "user": "knight&暗夜",
      "date": "2015-07-24 13:49:25",
      "content": "又没有哪个冠军球队是一人带队打出战绩的。。。说在原有的冠军阵容下。。科比伤愈复出后能打到什么水平。。。就上赛季湖人的阵容，就算乔神巅峰也拿不到总冠军的吧"
    },
    {
      "user": "螃蟹|Daddy²",
      "date": "2015-07-24 13:58:49",
      "content": "我同意你说的\r这就解答了标题内容了"
    }
  ]
}