{
  "title": "讨论一下火箭今年选中的两位新秀",
  "topic": {
    "name": "狐岐之水",
    "date": "2015-08-31 10:03:51",
    "content": "讨论一下火箭今年选中的两位新秀"
  },
  "pages": [],
  "replys": [
    {
      "user": "[已注销]",
      "date": "2015-08-31 10:12:42",
      "content": "上虎扑跟豆瓣都费电  直接上虎扑吧"
    },
    {
      "user": "三都 主",
      "date": "2015-08-31 13:43:47",
      "content": "不错，尤其是哈勒尔"
    },
    {
      "user": "狐岐之水",
      "date": "2015-08-31 16:12:49",
      "content": "是么，据说有望成为下一个法理德，不知道是不是真的有这么潜力。"
    },
    {
      "user": "三都 主",
      "date": "2015-08-31 16:41:00",
      "content": "是发型看着彪悍所以像吧，我不觉得两人的风格相似"
    },
    {
      "user": "狐岐之水",
      "date": "2015-08-31 17:05:41",
      "content": "好吧，我预计熬不过新秀季就会被甩卖。。。"
    },
    {
      "user": "[已注销]",
      "date": "2015-09-01 09:26:53",
      "content": "德克尔原本预测乐透秀，掉到18，臂展和速度都很吸引人，还有控球和射程，让人想起钱德勒-现在是牛夫人-帕森斯，潜力较大。哈勒尔属于野兽派打法，多数以扣篮终结，身高偏矮，能不能打出来现在还不好说，但也原本是乐透行情，这个顺位摘到也是捡了宝。"
    },
    {
      "user": "Theo",
      "date": "2015-09-08 09:39:21",
      "content": "哈勒尔跟了个坑爹经纪人，弄不好自毁前程"
    },
    {
      "user": "狐岐之水",
      "date": "2015-09-08 10:04:02",
      "content": "火箭为什么非要签他？是因为规则么？还是他潜力巨大。。。"
    },
    {
      "user": "Theo",
      "date": "2015-09-08 10:48:12",
      "content": "选了就有签约权啊，不签也是可以的，除非他去海外打球，不然想让NBA其他球队签他只能让火箭交易其签约权。从夏联来看比队里其他球员高个层次，在甩掉多西，约什叛逃，海爷放弃后，现在火箭内线只有火花卡片莫泰琼斯四个人了，还是需要这么个有身体有活力有潜力甚至有点儿中投的内线的"
    },
    {
      "user": "狐岐之水",
      "date": "2015-09-09 10:26:04",
      "content": "好吧。抹泪一向精明，现在碰上这奇葩经纪人，算是倒了霉了。"
    },
    {
      "user": "端木",
      "date": "2015-09-25 09:34:59",
      "content": "借引邓大爷一句话：每年都选些我连名字都不会读瓜啊枣啊回来。"
    }
  ]
}