{
  "title": "这都不赢！情何以堪。",
  "topic": {
    "name": "没弄好",
    "date": "2015-09-03 21:19:02",
    "content": "这都不赢！情何以堪。"
  },
  "pages": [],
  "replys": [
    {
      "user": "安静与疯狂",
      "date": "2015-09-03 21:20:25",
      "content": "就张琳芃这水平真能去切尔西吗"
    },
    {
      "user": "没弄好",
      "date": "2015-09-03 21:22:42",
      "content": "还可以呀！去出租车也是租出去的说。"
    },
    {
      "user": "安静与疯狂",
      "date": "2015-09-03 21:23:08",
      "content": "哈哈"
    },
    {
      "user": "没弄好",
      "date": "2015-09-03 21:26:57",
      "content": "黑谁谁爆发！张绝杀给你看。哈哈"
    },
    {
      "user": "没弄好",
      "date": "2015-09-03 21:33:44",
      "content": "妈蛋，不招蒿"
    },
    {
      "user": "[已注销]",
      "date": "2015-09-03 21:37:22",
      "content": "4号踢的shi一样"
    },
    {
      "user": "没弄好",
      "date": "2015-09-03 21:39:21",
      "content": "姜今天踢得是一般！传中是和shit一样"
    },
    {
      "user": "小骗子",
      "date": "2015-09-03 22:20:45",
      "content": "开啥玩笑。。。。"
    },
    {
      "user": "没弄好",
      "date": "2015-09-03 23:43:18",
      "content": "哪里开玩笑了？切尔西外租30几个球员，出租车之名，谁人不知，也没啥恶意呀！张如果去切尔西因为劳工证，确定只能外租，这也是事实！"
    },
    {
      "user": "永远的",
      "date": "2015-09-04 00:02:14",
      "content": "中国球员还是技术功底太差了"
    },
    {
      "user": "永远的",
      "date": "2015-09-04 00:06:00",
      "content": "中国真是一个球星嘟没有，郑智嘟可以被经常委以重任，只能说明中国没有足球人才，郑智太没有进攻威胁性了，传球能力一般，防守一般，很多年了，问题就是中超像郑智这种特点球员太多了，去到欧洲根本无立足之地"
    },
    {
      "user": "永远的",
      "date": "2015-09-04 00:08:29",
      "content": "张莫撕的水平 能力还不足立足于切尔西 英超，如果能够去到欧洲，肯定对于他本人有更大的提高，但是在国内，可能他的水平在那个位置上他会觉得够了，很好了。"
    },
    {
      "user": "小骗子",
      "date": "2015-09-04 09:07:30",
      "content": "说的好像能来一样。"
    }
  ]
}