{
  "title": "和库里做队友同场竞技是种怎样的体验",
  "topic": {
    "name": "S",
    "date": "2015-09-09 15:19:37",
    "content": "和库里做队友同场竞技是种怎样的体验"
  },
  "pages": [],
  "replys": [
    {
      "user": "GOKU",
      "date": "2015-09-09 21:02:05",
      "content": "是不是有种传说中\"我奶奶跟他一队也夺冠\"的赶脚？"
    },
    {
      "user": "允儿er",
      "date": "2015-09-09 22:41:23",
      "content": "太幸运了"
    },
    {
      "user": "正义之心不可无",
      "date": "2015-09-10 11:48:46",
      "content": "感觉他的球技有多棒呢？我在重庆的三楼上看的，而且没有比赛！"
    },
    {
      "user": "S",
      "date": "2015-09-10 12:24:28",
      "content": "哈哈哈哈哈哈"
    },
    {
      "user": "S",
      "date": "2015-09-10 12:24:51",
      "content": "lucky~库里人也超级好"
    },
    {
      "user": "S",
      "date": "2015-09-10 12:25:10",
      "content": "毕竟MVP的水平……"
    },
    {
      "user": "允儿er",
      "date": "2015-09-10 13:34:18",
      "content": "能感受到，哈哈"
    },
    {
      "user": "ゃまと",
      "date": "2015-09-10 16:11:29",
      "content": "是不是可以随便喊 “投！有板！”？？？"
    },
    {
      "user": "kup",
      "date": "2015-09-11 20:42:57",
      "content": "好羡慕…"
    },
    {
      "user": "我是奥巴马",
      "date": "2015-09-11 21:04:01",
      "content": "MVP啊     难以想象"
    },
    {
      "user": "doubandoubi",
      "date": "2015-09-12 00:03:23",
      "content": "控制力还是有限！"
    },
    {
      "user": "正义之心不可无",
      "date": "2015-09-17 11:17:30",
      "content": "感觉他壮吗？"
    },
    {
      "user": "正义之心不可无",
      "date": "2015-09-17 11:18:00",
      "content": "觉得真实身高多少？"
    }
  ]
}