{
  "title": "刚才看见杨毅跟苏群坐一起了，日全食？",
  "topic": {
    "name": "周眠",
    "date": "2015-09-10 21:50:16",
    "content": "刚才看见杨毅跟苏群坐一起了，日全食？"
  },
  "pages": [],
  "replys": [
    {
      "user": "什么阴影魔障",
      "date": "2015-09-10 21:51:31",
      "content": "他们因为一个男人而走到一起"
    },
    {
      "user": "GOKU",
      "date": "2015-09-11 15:44:51",
      "content": "于嘉（用装逼的英文）问詹姆斯关于关键时刻扔锅的问题\r杨花花在一旁没忍住哈哈笑出声了"
    },
    {
      "user": "三都 主",
      "date": "2015-09-11 20:22:29",
      "content": "实在有点受不了瑜伽那样子，感觉就是詹皇除了韦德最好的朋友就是他一样。。。"
    },
    {
      "user": "周眠",
      "date": "2015-09-17 15:47:21",
      "content": "就是，让博士情何以堪"
    },
    {
      "user": "爱我所艾",
      "date": "2015-09-19 12:42:35",
      "content": "瑜伽那表情，跟便秘一样"
    },
    {
      "user": "炸酱面66号",
      "date": "2015-09-19 17:06:56",
      "content": "就是 我怎么那么讨厌瑜伽呢 那个比装的"
    }
  ]
}