{
  "title": "我的小破车。。",
  "topic": {
    "name": "小骗子",
    "date": "2015-09-12 22:14:57",
    "content": "我的小破车。。"
  },
  "pages": [],
  "replys": [
    {
      "user": "[已注销]",
      "date": "2015-09-13 01:14:34",
      "content": "奈史密斯厉害啊"
    },
    {
      "user": "世兰我好想你",
      "date": "2015-09-13 01:24:24",
      "content": "节哀"
    },
    {
      "user": "小骗子",
      "date": "2015-09-13 06:46:15",
      "content": "妈蛋，还是个备胎。。。"
    },
    {
      "user": "玩啥豆瓣看书去",
      "date": "2015-09-13 06:48:28",
      "content": "阿布哭晕在厕所"
    },
    {
      "user": "小骗子",
      "date": "2015-09-13 07:08:39",
      "content": "明明是破车的脑残粉。。"
    },
    {
      "user": "Weiss.W",
      "date": "2015-09-13 07:25:39",
      "content": "剑指降级圈"
    },
    {
      "user": "比巴卜的泡泡糖",
      "date": "2015-09-13 07:33:24",
      "content": "佩刀哭晕在厕所，同样是3-1怎么就站错队了呢"
    },
    {
      "user": "阿sa姆先生",
      "date": "2015-09-13 07:52:10",
      "content": "流年不利→_→"
    },
    {
      "user": "小骗子",
      "date": "2015-09-13 07:58:50",
      "content": "悲伤情绪蔓延到今天，看到懂球帝的各种别的队的推送。。。实在。想砸手机"
    },
    {
      "user": "[已注销]",
      "date": "2015-09-13 08:41:11",
      "content": "作为一个利物浦球迷…我也没睡好"
    },
    {
      "user": "牛虻头子",
      "date": "2015-09-13 08:47:10",
      "content": "利物浦球迷发来慰问信，先帮破车走出泥潭\r再帮利物浦打跑罗杰斯，连续四五场来个0.4 0.5的大比分，看罗杰斯走不走"
    },
    {
      "user": "小骗子",
      "date": "2015-09-13 09:33:50",
      "content": "桑德兰热刺纽卡，如果这三个队比赛完了，切尔西就到降级区了。。。。"
    },
    {
      "user": "小骗子",
      "date": "2015-09-13 09:34:03",
      "content": "今天都不知道要干嘛"
    },
    {
      "user": "黑马风格",
      "date": "2015-09-13 12:25:21",
      "content": "到达顶峰必会下落，给一两年重装上阵。阿扎尔和锋线疲软直接拖累了小法和后防，是整体的实力下降。今年看曼市双雄的了。"
    },
    {
      "user": "小骗子",
      "date": "2015-09-13 16:54:34",
      "content": "只看曼城好了。曼联，我看。。。"
    },
    {
      "user": "retrospect",
      "date": "2015-09-13 17:12:22",
      "content": "今年看得真是捉急，免费场少不说，还总是输"
    },
    {
      "user": "小骗子",
      "date": "2015-09-13 17:23:53",
      "content": "自从英超付费开始，就明白天下没有免费的午餐。。。买个新英死忠通也不贵"
    },
    {
      "user": "[已注销]",
      "date": "2015-09-13 17:26:39",
      "content": "今年也不知道怎么回事"
    },
    {
      "user": "玩啥豆瓣看书去",
      "date": "2015-09-13 18:00:12",
      "content": "你车今年不会要争四了吧"
    },
    {
      "user": "小骗子",
      "date": "2015-09-13 18:01:57",
      "content": "明明是保级。。切尔西马上就到降级区了"
    },
    {
      "user": "哼哈",
      "date": "2015-09-13 18:09:47",
      "content": "欲哭无泪"
    },
    {
      "user": "玩啥豆瓣看书去",
      "date": "2015-09-13 18:15:59",
      "content": "哈哈  降级这么酸爽我还不敢想  哈哈哈"
    },
    {
      "user": "小骗子",
      "date": "2015-09-13 19:50:42",
      "content": "想想当年多特。。我瞬间理解多特球迷了"
    },
    {
      "user": "小骗子",
      "date": "2015-09-13 19:51:11",
      "content": "简直了。。"
    },
    {
      "user": "玩啥豆瓣看书去",
      "date": "2015-09-13 22:42:36",
      "content": "我曾经就是。。。。只不过教练和最喜欢的球员都走了  所以也就没什么好留恋的了"
    },
    {
      "user": "小骗子",
      "date": "2015-09-13 23:38:57",
      "content": "然后现在喜欢破车？"
    },
    {
      "user": "玩啥豆瓣看书去",
      "date": "2015-09-14 01:56:19",
      "content": "我厂球迷好么！！！"
    },
    {
      "user": "木瓜天师",
      "date": "2015-09-14 03:53:54",
      "content": "穆里尼奥要完蛋了吧"
    },
    {
      "user": "小骗子",
      "date": "2015-09-14 07:46:16",
      "content": "哈哈哈哈哈哈哈哈哈哈哈，那你猜猜看下场谁会赢"
    },
    {
      "user": "小骗子",
      "date": "2015-09-14 07:46:29",
      "content": "看欧冠还有下场比赛"
    },
    {
      "user": "风停了多少年就过了",
      "date": "2015-09-14 08:07:35",
      "content": "相比我小破文，破车可以了"
    },
    {
      "user": "小骗子",
      "date": "2015-09-14 08:52:38",
      "content": "尤文？！"
    },
    {
      "user": "风停了多少年就过了",
      "date": "2015-09-14 08:54:02",
      "content": "嗯，已然保级队"
    },
    {
      "user": "小骗子",
      "date": "2015-09-14 09:00:56",
      "content": "开啥玩笑。。。有博格巴。。。有身价一亿欧元的球员呢"
    },
    {
      "user": "风停了多少年就过了",
      "date": "2015-09-14 09:01:39",
      "content": "车子还有杨坤呢"
    },
    {
      "user": "哼哈",
      "date": "2015-09-14 09:06:19",
      "content": "玩FIFA消消火"
    },
    {
      "user": "小骗子",
      "date": "2015-09-14 09:06:56",
      "content": "哈哈哈哈哈哈哈哈哈。"
    },
    {
      "user": "小骗子",
      "date": "2015-09-14 09:07:06",
      "content": "不会玩肿么破"
    },
    {
      "user": "哼哈",
      "date": "2015-09-14 09:08:32",
      "content": "很容易的"
    },
    {
      "user": "小骗子",
      "date": "2015-09-14 09:08:56",
      "content": "主要没培养出来。。"
    },
    {
      "user": "哼哈",
      "date": "2015-09-14 09:35:41",
      "content": "来，教你"
    },
    {
      "user": "小骗子",
      "date": "2015-09-14 09:42:22",
      "content": "还是不要了。。。"
    },
    {
      "user": "哼哈",
      "date": "2015-09-14 09:44:58",
      "content": "哈哈哈"
    },
    {
      "user": "shibin",
      "date": "2015-11-16 11:04:36",
      "content": "加个好友，come on  chelsea"
    }
  ]
}