{
  "title": "荔枝FM，状元秀第11期: 库里，李根，斯基蒂什维利",
  "topic": {
    "name": "螃蟹|Daddy²",
    "date": "2015-09-16 09:43:20",
    "content": "荔枝FM，状元秀第11期: 库里，李根，斯基蒂什维利"
  },
  "pages": [],
  "replys": [
    {
      "user": "囧囧有神晨小咩",
      "date": "2015-09-16 16:21:06",
      "content": "简直就是高产！！！！！！"
    },
    {
      "user": "螃蟹|Daddy²",
      "date": "2015-09-16 16:31:15",
      "content": "一周一期，我们的底线和极限"
    }
  ]
}