{
  "title": "美网决赛太精彩了！LZ是流着泪看完的！四巨头的比...",
  "topic": {
    "name": "哊熊氏 ^ω^",
    "date": "2015-09-24 15:21:12",
    "content": "美网决赛太精彩了！LZ是流着泪看完的！四巨头的比..."
  },
  "pages": [],
  "replys": [
    {
      "user": "铭清田",
      "date": "2015-09-24 15:45:20",
      "content": "失败不可怕，可怕的是失去信心"
    },
    {
      "user": "大鹿振",
      "date": "2015-09-24 15:49:21",
      "content": "不愧是德约，努力的把自己推到世界第一的位置上了，赞"
    },
    {
      "user": "菀铮秦",
      "date": "2015-09-24 15:52:14",
      "content": "我想知道是不是有重播啊！还想在看一次，体检一下那中炫酷的感觉。"
    },
    {
      "user": "灵识章",
      "date": "2015-09-24 16:00:27",
      "content": "德约夺冠了，真是精彩。"
    },
    {
      "user": "嘉勤乐",
      "date": "2015-09-24 16:13:36",
      "content": "哇塞，不愧是美国网球，真的好精彩"
    },
    {
      "user": "辣饼小星锌",
      "date": "2015-09-24 16:36:14",
      "content": "我也准备买个网球拍，网球服练习打网球，希望有一天我也是冠军！做下美梦嘻嘻"
    },
    {
      "user": "Mr. Pine",
      "date": "2015-09-24 18:18:12",
      "content": "确实好精彩，也可以遗忘因为大雨破坏的原本3个小时美梦时间，奶牛确实好强大！"
    }
  ]
}