{
  "title": "这就是马努！",
  "topic": {
    "name": "下一刻",
    "date": "2015-10-04 12:49:54",
    "content": "这就是马努！"
  },
  "pages": [],
  "replys": [
    {
      "user": "如晴天，似雨天",
      "date": "2015-10-04 13:01:52",
      "content": "每个突破都是艺术"
    },
    {
      "user": "下一刻",
      "date": "2015-10-04 12:50:42",
      "content": "格子衫中透着潇洒"
    },
    {
      "user": "如晴天，似雨天",
      "date": "2015-10-04 13:01:52",
      "content": "每个突破都是艺术"
    },
    {
      "user": "肖设计师",
      "date": "2015-10-04 19:38:04",
      "content": "难道他退役了？！"
    },
    {
      "user": "ゃまと",
      "date": "2015-10-07 20:38:08",
      "content": "刺迷赞一个！"
    },
    {
      "user": "Gi20bili",
      "date": "2015-10-17 15:50:54",
      "content": "没，续约两年了。"
    }
  ]
}