{
  "title": "周琦能进nba吗？",
  "topic": {
    "name": "紫色精灵虫",
    "date": "2015-10-04 20:29:20",
    "content": "周琦能进nba吗？"
  },
  "pages": [],
  "replys": [
    {
      "user": "visionary.",
      "date": "2015-10-04 21:21:07",
      "content": "想起了姚明刚到美国 也是瘦的不行不行的"
    },
    {
      "user": "小鹏",
      "date": "2015-10-06 17:40:56",
      "content": "暂时问题就是太瘦~觉得应该已经够格了，尤其是现在好的大个太少，多练点肉"
    },
    {
      "user": "Taciturn_宇铭潘",
      "date": "2015-10-06 19:49:53",
      "content": "感觉爵士戈波特的模板，但中国人光环应该可以提高点顺位，最低乐透"
    },
    {
      "user": "该叫什么",
      "date": "2015-10-06 20:29:11",
      "content": "14-16的吧"
    },
    {
      "user": "上杉1988",
      "date": "2015-10-06 21:05:59",
      "content": "这身板？除了库里那样的。"
    },
    {
      "user": "三都 主",
      "date": "2015-10-06 21:52:46",
      "content": "如果这次亚锦赛有NBA球探在现场观察的话，15至首轮末一定有吧"
    },
    {
      "user": "22222",
      "date": "2015-10-06 22:04:06",
      "content": "太瘦"
    },
    {
      "user": "ゃまと",
      "date": "2015-10-07 20:36:32",
      "content": "周琦如果去NBA选秀 估计是首轮末尾的秀"
    },
    {
      "user": "道！",
      "date": "2015-10-08 13:41:15",
      "content": "感觉完全不够啊 就是去了 也打不上球"
    },
    {
      "user": "长发之殇",
      "date": "2015-10-08 14:10:56",
      "content": "NBA那些都什么样的内线，你懂得"
    },
    {
      "user": "Tiff廷要打通关",
      "date": "2015-10-08 20:32:58",
      "content": "NBA应该是需要中国市场的，我猜会以第一轮前十进入NBA"
    },
    {
      "user": "紫色精灵虫",
      "date": "2015-10-08 23:46:33",
      "content": "我觉得可能性不大。。身体不行"
    },
    {
      "user": "[已注销]",
      "date": "2015-10-09 07:53:01",
      "content": "那叫戈贝尔吧大哥。"
    },
    {
      "user": "[已注销]",
      "date": "2015-10-09 07:55:05",
      "content": "首轮乐透技术可继续打磨周琦投射能力国内比较出众 继承了咱们国内长人投射能力优秀的基因不足是篮下单打遇到有经验的或者身体机动性强的经验技术还是差 所以身体还需多长肉但是切记不要给膝盖增加负担"
    },
    {
      "user": "[已注销]",
      "date": "2015-10-09 08:02:23",
      "content": "终于看到了一个观点一致的，为什么要一味的增重！？肌肉密度和骨骼黄种人比黑人差太多了，盲目的增重只会丢掉自己灵活的特点，增大受伤的概率。姚明的伤就是很明显的例子，膝盖经不起那么重的体重啊！周琦的特点就是灵活，防守面积大，有一定的中投。为什么要去做大肌肉棒子似的站桩中锋？现在篮球的潮流就是去传统中锋化啊！我觉得周琦的模板可以是浓眉。"
    },
    {
      "user": "[已注销]",
      "date": "2015-10-09 08:04:07",
      "content": "关键是你自己看看浓眉现在的体重 又涨了力量这东西是基本我的意思是他在保持力量的同时不要给膝盖负担可以让训练师按摩师给他做调理"
    },
    {
      "user": "[已注销]",
      "date": "2015-10-09 08:10:50",
      "content": "这样太难了哥们，黄种人和黑人的身体本来就不能相提并论。"
    },
    {
      "user": "Mr严欢",
      "date": "2015-10-09 09:03:30",
      "content": "我觉得除了天赋和球商，关键还得能融进美国文化"
    },
    {
      "user": "Tiff廷要打通关",
      "date": "2015-10-09 14:41:43",
      "content": "把这个事当成生意来看还是有可能的"
    },
    {
      "user": "吕钊",
      "date": "2015-10-11 23:29:23",
      "content": "NBA身体对抗太激烈了，周琦恐怕适应不了。"
    },
    {
      "user": "花衣服的小逗猪",
      "date": "2015-10-11 23:31:48",
      "content": "能，天赋好"
    },
    {
      "user": "阿奎莱拉",
      "date": "2015-10-12 00:31:32",
      "content": "有点丑"
    },
    {
      "user": "紫色精灵虫",
      "date": "2015-10-12 08:35:07",
      "content": "无关美丑"
    },
    {
      "user": "爬爬",
      "date": "2015-10-12 08:45:04",
      "content": "如果到NBA，估计只能到外围作为大个儿投三分。\r不能到内线做对抗。"
    },
    {
      "user": "紫色精灵虫",
      "date": "2015-10-12 08:59:19",
      "content": "但nba他又太矮了。。"
    },
    {
      "user": "爬爬",
      "date": "2015-10-12 11:34:46",
      "content": "如果走外线的话，还可以的。"
    },
    {
      "user": "[已注销]",
      "date": "2015-10-12 12:09:13",
      "content": "矮是真不矮，现在内线平均身高越来越低了，关键是力量和速度"
    },
    {
      "user": "GOKU",
      "date": "2015-10-12 19:35:07",
      "content": "放在全世界也是极高的吧 比阿联还高\r用美帝的标准 至少7尺1"
    },
    {
      "user": "紫色精灵虫",
      "date": "2015-10-12 21:16:16",
      "content": "不能打中锋的，打控卫吧！"
    },
    {
      "user": "HOHO",
      "date": "2015-10-13 01:07:14",
      "content": "nba的中锋一般是7尺，也就是2米13，周琦有2米17，不会矮。"
    },
    {
      "user": "像苹果的香蕉",
      "date": "2015-10-13 16:04:25",
      "content": "练好身板哪都能去"
    }
  ]
}