{
  "title": "他船是真渣啊，我看下赛季地板还是摸不到吧…",
  "topic": {
    "name": "蒙奇.D.1991",
    "date": "2015-10-15 07:55:22",
    "content": "他船是真渣啊，我看下赛季地板还是摸不到吧…"
  },
  "pages": [],
  "replys": [
    {
      "user": "[已注销]",
      "date": "2015-10-15 09:26:10",
      "content": "除非傻芬能比去年还好，否则优点悬"
    },
    {
      "user": "蒙奇.D.1991",
      "date": "2015-10-15 10:23:10",
      "content": "看这很强的阵容，很难撮合。 都一个类型的 不看好"
    },
    {
      "user": "Theo",
      "date": "2015-10-15 15:29:55",
      "content": "夺冠的球队都是球星主架骨，极品角色来相辅，这个道理猪头怎么能不明白，当年手下的托你阿伦 里昂鲍维 大宝贝儿无不是草莽出生"
    },
    {
      "user": "蒙奇.D.1991",
      "date": "2015-10-15 15:35:54",
      "content": "缺个托尼.阿仑， 詹姆斯.波西 这样的两个角色球员"
    },
    {
      "user": "ゃまと",
      "date": "2015-10-20 23:00:12",
      "content": ".... 呃 快艇整容挺好 问题出在河文档！"
    },
    {
      "user": "肖设计师",
      "date": "2015-10-22 15:52:39",
      "content": "有保罗和给力芬 进攻肯定可以串联起来 问题就看防守和伤病了"
    },
    {
      "user": "DC是个HR",
      "date": "2015-10-22 16:45:15",
      "content": "二院院队的水平"
    },
    {
      "user": "蒙奇.D.1991",
      "date": "2015-10-22 17:46:40",
      "content": "jr说的对"
    },
    {
      "user": "时光漫游",
      "date": "2015-11-01 15:31:52",
      "content": "放心吧……这球队不靠谱，连年年争冠季后赛一轮游的火箭都到西决了，以控卫为核心是否能夺冠也让库里捷足先登了，个人感觉快船差不多要大清洗了……唯一的变数是今年有了皮大爷，应该能进几个绝杀没准就这几个绝杀能进西决了"
    }
  ]
}