{
  "title": "中国足球怎么样",
  "topic": {
    "name": "嗨嗨",
    "date": "2015-10-15 15:10:50",
    "content": "中国足球怎么样"
  },
  "pages": [],
  "replys": [
    {
      "user": "Ryu",
      "date": "2015-10-15 16:03:01",
      "content": "中国式足球，不是一码事，情况太复杂了"
    },
    {
      "user": "roxyren",
      "date": "2015-10-20 10:36:53",
      "content": "快别和人家荷兰相提并论了，欧洲随便一个队踢中国都会赢，顺便说一句，中国球员都是所谓窝里横"
    },
    {
      "user": "梦de飞扬",
      "date": "2015-10-20 10:38:15",
      "content": "没得救了的！"
    }
  ]
}