{
  "title": "后卫防守概要",
  "topic": {
    "name": "知足常欢喜",
    "date": "2015-10-16 19:43:17",
    "content": "后卫防守概要"
  },
  "pages": [],
  "replys": [
    {
      "user": "仨",
      "date": "2015-10-22 10:50:08",
      "content": "好的后卫决不轻言放弃\r 成为斗士"
    },
    {
      "user": "永远的",
      "date": "2015-10-22 13:18:05",
      "content": "欢迎推荐小孩(05年以后的)来武汉进行专业训练，有机会去西班牙学习足球"
    }
  ]
}