{
  "title": "西安没有喜欢足球 最好是喜欢吧巴萨的女生求认识",
  "topic": {
    "name": "爱吃坚果的X",
    "date": "2015-10-24 22:19:53",
    "content": "西安没有喜欢足球 最好是喜欢吧巴萨的女生求认识"
  },
  "pages": [],
  "replys": [
    {
      "user": "杰拉德是我老公",
      "date": "2015-10-25 00:26:25",
      "content": "坐标硬伤"
    },
    {
      "user": "爱吃坚果的X",
      "date": "2015-10-25 08:41:25",
      "content": "为啥这么说"
    },
    {
      "user": "shadow",
      "date": "2015-11-04 11:44:30",
      "content": "you  will  never  walk  alone"
    },
    {
      "user": "杰拉德是我老公",
      "date": "2015-11-04 14:44:56",
      "content": "ynwa 队长要回来了"
    },
    {
      "user": "shadow",
      "date": "2015-11-04 14:55:35",
      "content": "多希望队长回来进入教练组啊！"
    },
    {
      "user": "赵灵儿",
      "date": "2015-11-04 15:51:26",
      "content": "(⊙o⊙)…喜欢巴萨  梅西内马尔 ~~"
    },
    {
      "user": "杰拉德是我老公",
      "date": "2015-11-04 16:44:57",
      "content": "这就是进入教练组的开始啊"
    },
    {
      "user": "shadow",
      "date": "2015-11-04 16:53:13",
      "content": "队长站在场边，满眼望去都是自己年轻时的影子"
    },
    {
      "user": "杰拉德是我老公",
      "date": "2015-11-04 17:04:22",
      "content": "不 队长无可替代"
    },
    {
      "user": "shadow",
      "date": "2015-11-04 17:09:40",
      "content": "队长当然无可替代啊！算是一种传承吧！"
    },
    {
      "user": "杰拉德是我老公",
      "date": "2015-11-04 17:35:20",
      "content": "今天有消息说渣叔要带他回来"
    },
    {
      "user": "shadow",
      "date": "2015-11-04 18:39:27",
      "content": "渣叔也是性情中人，希望可以带杰队回来，一起复兴红军"
    },
    {
      "user": "杰拉德是我老公",
      "date": "2015-11-04 19:21:53",
      "content": "希望未来越来越好"
    },
    {
      "user": "shadow",
      "date": "2015-11-04 19:33:06",
      "content": "嗯！那必须啊！"
    },
    {
      "user": "赵灵儿",
      "date": "2015-11-05 10:17:04",
      "content": "昨晚巴萨欧冠又赢了  梅老板不在  内马尔棒棒哒"
    },
    {
      "user": "[已注销]",
      "date": "2015-11-16 00:13:08",
      "content": "我输给了坐标"
    },
    {
      "user": "长发之殇",
      "date": "2015-11-16 08:52:53",
      "content": "跟朕的头像差不多啊"
    },
    {
      "user": "不为傻缺瞎操心",
      "date": "2015-11-16 12:04:47",
      "content": "不仅有喜欢巴萨的，还有喜欢痛仰的呢"
    },
    {
      "user": "小骗子",
      "date": "2015-11-17 17:59:03",
      "content": "西安的足球群不要太多，好伐"
    }
  ]
}