{
  "title": "泽罗伯托还在踢。。。",
  "topic": {
    "name": "短腿狗",
    "date": "2015-10-27 15:13:50",
    "content": "泽罗伯托还在踢。。。"
  },
  "pages": [],
  "replys": [
    {
      "user": "美洲象",
      "date": "2017-02-01 18:55:14",
      "content": "听说他性冷淡"
    },
    {
      "user": "Kliff",
      "date": "2017-02-01 20:05:45",
      "content": "支帐篷大侠"
    },
    {
      "user": "还有那些树",
      "date": "2017-02-01 20:15:58",
      "content": "还有三浦知良呢"
    },
    {
      "user": "aimaramme",
      "date": "2017-05-30 15:40:37",
      "content": "当年体育新闻前面那个踩单车太帅"
    },
    {
      "user": "美洲象",
      "date": "2017-12-31 19:56:26",
      "content": "退役啦，泽罗伯托"
    }
  ]
}