{
  "title": "还是来讨论下我潜力队尼克斯吧",
  "topic": {
    "name": "rofen007",
    "date": "2015-11-02 21:13:19",
    "content": "还是来讨论下我潜力队尼克斯吧"
  },
  "pages": [],
  "replys": [
    {
      "user": "Zad",
      "date": "2015-11-02 21:24:52",
      "content": "还是重新洗牌吧。。。包括老鱼"
    },
    {
      "user": "三都 主",
      "date": "2015-11-02 21:49:16",
      "content": "潜力队？印象中好像只有波尔津吉斯这个潜力"
    },
    {
      "user": "沉默的大多数",
      "date": "2015-11-03 16:24:07",
      "content": "本瓜粉不想说话"
    },
    {
      "user": "rofen007",
      "date": "2015-11-03 16:59:46",
      "content": "还是憋不住了"
    },
    {
      "user": "陈在天",
      "date": "2015-11-03 17:02:38",
      "content": "那个大个白人新秀不错"
    },
    {
      "user": "rofen007",
      "date": "2015-11-03 17:04:55",
      "content": "今天比赛本来想看，不过不是会员不让看，垃圾疼讯"
    },
    {
      "user": "老宋@都市速代",
      "date": "2015-11-03 23:46:36",
      "content": "主要是主将没有斗志，不具有领导才能。"
    },
    {
      "user": "rofen007",
      "date": "2015-11-04 06:33:41",
      "content": "那也不是吧，毕竟是单核，靠配合"
    },
    {
      "user": "小聪向前衝",
      "date": "2015-11-04 13:55:17",
      "content": "湖人昔日替补几年后再出来打竟然能成主力，这样的阵容有什么实力，替我瓜悲哀"
    },
    {
      "user": "豆豆",
      "date": "2015-11-04 16:02:55",
      "content": "感觉球员态度很好，但能力次点，如果能建立一个好的体系，营造一个好的球队氛围，到时候吸引几个球星，还是很有希望的"
    },
    {
      "user": "Cage",
      "date": "2015-11-04 16:29:05",
      "content": "短期内不看好，爆发下在东部能进季后赛.....再多估计悬了...."
    },
    {
      "user": "rofen007",
      "date": "2015-11-04 20:50:44",
      "content": "东部实力都比较弱，除了骑士，与其余队还真可以拼一下"
    },
    {
      "user": "rofen007",
      "date": "2015-11-05 12:48:04",
      "content": "谁能告诉我今天输骑士输在哪里，不是会员看不了视频直播，狗日的疼讯"
    }
  ]
}