{
  "title": "突然就想发个帖",
  "topic": {
    "name": "[已注销]",
    "date": "2015-11-04 19:39:49",
    "content": "突然就想发个帖"
  },
  "pages": [],
  "replys": [
    {
      "user": "Tu Bbu",
      "date": "2015-11-04 21:02:52",
      "content": "睡皮，卡卡，内少，马队，9爷，突然感觉偶像好多啊"
    },
    {
      "user": "[已注销]",
      "date": "2015-11-04 21:17:46",
      "content": "好多啊  不多不多"
    },
    {
      "user": "Tu Bbu",
      "date": "2015-11-04 21:20:11",
      "content": "其实还有鲁伊科斯塔，菲戈这些都没说呢"
    },
    {
      "user": "小可",
      "date": "2015-11-04 21:36:06",
      "content": "此生只爱卡卡"
    },
    {
      "user": "CC",
      "date": "2015-11-04 21:49:43",
      "content": "最喜欢欧文，其次卡卡和梅西。"
    },
    {
      "user": "长发之殇",
      "date": "2015-11-06 15:10:41",
      "content": "怎么没有CR7的，我喜欢小罗&Messi"
    },
    {
      "user": "长发之殇",
      "date": "2015-11-06 15:11:00",
      "content": "还有齐丹"
    },
    {
      "user": "[已注销]",
      "date": "2015-11-06 15:50:22",
      "content": "小罗+1"
    },
    {
      "user": "[已注销]",
      "date": "2015-11-06 15:50:32",
      "content": "卡卡+1"
    },
    {
      "user": "貌似了",
      "date": "2015-11-06 15:50:49",
      "content": "卡卡"
    },
    {
      "user": "NA",
      "date": "2015-11-08 23:26:57",
      "content": "纳斯里和二妹"
    },
    {
      "user": "酱",
      "date": "2015-11-09 00:05:12",
      "content": "卡卡+1"
    },
    {
      "user": "科西嘉的小蝎子",
      "date": "2015-11-11 23:18:03",
      "content": "穆勒"
    },
    {
      "user": "小Ann",
      "date": "2015-11-11 23:29:47",
      "content": "齐达内，德罗巴，"
    },
    {
      "user": "Leon",
      "date": "2015-11-11 23:31:09",
      "content": "内德维德，皮耶罗。"
    },
    {
      "user": "1900",
      "date": "2015-11-16 14:19:41",
      "content": "罗西基，睡皮"
    },
    {
      "user": "1900",
      "date": "2015-11-16 14:20:04",
      "content": "当然还有大奉先！"
    },
    {
      "user": "陈志钊的球迷",
      "date": "2015-11-16 15:11:46",
      "content": "小罗"
    },
    {
      "user": "Tin-governo",
      "date": "2015-11-16 17:13:12",
      "content": "卡卡，但是大爱小贝"
    },
    {
      "user": "迷雾森林",
      "date": "2015-11-16 18:55:41",
      "content": "大罗小罗小小罗"
    }
  ]
}