{
  "title": "内马尔致敬贝利",
  "topic": {
    "name": "随风轻去",
    "date": "2015-11-09 15:06:26",
    "content": "内马尔致敬贝利"
  },
  "pages": [],
  "replys": [
    {
      "user": "[已注销]",
      "date": "2015-11-09 15:09:27",
      "content": "看了，以前我一直没觉得他多牛，这个赛季一来我终于明白巴西人为毛那么爱他了"
    },
    {
      "user": "随风轻去",
      "date": "2015-11-09 15:10:51",
      "content": "总算是感觉有些不一样的地方了，巴西足球重现了一点点精彩。"
    },
    {
      "user": "江流儿",
      "date": "2015-11-09 17:56:42",
      "content": "看这发型 就知道必成大器"
    }
  ]
}