{
  "title": "拉莫斯和大空翼",
  "topic": {
    "name": "烽少",
    "date": "2015-11-11 08:01:13",
    "content": "拉莫斯和大空翼"
  },
  "pages": [],
  "replys": [
    {
      "user": "烽少",
      "date": "2015-11-11 08:02:46",
      "content": "唯一想吐槽的是两人的画风还是差很多的，而且大空翼后来加入的欧洲豪门是巴萨。。"
    },
    {
      "user": "Leon",
      "date": "2015-11-11 09:20:38",
      "content": "这是强行相似啊"
    }
  ]
}