{
  "title": "没有勇士比赛的日子……",
  "topic": {
    "name": "最近迷库里",
    "date": "2015-11-17 12:07:36",
    "content": "没有勇士比赛的日子……"
  },
  "pages": [],
  "replys": [
    {
      "user": "琉璃",
      "date": "2015-11-17 12:10:54",
      "content": "库里的三分没谁了…"
    },
    {
      "user": "烧锅炉的小学生",
      "date": "2015-11-17 22:36:28",
      "content": "噗，看录像呗"
    },
    {
      "user": "knight&暗夜",
      "date": "2015-11-20 17:06:19",
      "content": "上次有一场勇士对猛龙的比赛没看。。出去陪妹子了。。后来回想感觉亏死了啊。。"
    }
  ]
}