{
  "title": "长的最帅的球员",
  "topic": {
    "name": "夏木willbe",
    "date": "2015-11-17 16:13:43",
    "content": "长的最帅的球员"
  },
  "pages": [],
  "replys": [
    {
      "user": "搁浅春秋",
      "date": "2015-11-19 06:51:01",
      "content": "詹姆斯，奥登，兰多夫"
    },
    {
      "user": "东楼公子",
      "date": "2016-01-05 11:35:01",
      "content": "论五官的话，科比在黑人里算帅的吧\r 杏核眼，双眼皮，关键鼻子不像大部分黑人，比较细挺\r 就事论事，科黑高抬贵手，不必回复我了。"
    },
    {
      "user": "夏夏夏夏天",
      "date": "2015-11-17 19:17:55",
      "content": "你艾最帅最牛逼"
    },
    {
      "user": "黄小佳",
      "date": "2015-11-17 20:23:55",
      "content": "最近看了纪录片【审判艾弗森】\r原来之前他还是橄榄球的冠军。\r差一点就成了马丁路德金一样的种族斗士了。"
    },
    {
      "user": "螃蟹|Daddy²",
      "date": "2015-11-18 00:25:12",
      "content": "福田俊男"
    },
    {
      "user": "兰州拉面",
      "date": "2015-11-18 16:20:25",
      "content": "樱木花道"
    },
    {
      "user": "白色巧克力",
      "date": "2015-11-18 16:28:48",
      "content": "帕森斯 雷迪克"
    },
    {
      "user": "影子C",
      "date": "2015-11-18 17:13:08",
      "content": "三井寿"
    },
    {
      "user": "夜空中的星星",
      "date": "2015-11-18 17:18:57",
      "content": "卡特扣篮的时候帅的一逼"
    },
    {
      "user": "Froog",
      "date": "2015-11-19 02:32:45",
      "content": "加内特"
    },
    {
      "user": "搁浅春秋",
      "date": "2015-11-19 06:51:01",
      "content": "詹姆斯，奥登，兰多夫"
    },
    {
      "user": "周眠",
      "date": "2015-11-19 09:01:54",
      "content": "亚当萧华"
    },
    {
      "user": "夏木willbe",
      "date": "2015-11-19 17:20:07",
      "content": "(´･ω･`)"
    },
    {
      "user": "夏木willbe",
      "date": "2015-11-19 17:20:32",
      "content": "一直准备看来着"
    },
    {
      "user": "夏木willbe",
      "date": "2015-11-19 17:20:44",
      "content": "高富帅←_←"
    },
    {
      "user": "夏木willbe",
      "date": "2015-11-19 17:20:55",
      "content": "哈哈哈"
    },
    {
      "user": "nizomiaso",
      "date": "2015-11-22 22:13:07",
      "content": "d rose"
    },
    {
      "user": "不一般的呆滞",
      "date": "2015-11-22 22:16:30",
      "content": "基里连科"
    },
    {
      "user": "answer",
      "date": "2015-11-25 11:01:35",
      "content": "我艾我艾"
    },
    {
      "user": "Oilti",
      "date": "2015-11-25 14:58:01",
      "content": "火箭那个叫啥来着"
    },
    {
      "user": "夏木willbe",
      "date": "2015-12-30 07:49:25",
      "content": "登胡子吗"
    },
    {
      "user": "Oilti",
      "date": "2015-12-30 13:50:21",
      "content": "不不不"
    },
    {
      "user": "中单我来撩",
      "date": "2015-12-30 13:57:58",
      "content": "流川枫科比"
    },
    {
      "user": "小YJ",
      "date": "2015-12-30 16:40:34",
      "content": "韦德！科比"
    },
    {
      "user": "[已注销]",
      "date": "2015-12-30 16:41:19",
      "content": "提名 姆本加 马奎斯丹尼尔斯 约什霍华德"
    },
    {
      "user": "cherryyy狗吃屎",
      "date": "2015-12-30 16:53:30",
      "content": "除了詹姆斯！还有谁！？！"
    },
    {
      "user": "一身五花膘",
      "date": "2015-12-30 16:58:52",
      "content": "当然是库里还会有别人吗？？？"
    },
    {
      "user": "[已注销]",
      "date": "2015-12-30 18:52:29",
      "content": "韦德"
    },
    {
      "user": "llanoshine",
      "date": "2015-12-30 20:24:27",
      "content": "我头像"
    },
    {
      "user": "未央",
      "date": "2015-12-30 20:54:55",
      "content": "难道真的没有人说 光头裁判克劳福德"
    },
    {
      "user": "大胃的大卫",
      "date": "2015-12-31 00:10:05",
      "content": "白人里面雷迪克说是第二，应该没人敢排第一了吧，帕森斯也不错还有原来开拓者那个替补中锋莱昂纳德，就是太高了，不协调。黑人个人觉得我炮帅了一比，沃尔也凑合，罗斯也行。暂时就想到这些"
    },
    {
      "user": "可乐",
      "date": "2015-12-31 03:55:39",
      "content": "无人能与帮主相比"
    },
    {
      "user": "心灵美好",
      "date": "2015-12-31 08:47:53",
      "content": "科比"
    },
    {
      "user": "LB james",
      "date": "2015-12-31 08:58:07",
      "content": "单论相貌的话，NBA球员算是惨不忍睹了"
    },
    {
      "user": "你好啊大胸弟😍",
      "date": "2016-01-05 00:03:23",
      "content": "光看外表的话绝笔卢比奥 毕竟金童"
    },
    {
      "user": "我爱科比",
      "date": "2016-01-05 08:59:17",
      "content": "看我图像"
    },
    {
      "user": "东楼公子",
      "date": "2016-01-05 11:35:01",
      "content": "论五官的话，科比在黑人里算帅的吧\r 杏核眼，双眼皮，关键鼻子不像大部分黑人，比较细挺\r 就事论事，科黑高抬贵手，不必回复我了。"
    },
    {
      "user": "念夏",
      "date": "2016-01-05 11:45:07",
      "content": "说真的，我觉得是科比"
    },
    {
      "user": "Faith_",
      "date": "2016-01-05 14:19:07",
      "content": "我瓜"
    },
    {
      "user": "走钢索的人",
      "date": "2016-01-05 14:26:22",
      "content": "韦德"
    },
    {
      "user": "仙人球大大",
      "date": "2016-01-05 15:13:48",
      "content": "藤真健司"
    }
  ]
}