{
  "title": "麦克海尔下课了。。。。。",
  "topic": {
    "name": "夏夏夏夏天",
    "date": "2015-11-18 23:41:55",
    "content": "麦克海尔下课了。。。。。"
  },
  "pages": [],
  "replys": [
    {
      "user": "来自越南的猴子",
      "date": "2015-11-19 00:51:30",
      "content": "麦克海尔替卡戴珊把锅背了"
    },
    {
      "user": "bolo",
      "date": "2015-11-18 23:45:11",
      "content": "假的吧"
    },
    {
      "user": "夏夏夏夏天",
      "date": "2015-11-18 23:46:51",
      "content": "真的，新闻都有了。"
    },
    {
      "user": "bolo",
      "date": "2015-11-18 23:47:41",
      "content": "刚看了下新闻真有，那明天得好好看看比赛了"
    },
    {
      "user": "来自越南的猴子",
      "date": "2015-11-19 00:51:30",
      "content": "麦克海尔替卡戴珊把锅背了"
    },
    {
      "user": "一彤天下",
      "date": "2015-11-19 09:29:30",
      "content": "学生学习不好，非找老师的毛病"
    },
    {
      "user": "tupac2k",
      "date": "2015-11-19 13:44:51",
      "content": "然后哈登今天就疯了"
    },
    {
      "user": "红侠Joey",
      "date": "2015-11-19 17:11:12",
      "content": "小JB职业生涯首胜。。。"
    },
    {
      "user": "三都 主",
      "date": "2015-11-19 19:34:48",
      "content": "准备找谁？希伯杜？小范？"
    },
    {
      "user": "狐岐之水",
      "date": "2015-11-20 15:25:15",
      "content": "海尔扶正了小JB，可以顺利抽插了。。。"
    },
    {
      "user": "爱我所艾",
      "date": "2015-11-20 22:09:30",
      "content": "虎扑小号又被揪出来了，哈哈"
    },
    {
      "user": "desire",
      "date": "2015-11-21 11:38:35",
      "content": "小范看得很清楚啊，果断说不要把这个锅传给我，于是拒绝了邀请~~~~wwww"
    }
  ]
}