{
  "title": "保罗和格里芬今天太想赢了",
  "topic": {
    "name": "道！",
    "date": "2015-11-20 13:13:41",
    "content": "保罗和格里芬今天太想赢了"
  },
  "pages": [],
  "replys": [
    {
      "user": "神威",
      "date": "2015-11-20 14:39:15",
      "content": "别沮丧，你还有诗和远方"
    },
    {
      "user": "神威",
      "date": "2015-11-20 14:39:15",
      "content": "别沮丧，你还有诗和远方"
    },
    {
      "user": "JP3",
      "date": "2015-11-20 14:45:04",
      "content": "快船打不过勇士的"
    },
    {
      "user": "烧锅炉的小学生",
      "date": "2015-11-20 18:57:55",
      "content": "哈哈哈，我忍不住给1L点个赞"
    }
  ]
}