{
  "title": "保罗第一节如果不那么准。",
  "topic": {
    "name": "JP3",
    "date": "2015-11-20 14:51:48",
    "content": "保罗第一节如果不那么准。"
  },
  "pages": [],
  "replys": [
    {
      "user": "JP3",
      "date": "2015-11-20 15:52:24",
      "content": "先让你二十分的"
    },
    {
      "user": "Van迪赛尔",
      "date": "2015-11-20 15:26:25",
      "content": "当勇士领先20分的时候，比赛已经结束了。当对手领先20分的时候，比赛才刚开始"
    },
    {
      "user": "GOKU",
      "date": "2015-11-20 15:14:02",
      "content": "说的快船准是特殊\r勇士准就平常似的\r 不过勇士还真是平常也准"
    },
    {
      "user": "Mr.唐",
      "date": "2015-11-20 15:16:04",
      "content": "快船得分点太少"
    },
    {
      "user": "Van迪赛尔",
      "date": "2015-11-20 15:26:25",
      "content": "当勇士领先20分的时候，比赛已经结束了。当对手领先20分的时候，比赛才刚开始"
    },
    {
      "user": "月半",
      "date": "2015-11-20 15:45:58",
      "content": "第四节简直连呼吸都忘了"
    },
    {
      "user": "傻大个儿",
      "date": "2015-11-20 15:50:42",
      "content": "以后和勇士打球，从20:0开始！"
    },
    {
      "user": "JP3",
      "date": "2015-11-20 15:52:00",
      "content": "不是特殊不特殊！保罗场均多少分，今天多少分？？"
    },
    {
      "user": "JP3",
      "date": "2015-11-20 15:52:24",
      "content": "先让你二十分的"
    },
    {
      "user": "JP3",
      "date": "2015-11-20 15:52:46",
      "content": "整体实力太强悍了"
    },
    {
      "user": "四廢書房主人",
      "date": "2015-11-20 17:10:02",
      "content": "觉得河文档偏执的想把在凯尔特的成功经验原封不动的移植过来，迟早要坑死快船。"
    },
    {
      "user": "烧锅炉的小学生",
      "date": "2015-11-20 18:55:50",
      "content": "然而这是58钦点要来的教练"
    },
    {
      "user": "sun",
      "date": "2015-11-20 23:39:44",
      "content": "就是打不过怎么打都打不过，快船只能忍吧。"
    }
  ]
}