{
  "title": "我潜力队尼克斯还是要加强关键球能力",
  "topic": {
    "name": "rofen007",
    "date": "2015-11-21 12:15:58",
    "content": "我潜力队尼克斯还是要加强关键球能力"
  },
  "pages": [],
  "replys": [
    {
      "user": "狐岐之水",
      "date": "2015-11-21 22:11:08",
      "content": "明天争取把火箭打死。。。"
    },
    {
      "user": "rofen007",
      "date": "2015-11-21 22:31:44",
      "content": "不是火箭球迷，谁打死他都可以"
    },
    {
      "user": "罗弘霉素",
      "date": "2015-11-22 11:38:15",
      "content": "铂金\r 柔和的小手，遮天的大帽"
    },
    {
      "user": "rofen007",
      "date": "2015-11-22 19:18:22",
      "content": "今天波神发挥很棒"
    }
  ]
}