{
  "title": "这些人真的厉害..",
  "topic": {
    "name": "远方",
    "date": "2015-11-22 17:12:05",
    "content": "这些人真的厉害.."
  },
  "pages": [],
  "replys": [
    {
      "user": "烧锅炉的小学生",
      "date": "2015-11-22 18:14:15",
      "content": "然而库里已有阿耶沙"
    },
    {
      "user": "[已注销]",
      "date": "2015-11-22 19:20:11",
      "content": "听说科勒卡戴珊又要离婚了。。"
    },
    {
      "user": "月半",
      "date": "2015-11-22 19:21:33",
      "content": "哈哈哈，看到这的时候我也笑了"
    },
    {
      "user": "远方",
      "date": "2015-11-22 20:57:44",
      "content": "卡戴珊继父前阵子h刚做完变性手术哟"
    },
    {
      "user": "车货式厢",
      "date": "2015-11-22 21:37:41",
      "content": "这简直是宇宙队的阵容啊"
    }
  ]
}