{
  "title": "话说NBA的水货状元结局",
  "topic": {
    "name": "紫色精灵虫",
    "date": "2015-11-26 21:45:51",
    "content": "话说NBA的水货状元结局"
  },
  "pages": [],
  "replys": [
    {
      "user": "llanoshine",
      "date": "2015-11-27 20:36:32",
      "content": "只知道水货状元都是百万富翁"
    },
    {
      "user": "rofen007",
      "date": "2015-11-26 21:52:19",
      "content": "一个都不认识，不然可借点钱花"
    },
    {
      "user": "Theo",
      "date": "2015-11-26 22:37:56",
      "content": "在我大江苏咯，还是养伤"
    },
    {
      "user": "昊昊",
      "date": "2015-11-26 23:46:17",
      "content": "奥拉沃坎迪，98年状元，快船选下，卡特，贾米森 ，毕比，诺维斯基，皮尔斯均在其后，整体水平很高的一届被状元拖了后腿。。。"
    },
    {
      "user": "小⑤",
      "date": "2015-11-27 01:25:16",
      "content": "夸梅布朗"
    },
    {
      "user": "三都 主",
      "date": "2015-11-27 13:37:25",
      "content": "奥拉沃坎迪，夸梅布朗，巴格亚尼，本内特"
    },
    {
      "user": "顾得奶特",
      "date": "2015-11-27 14:12:07",
      "content": "奥登大帝算么"
    },
    {
      "user": "时光漫游",
      "date": "2015-11-27 14:17:49",
      "content": "博古特也能算吧……一个不错的球员状元的标准来看就水了"
    },
    {
      "user": "[已注销]",
      "date": "2015-11-27 14:21:28",
      "content": "布朗吧，虽然防守不错，其实奥登不是伤病也不水"
    },
    {
      "user": "llanoshine",
      "date": "2015-11-27 20:36:32",
      "content": "只知道水货状元都是百万富翁"
    },
    {
      "user": "张河上",
      "date": "2015-11-28 12:19:15",
      "content": "博古特可不算，他打替补是球队需要，但他也是勇士不能少的人，算是为了球队牺牲自己吧。"
    },
    {
      "user": "四廢書房主人",
      "date": "2015-11-29 10:25:30",
      "content": "真正说到水货，谁都比不过本内特。新秀合同解约，现在在猛龙都打不上什么球。当然他原本不该是状元，他的悲剧是骑士脑残造成的。"
    },
    {
      "user": "红侠Joey",
      "date": "2015-11-30 14:16:23",
      "content": "现在也只是冠军队的合格首发中锋，没入过什么最佳阵容一队二队或者最佳防守阵容之类的。"
    }
  ]
}