{
  "title": "温帅和穆帅哪个更帅呢",
  "topic": {
    "name": "维多利亚",
    "date": "2015-11-27 14:38:43",
    "content": "温帅和穆帅哪个更帅呢"
  },
  "pages": [],
  "replys": [
    {
      "user": "淡定姐",
      "date": "2016-01-11 02:37:01",
      "content": "温格，我是脑残粉"
    },
    {
      "user": "Joshuayoung",
      "date": "2016-01-16 12:15:02",
      "content": "温教授"
    },
    {
      "user": "马可",
      "date": "2016-01-16 13:10:02",
      "content": "娜娜"
    },
    {
      "user": "你四不四彪",
      "date": "2016-01-16 14:30:00",
      "content": "穆帅犹如一个风流浪子   温帅犹如一个绅士贵族"
    },
    {
      "user": "大英皇家训猫师",
      "date": "2016-01-17 14:29:45",
      "content": "当然是温格！！！"
    },
    {
      "user": "Sir True",
      "date": "2016-01-17 15:00:16",
      "content": "穆帅无疑"
    },
    {
      "user": "[已注销]",
      "date": "2016-01-19 02:08:55",
      "content": "穆帅保守 温格浪比"
    },
    {
      "user": "飘寻",
      "date": "2016-01-19 07:03:01",
      "content": "足球风格不同，喜欢温格"
    },
    {
      "user": "Yolaine ",
      "date": "2016-01-19 12:19:15",
      "content": "都不帅"
    }
  ]
}