{
  "title": "枪手的球迷在哪里",
  "topic": {
    "name": "维多利亚",
    "date": "2015-11-27 14:34:01",
    "content": "枪手的球迷在哪里"
  },
  "pages": [],
  "replys": [
    {
      "user": "纯情少年",
      "date": "2015-11-27 14:36:23",
      "content": "年年争冠，年年十六郎"
    },
    {
      "user": "维多利亚",
      "date": "2015-11-27 14:40:26",
      "content": "是呀，温帅挺坎坷的，他没有老爵爷的成绩\r但那是我觉得他的地位也是无可厚非的"
    },
    {
      "user": "纯情少年",
      "date": "2015-11-27 14:55:18",
      "content": "当了几十年家，谁说不是呢"
    },
    {
      "user": "维多利亚",
      "date": "2015-11-27 15:01:25",
      "content": "亨利在的时候，温教授很风光\r温帅在位的时候，有欧冠的奖杯吗"
    },
    {
      "user": "加勒比海马",
      "date": "2015-11-27 15:07:12",
      "content": "最强球员已在阵中，保四"
    },
    {
      "user": "思戒",
      "date": "2015-11-27 15:10:01",
      "content": "没有。。。"
    },
    {
      "user": "维多利亚",
      "date": "2015-11-27 15:11:05",
      "content": "这个赛季希望好像很渺茫"
    },
    {
      "user": "思戒",
      "date": "2015-11-27 15:12:10",
      "content": "欧冠有可能小组第三。。。球队伤病也多。不过阿森纳一直有后程发力的习惯"
    },
    {
      "user": "维多利亚",
      "date": "2015-11-27 15:54:14",
      "content": "让我们自己继续关注吧"
    },
    {
      "user": "道听途说",
      "date": "2015-12-06 16:07:14",
      "content": "辉煌的阿森纳没有我相随，但是年年争四的阿森纳有我相随。。哈哈哈哈"
    },
    {
      "user": "道听途说",
      "date": "2015-12-06 16:18:33",
      "content": "曼联还好吧。。。只是爵爷退休这几年而已，而且一直在好转。。。可是我厂。。。"
    },
    {
      "user": "热血不改",
      "date": "2015-12-06 17:02:19",
      "content": "先把拉链拉好"
    },
    {
      "user": "长发之殇",
      "date": "2015-12-08 14:32:05",
      "content": "Henry"
    },
    {
      "user": "superthierry",
      "date": "2015-12-08 14:36:49",
      "content": "我是枪迷，哈哈哈"
    },
    {
      "user": "ARSENAL--仔龙",
      "date": "2015-12-08 19:48:57",
      "content": "我是枪迷"
    },
    {
      "user": "致橡树",
      "date": "2015-12-09 14:25:25",
      "content": "不看成绩，看温格"
    },
    {
      "user": "手机用户1855943",
      "date": "2015-12-10 14:15:28",
      "content": "阿森纳永远争冠军，和国安差不多，?"
    },
    {
      "user": "master",
      "date": "2015-12-10 14:28:18",
      "content": "12345 我有大吉鲁 欧冠十六郎  5月最威武"
    },
    {
      "user": "埃德蒙顿吉他手",
      "date": "2015-12-18 01:29:34",
      "content": "支持一下"
    },
    {
      "user": "淡定姐",
      "date": "2016-01-11 02:34:15",
      "content": "啊~席。。全是调侃。。。"
    },
    {
      "user": "💪放肆的青春",
      "date": "2016-01-11 10:05:14",
      "content": "枪迷报道"
    },
    {
      "user": "Rooser",
      "date": "2016-01-11 10:06:06",
      "content": "COYG"
    },
    {
      "user": "1900",
      "date": "2016-01-14 13:21:31",
      "content": "天王盖地虎，唯我大吉鲁！"
    },
    {
      "user": "Joshuayoung",
      "date": "2016-01-16 12:14:03",
      "content": "阿森纳是冠军！"
    }
  ]
}