{
  "title": "火箭 VS 76人 大家来猜输赢",
  "topic": {
    "name": "Eason",
    "date": "2015-11-27 13:19:36",
    "content": "火箭 VS 76人 大家来猜输赢"
  },
  "pages": [],
  "replys": [
    {
      "user": "三都 主",
      "date": "2015-11-27 13:34:16",
      "content": "费城的输赢取决于卡南这些后卫们最后时刻是不是瞎来"
    },
    {
      "user": "时光漫游",
      "date": "2015-11-27 14:13:29",
      "content": "火箭会送温暖的……"
    },
    {
      "user": "rofen007",
      "date": "2015-11-27 22:03:56",
      "content": "希望两个都输，哈哈"
    },
    {
      "user": "Echo",
      "date": "2015-11-27 23:04:51",
      "content": "哎呀   我已经很久没有遇见这么有挑战性的问题了"
    },
    {
      "user": "Eason",
      "date": "2015-11-28 11:11:02",
      "content": "火箭真的要输了  。。。"
    }
  ]
}