{
  "title": "蒸个热爱足球的妹子，欢迎大家踊跃报名",
  "topic": {
    "name": "追上风的托雷斯",
    "date": "2015-11-28 22:40:31",
    "content": "蒸个热爱足球的妹子，欢迎大家踊跃报名"
  },
  "pages": [],
  "replys": [
    {
      "user": "舍甫琴科",
      "date": "2015-11-28 23:35:58",
      "content": "托雷斯怎能跟舍卡比。"
    },
    {
      "user": "CC",
      "date": "2015-11-29 00:17:33",
      "content": "一直喜欢欧文。"
    },
    {
      "user": "[已注销]",
      "date": "2015-11-29 00:38:35",
      "content": "沙发"
    },
    {
      "user": "Bleu",
      "date": "2015-11-29 00:55:39",
      "content": "舍瓦。九爷  加图索 内斯塔。爱。"
    },
    {
      "user": "追上风的托雷斯",
      "date": "2015-11-29 06:04:55",
      "content": "见仁见智咯"
    },
    {
      "user": "CHENG",
      "date": "2016-01-08 13:36:08",
      "content": "舍瓦"
    },
    {
      "user": "吴亦凡",
      "date": "2016-01-13 17:15:24",
      "content": "托半亿  追不上图中2位"
    },
    {
      "user": "Kateojq",
      "date": "2016-01-14 11:51:05",
      "content": "内马尔"
    },
    {
      "user": "澳大利亚考树熏",
      "date": "2016-01-14 22:55:31",
      "content": "女同学现在都认为打篮球的帅"
    },
    {
      "user": "追上风的托雷斯",
      "date": "2016-01-15 11:05:24",
      "content": "好吧"
    },
    {
      "user": "是钱 先生",
      "date": "2016-01-17 15:09:17",
      "content": "不能放弃，要安慰自己剩下的都是精品28"
    },
    {
      "user": "迟 蓝",
      "date": "2016-01-17 16:34:15",
      "content": "不能说热爱，只能说挺喜欢。并相当支持男票的运动\"事业\"坐标深圳。"
    },
    {
      "user": "追上风的托雷斯",
      "date": "2016-01-17 22:35:43",
      "content": "坐标在你隔壁的广州诶"
    },
    {
      "user": "BruceOne",
      "date": "2016-01-17 22:45:55",
      "content": "真想找个热爱足球的她过一辈子，武汉。"
    },
    {
      "user": "追上风的托雷斯",
      "date": "2016-01-17 22:46:45",
      "content": "加油哦"
    },
    {
      "user": "BruceOne",
      "date": "2016-01-17 22:52:23",
      "content": "谢谢，同勉"
    },
    {
      "user": "迟 蓝",
      "date": "2016-01-17 23:47:34",
      "content": "然后呢"
    },
    {
      "user": "Yolaine ",
      "date": "2016-01-19 00:08:32",
      "content": "其实一点也不幸福，你就是对女球迷好奇"
    },
    {
      "user": "追上风的托雷斯",
      "date": "2016-01-19 07:01:38",
      "content": "并没有，身边女球迷也不是没有"
    },
    {
      "user": "[已注销]",
      "date": "2016-01-19 07:25:37",
      "content": "他们觉得女球迷不看球 只看脸"
    },
    {
      "user": "追上风的托雷斯",
      "date": "2016-01-19 09:03:44",
      "content": "也有女球迷很认真的热爱足球的~"
    },
    {
      "user": "淡定姐",
      "date": "2016-01-25 13:51:31",
      "content": "怎么不如图找个基友，"
    },
    {
      "user": "一叶",
      "date": "2016-01-26 14:22:20",
      "content": "球龄不算长，06年开始，真爱。"
    },
    {
      "user": "/",
      "date": "2016-02-01 15:17:55",
      "content": "球和脸都看！"
    },
    {
      "user": "绿里Ales",
      "date": "2016-02-04 14:44:44",
      "content": "足球的海洋，很幸福"
    },
    {
      "user": "追上风的托雷斯",
      "date": "2016-02-27 21:46:57",
      "content": "?"
    },
    {
      "user": "Kateojq",
      "date": "2016-02-27 21:47:41",
      "content": "没事"
    },
    {
      "user": "Ethel",
      "date": "2016-02-27 21:48:49",
      "content": "然而并不是这样，影视圈的脸不是更多可以看吗？"
    },
    {
      "user": "好宝宝就是我",
      "date": "2016-02-27 21:50:14",
      "content": "嗨"
    },
    {
      "user": "[已注销]",
      "date": "2016-02-27 22:02:17",
      "content": "卡卡是初心啊啊啊啊啊！！！！！！！！！！！！！！！！！！！！！！！！！！！！！！！！！！！！！"
    },
    {
      "user": "[已注销]",
      "date": "2016-02-27 22:11:36",
      "content": "hi 巴萨球迷"
    },
    {
      "user": "好宝宝就是我",
      "date": "2016-02-27 22:12:21",
      "content": "嘻嘻被你发现啦！！！"
    },
    {
      "user": "哦",
      "date": "2016-02-27 22:27:58",
      "content": "今儿看一微博，说巴萨的三叉戟：梅西苏亚雷斯和内少。看的我一愣，特求知欲强地问了一句，内少是谁？"
    },
    {
      "user": "[已注销]",
      "date": "2016-02-27 22:31:28",
      "content": "因为我看遍了你两个相册的全部照片"
    },
    {
      "user": "好宝宝就是我",
      "date": "2016-02-27 22:38:36",
      "content": "我介绍就已经写了 红蓝魂 巴萨人 哈哈哈哈哈哈"
    },
    {
      "user": "孤僧",
      "date": "2016-02-27 23:31:10",
      "content": "感觉背后有故事喃？"
    },
    {
      "user": "卡卡的小胡子",
      "date": "2016-02-28 14:34:13",
      "content": "女球迷其实很多！！"
    },
    {
      "user": "Yolaine ",
      "date": "2016-03-04 20:44:35",
      "content": "=_="
    },
    {
      "user": "随心随意",
      "date": "2016-03-05 09:14:05",
      "content": "托雷斯怎么不能比，人生赢家荣誉满身"
    },
    {
      "user": "追上风的托雷斯",
      "date": "2016-03-06 13:06:56",
      "content": "嗨"
    },
    {
      "user": "追上风的托雷斯",
      "date": "2016-03-06 13:07:53",
      "content": "那踢球很厉害咯？"
    },
    {
      "user": "追上风的托雷斯",
      "date": "2016-03-06 13:09:23",
      "content": "就是"
    },
    {
      "user": "一叶",
      "date": "2016-03-07 10:43:42",
      "content": "并没有。大学体育选修的足球，也就能颠个球而已。"
    },
    {
      "user": "追上风的托雷斯",
      "date": "2016-03-07 14:18:02",
      "content": "女同学吗？能颠球已经挺好了"
    },
    {
      "user": "长发之殇",
      "date": "2016-03-07 14:46:31",
      "content": "内少就是尼玛"
    },
    {
      "user": "知识就是力量！",
      "date": "2016-03-10 02:51:22",
      "content": "。。。"
    },
    {
      "user": "轻飘飘的时光",
      "date": "2016-04-15 16:25:45",
      "content": "我是一个喜欢足球男孩的伪球迷"
    },
    {
      "user": "追上风的托雷斯",
      "date": "2016-05-11 11:19:12",
      "content": "?"
    },
    {
      "user": "[已注销]",
      "date": "2016-05-11 11:40:30",
      "content": "不知道怎么乱按到了"
    },
    {
      "user": "蜜里",
      "date": "2016-05-11 17:18:41",
      "content": "一颗赛艇~"
    },
    {
      "user": "追上风的托雷斯",
      "date": "2016-05-11 17:19:52",
      "content": "我的回复明明不是问号啊，怎么出来一个问号了"
    },
    {
      "user": "追上风的托雷斯",
      "date": "2016-05-11 17:20:38",
      "content": "哈哈哈，是吗"
    },
    {
      "user": "追上风的托雷斯",
      "date": "2016-05-11 17:20:49",
      "content": "啥意思？"
    },
    {
      "user": "[已注销]",
      "date": "2016-05-11 19:25:54",
      "content": "exciting"
    },
    {
      "user": "        ",
      "date": "2016-05-22 09:52:34",
      "content": "米兰何时能够复兴"
    },
    {
      "user": "追上风的托雷斯",
      "date": "2016-05-22 09:53:13",
      "content": "难"
    },
    {
      "user": "︶念念不忘＠",
      "date": "2016-05-23 10:11:20",
      "content": "有点难～爱足球的妹子太难找"
    },
    {
      "user": "lkac",
      "date": "2016-05-24 01:00:40",
      "content": "中国入资就有戏"
    }
  ]
}