{
  "title": "贝尔的任意球算电梯球吗",
  "topic": {
    "name": "william16",
    "date": "2015-12-02 10:27:28",
    "content": "贝尔的任意球算电梯球吗"
  },
  "pages": [],
  "replys": [
    {
      "user": "[已注销]",
      "date": "2015-12-02 11:08:30",
      "content": "不算,这个只能是香蕉球吧,电梯球是下旋的"
    },
    {
      "user": "Tin-governo",
      "date": "2015-12-02 11:38:41",
      "content": "当然不是"
    },
    {
      "user": "秋风sasa",
      "date": "2015-12-12 00:59:20",
      "content": "去看看C罗的电梯"
    }
  ]
}