{
  "title": "你说乔丹有多伟大，抱歉，我活在科比的时代",
  "topic": {
    "name": "杜渡",
    "date": "2015-12-04 00:27:29",
    "content": "你说乔丹有多伟大，抱歉，我活在科比的时代"
  },
  "pages": [],
  "replys": [
    {
      "user": "时光漫游",
      "date": "2015-12-04 09:13:02",
      "content": "作为80后虽然有幸看到了乔丹的最后一冠……但说实话那会还没多少感觉，科比就是我们80后的乔丹，以及那最灿烂的OK组合紫金王朝"
    },
    {
      "user": "杜渡",
      "date": "2015-12-04 15:57:48",
      "content": "恩  确实  乔丹对我们来说太遥远，科比就像是个接近神的人，让我们还可以追"
    },
    {
      "user": "jackie",
      "date": "2015-12-06 23:37:50",
      "content": "科比也是90后膜拜的楷模，经常会把科比的海报贴在墙上，现在看他的打铁也会觉的很爽，他那似笑非笑的嘴角总是那么好看。科比退役，感觉自己也慢慢长大了。"
    },
    {
      "user": "杜渡",
      "date": "2015-12-09 21:19:59",
      "content": "恩恩  他老了 我们也长大了"
    },
    {
      "user": "Itachi",
      "date": "2015-12-09 21:21:25",
      "content": "喜欢科比的精神"
    },
    {
      "user": "杜渡",
      "date": "2015-12-09 21:46:24",
      "content": "恩恩"
    },
    {
      "user": "22",
      "date": "2015-12-09 22:47:41",
      "content": "科比除了那件事 还蛮喜欢的"
    },
    {
      "user": "Chandler Tian",
      "date": "2015-12-10 20:12:34",
      "content": "标题戳泪"
    },
    {
      "user": "Johny",
      "date": "2015-12-14 13:29:40",
      "content": "仅此而已的话你可真可怜"
    },
    {
      "user": "可乐",
      "date": "2015-12-14 21:18:07",
      "content": "顶楼上"
    },
    {
      "user": "骆辉洗衣机",
      "date": "2015-12-22 11:31:26",
      "content": "人生如戏。"
    }
  ]
}