{
  "title": "与同事的感慨：今天的科比就是当年的乔丹",
  "topic": {
    "name": "老勒色",
    "date": "2015-12-05 15:07:55",
    "content": "与同事的感慨：今天的科比就是当年的乔丹"
  },
  "pages": [],
  "replys": [
    {
      "user": "我要的阳光。",
      "date": "2015-12-07 12:11:38",
      "content": "乔丹我没看过，去了姚明，反正就是科比了"
    },
    {
      "user": "老勒色",
      "date": "2015-12-07 13:00:35",
      "content": "麦迪还是可以的"
    }
  ]
}