{
  "title": "【纪录】勇士今年会不会打破公牛72胜记录？",
  "topic": {
    "name": "未知的老鼠☂",
    "date": "2015-12-06 19:03:13",
    "content": "【纪录】勇士今年会不会打破公牛72胜记录？"
  },
  "pages": [],
  "replys": [
    {
      "user": "时光漫游",
      "date": "2015-12-06 19:48:11",
      "content": "应该有吧，但勇士后面的赛程很吃力……想想湖人当年33连胜都没法拿到72胜的纪录就知道有多困难了，每支球队都使出吃奶的力气阻止勇士连胜"
    },
    {
      "user": "神域桐人君",
      "date": "2015-12-06 19:57:08",
      "content": "这个不太好说  现在勇士进入了一个关键期  就看这一波连客拿不拿得下来了  另外勇士的战术已经成为全联盟的研究对象  考验小沃顿的时候到了  看他到时候会怎么应对了"
    },
    {
      "user": "rofen007",
      "date": "2015-12-06 20:45:06",
      "content": "看伤病吧，实力还是很强的"
    },
    {
      "user": "未知的老鼠☂",
      "date": "2016-02-07 10:35:18",
      "content": "这么打下去75-7左右结局都有可能。"
    },
    {
      "user": "烧锅炉的小学生",
      "date": "2016-02-08 12:49:56",
      "content": "祝福勇士能做到。"
    },
    {
      "user": "道！",
      "date": "2016-02-12 01:19:09",
      "content": "现在真心觉得只有健康的骑士和马刺能和勇士打打 但都是46开 勇士占优 虽然是刺密 但现在感觉勇士不受伤 还真有可能完成"
    },
    {
      "user": "[已注销]",
      "date": "2016-02-20 03:09:49",
      "content": "很有可能，期待我勇"
    }
  ]
}