{
  "title": "有幸见到你",
  "topic": {
    "name": "yoku",
    "date": "2015-12-07 08:49:32",
    "content": "有幸见到你"
  },
  "pages": [],
  "replys": [
    {
      "user": "[已注销]",
      "date": "2015-12-07 08:59:04",
      "content": "哟，英国啊，切尔西啊，可惜输了"
    },
    {
      "user": "yoku",
      "date": "2015-12-07 09:17:01",
      "content": "贝克汉姆"
    },
    {
      "user": "[已注销]",
      "date": "2015-12-07 09:29:32",
      "content": "什么鬼？元老赛？"
    },
    {
      "user": "高鹏飞f_f",
      "date": "2015-12-07 16:46:12",
      "content": "世界慈善赛，英国对世界"
    },
    {
      "user": "圈圈",
      "date": "2015-12-07 18:24:21",
      "content": "羡慕啊"
    },
    {
      "user": "yoku",
      "date": "2015-12-07 23:13:54",
      "content": "正解"
    },
    {
      "user": "/",
      "date": "2015-12-08 21:18:13",
      "content": "不会是现场去看的吧！！！好羡慕！！"
    },
    {
      "user": "说故事的人",
      "date": "2015-12-09 10:00:15",
      "content": "还有清晰的照片么！！！超喜欢他们"
    },
    {
      "user": "biang。",
      "date": "2015-12-09 10:19:37",
      "content": "(*ˉ︶ˉ*)"
    },
    {
      "user": "已注销",
      "date": "2015-12-11 14:26:55",
      "content": "扎球王??"
    },
    {
      "user": "小明",
      "date": "2015-12-11 14:31:22",
      "content": "哎呀我去"
    }
  ]
}