{
  "title": "看看勇士能不能过步行者这关了",
  "topic": {
    "name": "搁浅春秋",
    "date": "2015-12-09 07:42:52",
    "content": "看看勇士能不能过步行者这关了"
  },
  "pages": [],
  "replys": [
    {
      "user": "搁浅春秋",
      "date": "2015-12-09 07:50:56",
      "content": "然而，没有直播。。"
    },
    {
      "user": "烧锅炉的小学生",
      "date": "2015-12-09 15:59:56",
      "content": "腾讯直播\r 何来没直播之说"
    }
  ]
}