{
  "title": "希望勇士继续赢下去",
  "topic": {
    "name": "rofen007",
    "date": "2015-12-12 12:47:56",
    "content": "希望勇士继续赢下去"
  },
  "pages": [],
  "replys": [
    {
      "user": "夏木willbe",
      "date": "2015-12-13 00:33:34",
      "content": "我"
    },
    {
      "user": "knight&暗夜",
      "date": "2015-12-13 01:17:17",
      "content": "就奔着94胜去了。。"
    },
    {
      "user": "蜡笔不小心",
      "date": "2015-12-13 02:48:22",
      "content": "98场"
    },
    {
      "user": "22",
      "date": "2015-12-13 09:25:22",
      "content": "赢不了哒"
    },
    {
      "user": "乐之者",
      "date": "2015-12-13 09:41:23",
      "content": "希望我杜进入西决。。"
    },
    {
      "user": "呛司",
      "date": "2015-12-13 11:50:57",
      "content": "输了"
    },
    {
      "user": "rofen007",
      "date": "2015-12-13 12:05:59",
      "content": "可惜了，有预感，毕竟昨天太耗体力了"
    },
    {
      "user": "大本回来啦",
      "date": "2015-12-13 12:08:00",
      "content": "昨天看着 没了汤神 影响挺大的"
    }
  ]
}