{
  "title": "认真的问，现在还有谁能阻挡勇士？",
  "topic": {
    "name": "江北嘴gakki",
    "date": "2015-12-12 11:47:40",
    "content": "认真的问，现在还有谁能阻挡勇士？"
  },
  "pages": [],
  "replys": [
    {
      "user": "[已注销]",
      "date": "2015-12-12 11:53:03",
      "content": "马刺试试吧"
    },
    {
      "user": "[已注销]",
      "date": "2015-12-12 11:58:23",
      "content": "蜗壳。。。。"
    },
    {
      "user": "夏木willbe",
      "date": "2015-12-13 00:33:45",
      "content": "雷霆"
    },
    {
      "user": "[已注销]",
      "date": "2015-12-13 00:35:17",
      "content": "明天勇士输球"
    },
    {
      "user": "knight&暗夜",
      "date": "2015-12-13 01:16:30",
      "content": "雷霆状态好的时候"
    },
    {
      "user": "[已注销]",
      "date": "2015-12-13 09:54:02",
      "content": "短期没有比今天雄鹿机会更好的了"
    },
    {
      "user": "南山老狐狸",
      "date": "2015-12-13 09:55:14",
      "content": "马失前蹄～船翻小阴沟，就在今天"
    },
    {
      "user": "ReaperOfPotato",
      "date": "2015-12-13 10:06:41",
      "content": "勇士今天全员疲惫，而且是联系7个客场最后一站，没有比雄鹿再好的机会了"
    },
    {
      "user": "烧锅炉的小学生",
      "date": "2015-12-14 13:00:14",
      "content": "类似这种的贴子，发啊发啊，直到现在终于有了答案"
    }
  ]
}