{
  "title": "第四节沃顿为什么不上博古特呢。。",
  "topic": {
    "name": "knight&暗夜",
    "date": "2015-12-13 11:51:22",
    "content": "第四节沃顿为什么不上博古特呢。。"
  },
  "pages": [],
  "replys": [
    {
      "user": "[已注销]",
      "date": "2015-12-13 12:05:04",
      "content": "没啥用，已经连续三场很吃力了，体力已经到极限了"
    },
    {
      "user": "Bir·D·inK",
      "date": "2015-12-13 12:07:58",
      "content": "我也觉得应该上博古特试试，感觉沃顿太执着小个阵容"
    },
    {
      "user": "knight&暗夜",
      "date": "2015-12-13 12:12:06",
      "content": "本来雄鹿内线就太高了，胳膊又长。。但是经验不足，上半场和第三节雄鹿内线还是被博古特压制住的。。"
    },
    {
      "user": "[已注销]",
      "date": "2015-12-13 14:30:01",
      "content": "其实应该做出些改变的"
    },
    {
      "user": "Persistent.",
      "date": "2015-12-15 18:55:01",
      "content": "还是太年轻"
    }
  ]
}