{
  "title": "有多少人，在等马刺打勇士",
  "topic": {
    "name": "卖地瓜的小男孩",
    "date": "2015-12-14 23:14:06",
    "content": "有多少人，在等马刺打勇士"
  },
  "pages": [],
  "replys": [
    {
      "user": "Persistent.",
      "date": "2015-12-15 18:50:04",
      "content": "哈哈哈悄悄地进村 打枪的不要"
    },
    {
      "user": "可乐",
      "date": "2015-12-15 18:50:07",
      "content": "1月36日是什么鬼？"
    },
    {
      "user": "visionary.",
      "date": "2015-12-15 22:14:22",
      "content": "最近几年都是偶尔关注一下NBA  但都期待邓肯再拿总冠军"
    },
    {
      "user": "22",
      "date": "2015-12-15 22:40:14",
      "content": "谁打勇士我都支持"
    }
  ]
}