{
  "title": "说说明天世俱杯",
  "topic": {
    "name": "BAS",
    "date": "2015-12-16 21:28:49",
    "content": "说说明天世俱杯"
  },
  "pages": [],
  "replys": [
    {
      "user": "双层巴士",
      "date": "2015-12-16 21:29:24",
      "content": "手心手背都是肉，明天可以退掉一切事情就只为看这场比赛"
    },
    {
      "user": "双层巴士",
      "date": "2015-12-16 21:29:24",
      "content": "手心手背都是肉，明天可以退掉一切事情就只为看这场比赛"
    },
    {
      "user": "BAS",
      "date": "2015-12-16 21:48:21",
      "content": "希望比赛精彩，明天不容错过！"
    },
    {
      "user": "长发之殇",
      "date": "2015-12-17 15:39:50",
      "content": "尽力就好，不管输几个"
    },
    {
      "user": "骑着乌龟遛弯",
      "date": "2015-12-17 20:41:54",
      "content": "0:3输了"
    },
    {
      "user": "BAS",
      "date": "2015-12-17 22:58:39",
      "content": "还不错啦！"
    },
    {
      "user": "已注销",
      "date": "2015-12-18 09:51:51",
      "content": "恒大踢得不错啊。比皇马强。"
    },
    {
      "user": "BAS",
      "date": "2015-12-18 10:34:52",
      "content": "哈哈，至少没有被灌4个"
    }
  ]
}