{
  "title": "恒大跟巴萨比差在哪？",
  "topic": {
    "name": "maxxu412",
    "date": "2015-12-18 13:46:38",
    "content": "恒大跟巴萨比差在哪？"
  },
  "pages": [],
  "replys": [
    {
      "user": "红侠Joey",
      "date": "2015-12-18 14:00:10",
      "content": "比赛节奏简直就是慢三步对上了街舞啊~~~人家降到跟你一个速率去踢，还是完爆你。"
    },
    {
      "user": "読売新聞",
      "date": "2015-12-18 14:08:04",
      "content": "意识"
    },
    {
      "user": "长发之殇",
      "date": "2015-12-18 14:10:54",
      "content": "是有差距，这个星球上又有几个队能像巴萨这样的，但是我觉得恒大已经了不起了，至少不怵巴萨，敢攻，只是技术，意识层面的差距"
    },
    {
      "user": "凉风有信",
      "date": "2016-01-08 17:40:35",
      "content": "巴萨的足球来自骨子里的热爱，恒大也就是踢踢玩玩"
    },
    {
      "user": "淡定姐",
      "date": "2016-01-11 03:58:06",
      "content": "哪儿都差"
    },
    {
      "user": "BruceOne",
      "date": "2016-01-11 10:12:24",
      "content": "没啥可比性"
    },
    {
      "user": "吴亦凡",
      "date": "2016-01-11 10:28:08",
      "content": "来带上手柄  我让你知道五维世界"
    },
    {
      "user": "Joshuayoung",
      "date": "2016-01-16 12:14:41",
      "content": "战术意识"
    },
    {
      "user": "BBzi",
      "date": "2016-01-18 22:35:20",
      "content": "LZ说得很对。\r 我只能去欣赏乒乓球意淫一下反过来的思路。谢谢！"
    },
    {
      "user": "石头",
      "date": "2016-01-18 22:37:47",
      "content": "最大的区别是足协"
    },
    {
      "user": "/",
      "date": "2016-01-18 22:41:16",
      "content": "中间差了一个拜仁的距离"
    }
  ]
}