{
  "title": "NBA现在真是各种体毛哨了。。",
  "topic": {
    "name": "knight&暗夜",
    "date": "2015-12-22 11:31:16",
    "content": "NBA现在真是各种体毛哨了。。"
  },
  "pages": [],
  "replys": [
    {
      "user": "西莫的大虫子",
      "date": "2015-12-23 17:17:37",
      "content": "٩(͡๏̯͡๏)۶"
    },
    {
      "user": "Faith_",
      "date": "2015-12-25 17:05:24",
      "content": "然而我瓜被打死了也没有哨子"
    },
    {
      "user": "烧锅炉的小学生",
      "date": "2015-12-27 17:56:32",
      "content": "什么叫现在是体猫哨。。。。。。。。。。。。。。。。\r 热火第一冠，简直发指。"
    },
    {
      "user": "红茶味的冰红茶",
      "date": "2015-12-29 22:56:45",
      "content": "同样有些拔了体毛都不吹"
    },
    {
      "user": "九命狗Tutu",
      "date": "2016-01-03 20:38:58",
      "content": "你确定看过06热火比赛？你哪来和现在哈登的打法比比看。"
    },
    {
      "user": "烧锅炉的小学生",
      "date": "2016-01-03 22:38:23",
      "content": "我为什么没看过06总决？06总决都是公案了，这也要洗？\r 我说06总决，并没有否定现在哈登什么哨吧？我说的和你说的，有矛盾？\r （什么叫现在是体猫哨。。。。。。。。。。。。。。。。\r 热火第一冠，简直发指。）>>>>>>>>>>>我的意思是，从06年开始，就是体毛。对于现状，早已经习以为常。针对LZ的这个感慨，我个人是觉得没什么好大惊小怪的。"
    }
  ]
}