{
  "title": "小女子资深刺迷，求交流",
  "topic": {
    "name": "不觉",
    "date": "2015-12-22 22:09:38",
    "content": "小女子资深刺迷，求交流"
  },
  "pages": [],
  "replys": [
    {
      "user": "Runjey",
      "date": "2015-12-22 22:10:00",
      "content": "湖人球迷路过"
    },
    {
      "user": "22",
      "date": "2015-12-22 22:39:18",
      "content": "詹蜜来了"
    },
    {
      "user": "Zinging",
      "date": "2015-12-22 22:42:45",
      "content": "瓜蜜来了"
    },
    {
      "user": "樱木花道",
      "date": "2015-12-22 22:44:07",
      "content": "只想看勇士pk马刺，看看是小球厉害还是传统篮球厉害"
    },
    {
      "user": "比熊汪汪",
      "date": "2015-12-22 22:46:51",
      "content": "看马刺十年了，每次看到邓肯就特么舒服！"
    },
    {
      "user": "白色巧克力",
      "date": "2015-12-22 22:50:10",
      "content": "KG密"
    },
    {
      "user": "在这边trustmyse",
      "date": "2015-12-22 23:13:30",
      "content": "啥时时候开始看球的"
    },
    {
      "user": "夏夏夏夏天",
      "date": "2015-12-22 23:32:15",
      "content": "女刺迷越来越多"
    },
    {
      "user": "天蝎",
      "date": "2015-12-22 23:46:58",
      "content": "你是马刺乐队的助理吗"
    },
    {
      "user": "KarmaPolice",
      "date": "2015-12-22 23:54:17",
      "content": "卡哇伊你们还满意吗"
    },
    {
      "user": "Zzzz丶Hh",
      "date": "2015-12-23 08:26:43",
      "content": "怎么好多女生喜欢马刺。。。"
    },
    {
      "user": "Zzai回首",
      "date": "2015-12-23 11:54:49",
      "content": "马刺 稳定  老练"
    },
    {
      "user": "[已注销]",
      "date": "2015-12-23 11:55:42",
      "content": "女球迷..."
    },
    {
      "user": "Kobe",
      "date": "2015-12-23 13:01:44",
      "content": "科密路过"
    },
    {
      "user": "毛巾兔",
      "date": "2015-12-31 23:13:02",
      "content": "今天突然感觉马刺未来是卡哇伊 阿德加上凯尔安德森"
    },
    {
      "user": "rofen007",
      "date": "2015-12-31 23:30:14",
      "content": "我要转和你一路"
    },
    {
      "user": "嗨，胖子",
      "date": "2016-01-02 00:08:01",
      "content": "刺蜜一生呆"
    },
    {
      "user": "别动我的听诊器",
      "date": "2016-01-03 19:31:35",
      "content": "21号新秀也快退役了，卡哇伊已经站起来了"
    },
    {
      "user": "牛油果杀手",
      "date": "2016-01-03 19:32:36",
      "content": "大马羊球迷路过"
    },
    {
      "user": "你好啊大胸弟😍",
      "date": "2016-01-04 23:56:56",
      "content": "喜欢罗斯和韦德，可惜都不复当年巅峰了。唉 忆往昔峥嵘岁月稠 想当初狂练迷踪步和折叠上篮……"
    }
  ]
}