{
  "title": "谁才是联盟现役的第一扣将？  我提名几个，希望大...",
  "topic": {
    "name": "有时",
    "date": "2015-12-24 19:01:05",
    "content": "谁才是联盟现役的第一扣将？  我提名几个，希望大..."
  },
  "pages": [],
  "replys": [
    {
      "user": "西莫的大虫子",
      "date": "2015-12-24 21:03:37",
      "content": "٩(͡๏̯͡๏)۶"
    },
    {
      "user": "你好啊大胸弟😍",
      "date": "2016-01-05 00:05:07",
      "content": "文斯卡特呢"
    },
    {
      "user": "泥巴",
      "date": "2016-01-05 21:22:40",
      "content": "好歹拉文也拿了个冠军啊，还是最近的一年"
    },
    {
      "user": "什么阴影魔障",
      "date": "2016-01-05 21:33:01",
      "content": "没有什么第一第二的，卡特是唯一的扣将。"
    },
    {
      "user": "威芝乐",
      "date": "2016-01-05 22:45:59",
      "content": "泰伦斯罗斯应该前三"
    },
    {
      "user": "莘楚楚",
      "date": "2016-01-14 06:51:00",
      "content": "我芬我芬"
    },
    {
      "user": "温柔的雨滴",
      "date": "2016-01-14 12:01:41",
      "content": "我北卡还没退役呢！"
    },
    {
      "user": "Fantastic",
      "date": "2016-01-14 12:04:24",
      "content": "扣将得看怎么说了，想威尔金斯这样的，现在联盟已经不太吹捧了，楼主难道是新浪腾讯直播流么？白边都能上榜，拉文，奥拉迪波还不如他么？哦？对了，还有罗斯"
    },
    {
      "user": "陈在天",
      "date": "2016-01-19 16:29:43",
      "content": "扣将那种灌篮大赛的不算,应该是能拿分经常以灌篮拿分才是，这样看 西布和德罗赞可以算"
    },
    {
      "user": "超级无敌厉害",
      "date": "2016-01-29 10:37:41",
      "content": "詹姆斯 格里芬 维少 暴力美学，身体素质顶级"
    },
    {
      "user": "红侠Joey",
      "date": "2016-01-29 10:42:12",
      "content": "姐夫格林经过心脏手术和背伤后早已不行啦。"
    },
    {
      "user": "Bigger",
      "date": "2016-01-30 19:01:30",
      "content": "心中必须拉文和杰拉德"
    },
    {
      "user": "CAVALIERS ",
      "date": "2016-02-11 23:31:42",
      "content": "各有各的不同，如果非要选的话第一肯定是詹皇，再就是给力芬"
    },
    {
      "user": "东楼公子",
      "date": "2016-02-12 14:25:53",
      "content": "卡哇伊还来了，你逗我"
    }
  ]
}