{
  "title": "谈谈庄神和白边，未来五年谁更优秀",
  "topic": {
    "name": "威芝乐",
    "date": "2016-01-04 18:41:07",
    "content": "谈谈庄神和白边，未来五年谁更优秀"
  },
  "pages": [],
  "replys": [
    {
      "user": "泥巴",
      "date": "2016-01-04 18:57:16",
      "content": "白边是89年的..............."
    },
    {
      "user": "可乐",
      "date": "2016-01-04 22:06:03",
      "content": "上限都不是特别高，白边的状态还能持续个两三年，拿到大合同后再看表现吧，反倒是觉得TT会稳定五年以上，上限还能提高。"
    },
    {
      "user": "睥睨的大嘴兽",
      "date": "2016-01-06 16:24:42",
      "content": "个人看好波尔津吉斯?希望尼克斯能珍惜他"
    },
    {
      "user": "梅尔基亚德斯",
      "date": "2016-01-08 15:14:36",
      "content": "白边脑子不好使"
    },
    {
      "user": "ゃまと",
      "date": "2016-01-11 22:04:42",
      "content": "庄神 白边年龄不小了 已经成型了"
    }
  ]
}