{
  "title": "从8号到24号，从轻狂到成熟。Kobe",
  "topic": {
    "name": "Just Walking.",
    "date": "2016-01-07 12:58:23",
    "content": "从8号到24号，从轻狂到成熟。Kobe"
  },
  "pages": [],
  "replys": [
    {
      "user": "Cavs2.",
      "date": "2016-01-10 19:00:12",
      "content": "科比的告别意味着他们那个时代的终结。"
    },
    {
      "user": "22222",
      "date": "2016-01-12 19:28:19",
      "content": "你曾是少年。"
    },
    {
      "user": "请半日假",
      "date": "2016-01-15 19:36:51",
      "content": "科比和马龙那张照片真壮。"
    }
  ]
}