{
  "title": "大爱黄金96！",
  "topic": {
    "name": "Just Walking.",
    "date": "2016-01-14 21:22:02",
    "content": "大爱黄金96！"
  },
  "pages": [],
  "replys": [
    {
      "user": "纯情小腊鸭",
      "date": "2016-01-14 21:59:33",
      "content": "一样爱"
    },
    {
      "user": "无遮的小六大人",
      "date": "2016-01-14 22:02:31",
      "content": "关张伯伦啥事"
    },
    {
      "user": "Edmond",
      "date": "2016-01-14 22:33:23",
      "content": "你上面说到的96就只有艾佛森和科比是，其他都不是"
    },
    {
      "user": "Edmond",
      "date": "2016-01-14 22:33:33",
      "content": "还有雷阿伦，不好意思"
    },
    {
      "user": "温柔的雨滴",
      "date": "2016-01-14 23:24:01",
      "content": "忠艾一生"
    }
  ]
}