{
  "title": "三场三球 廖立生“生生不息”",
  "topic": {
    "name": "星盟体育",
    "date": "2016-01-19 17:28:14",
    "content": "三场三球 廖立生“生生不息”"
  },
  "pages": [],
  "replys": [
    {
      "user": "豆瓣儿",
      "date": "2016-01-19 17:46:02",
      "content": "惨败反衬出廖力生的能力。可叹"
    },
    {
      "user": "BBzi",
      "date": "2016-01-22 12:10:21",
      "content": "任意球不错，不过感觉还是身体稍显单薄，徐新被罚掉了后，他应该起到攻守转换枢纽的地位。\r 哎，猪队友太多。"
    },
    {
      "user": "贾维斯",
      "date": "2016-01-22 14:59:07",
      "content": "廖力生厉害！就怕伤仲永呀"
    }
  ]
}