{
  "title": "“浓眉哥”未能入选全明星首发 可能损失千万",
  "topic": {
    "name": "米其林的星星",
    "date": "2016-01-22 13:56:56",
    "content": "“浓眉哥”未能入选全明星首发 可能损失千万"
  },
  "pages": [],
  "replys": [
    {
      "user": "米其林的星星",
      "date": "2016-01-22 14:41:47",
      "content": "++1"
    },
    {
      "user": "米其林的星星",
      "date": "2016-01-22 16:44:40",
      "content": "想想也是醉了。。醉了。。"
    },
    {
      "user": "laeticia",
      "date": "2016-02-03 11:32:28",
      "content": "浓眉这个赛季发挥不好啊"
    },
    {
      "user": "[已注销]",
      "date": "2016-02-05 13:16:00",
      "content": "什么叫推大胡子....首发但独算SG都不一定是他，科比明明就是今年打3号多\r 浓眉赛季开始前被捧得可比库里高多了，打成这样怨不了别人"
    },
    {
      "user": "一毛三带刀侍卫",
      "date": "2016-02-05 13:27:25",
      "content": "球队战绩太差"
    },
    {
      "user": "fgy",
      "date": "2016-02-07 16:51:26",
      "content": "如果科比还在分卫坑的就是大威少了，威少今年不比浓眉猛么，而且不触发罗斯条款球队薪资还健康点，也没什么不好"
    },
    {
      "user": "烧锅炉的小学生",
      "date": "2016-02-08 13:15:06",
      "content": "基本就是你说的这样。"
    },
    {
      "user": "[已注销]",
      "date": "2016-02-10 12:19:08",
      "content": "库里又开始了.....苍天"
    },
    {
      "user": "烧锅炉的小学生",
      "date": "2016-02-19 16:35:14",
      "content": "阿弥托佛XDD"
    },
    {
      "user": "[已注销]",
      "date": "2016-02-19 16:47:33",
      "content": "现在是怎么了？年薪都快三千万了。"
    },
    {
      "user": "米其林的星星",
      "date": "2016-05-08 11:58:30",
      "content": "。。"
    }
  ]
}