{
  "title": "星期二马刺打勇士",
  "topic": {
    "name": "HOHO",
    "date": "2016-01-25 07:02:33",
    "content": "星期二马刺打勇士"
  },
  "pages": [],
  "replys": [
    {
      "user": "Frank",
      "date": "2016-01-25 09:38:19",
      "content": "目前来讲确实是看点，原以为骑士也算在内，结果大家都知道了"
    },
    {
      "user": "长发之殇",
      "date": "2016-01-25 10:04:48",
      "content": "卡哇伊防格林"
    },
    {
      "user": "花弄影",
      "date": "2016-01-25 10:13:10",
      "content": "就怕波波弄个轮休。。。"
    },
    {
      "user": "GOKU",
      "date": "2016-01-25 10:54:05",
      "content": "呆呆宣布膝盖疼"
    },
    {
      "user": "花弄影",
      "date": "2016-01-25 10:56:06",
      "content": "帕克宣布臀部不适"
    },
    {
      "user": "爱我所艾",
      "date": "2016-01-25 16:18:41",
      "content": "我已经辞好职，准备观看了，还有比这更吊的吗"
    },
    {
      "user": "GOKU",
      "date": "2016-01-25 16:25:07",
      "content": "你怎么又辞职了"
    },
    {
      "user": "咸鱼与猫",
      "date": "2016-01-25 16:27:51",
      "content": "我压马刺赢五毛"
    },
    {
      "user": "搁浅春秋",
      "date": "2016-01-25 16:35:56",
      "content": "明天翘班必须看啊"
    },
    {
      "user": "星海坊主",
      "date": "2016-01-25 16:38:25",
      "content": "非常期待 这赛季就这两只球队再加凯尔特人能给人惊喜 雷霆跟国王勉强符合预期 其他球队只能说让人失望"
    },
    {
      "user": "爱我所艾",
      "date": "2016-01-25 16:57:50",
      "content": "我上次说这话是3年前吧...."
    },
    {
      "user": "Smile",
      "date": "2016-01-25 17:02:59",
      "content": "马刺必胜"
    },
    {
      "user": "HOHO",
      "date": "2016-01-26 05:57:24",
      "content": "已经说了，除了邓肯，全部要打。"
    },
    {
      "user": "温柔的雨滴",
      "date": "2016-01-26 08:06:11",
      "content": "天雷勾地火，期待期待"
    },
    {
      "user": "fgy",
      "date": "2016-01-31 11:44:14",
      "content": "雷霆明显低于预期。。。防守差的打谁谁变态准"
    },
    {
      "user": "红非红",
      "date": "2016-02-09 16:55:16",
      "content": "英明啊盆友~"
    }
  ]
}