{
  "title": "命中注定的对决，狼堡欧冠16强前瞻",
  "topic": {
    "name": "河边的人",
    "date": "2016-01-29 14:21:47",
    "content": "命中注定的对决，狼堡欧冠16强前瞻"
  },
  "pages": [],
  "replys": [
    {
      "user": "大英皇家训猫师",
      "date": "2016-01-29 14:27:37",
      "content": "许三多不是受伤了吗"
    },
    {
      "user": "大英皇家训猫师",
      "date": "2016-01-29 14:28:51",
      "content": "等等我好像穿越了"
    },
    {
      "user": "科技股个",
      "date": "2016-01-29 16:46:08",
      "content": "其实我一般是不看足球的但是这次特别关注。"
    },
    {
      "user": "思念得寸",
      "date": "2016-01-29 16:57:22",
      "content": "这样一看，还真的很期待这场对决呢。"
    },
    {
      "user": "忘还是记",
      "date": "2016-01-29 17:01:44",
      "content": "感觉这次狼堡和根特实力都很强劲。"
    },
    {
      "user": "将涵括",
      "date": "2016-01-29 17:04:12",
      "content": "这样一分析还真的很期待狼堡和根特的对决。"
    },
    {
      "user": "王晓刀",
      "date": "2016-01-29 17:06:19",
      "content": "狼堡确实是这次欧冠的黑马。"
    }
  ]
}