{
  "title": "愿天堂也有足球，纪念马兰达去世一周年",
  "topic": {
    "name": "看星系",
    "date": "2016-01-29 14:32:27",
    "content": "愿天堂也有足球，纪念马兰达去世一周年"
  },
  "pages": [],
  "replys": [
    {
      "user": "笑哥",
      "date": "2016-01-29 16:43:45",
      "content": "当时在德国，刚好也知道这个消息，那时候张稀哲也在队"
    },
    {
      "user": "不相信泪",
      "date": "2016-01-29 16:51:49",
      "content": "马兰达是我们心里永远的足球天才！"
    },
    {
      "user": "尘封的记忆",
      "date": "2016-01-29 16:55:07",
      "content": "足球是他的梦想，愿天堂无限美好"
    },
    {
      "user": "下载幸福",
      "date": "2016-01-29 16:59:08",
      "content": "沉痛悼念马兰大！愿一路走好"
    },
    {
      "user": "韩国把机会吧",
      "date": "2016-01-29 17:02:56",
      "content": "尽管马兰达已经去世那么久了，但是他永远活在我们心里！"
    }
  ]
}