{
  "title": "扣篮大赛历史最佳阵容",
  "topic": {
    "name": "llanoshine",
    "date": "2016-01-29 22:12:03",
    "content": "扣篮大赛历史最佳阵容"
  },
  "pages": [],
  "replys": [
    {
      "user": "蒙奇.D.1991",
      "date": "2016-01-29 22:39:48",
      "content": "应该有姐森，你插的深"
    },
    {
      "user": "温柔的雨滴",
      "date": "2016-01-30 23:19:24",
      "content": "还有一个不是球星，扣篮却很变态的詹姆斯怀特"
    },
    {
      "user": "Johny",
      "date": "2016-01-30 23:25:15",
      "content": "内特算了，拉文比他都好，要说成就还不如格林"
    },
    {
      "user": "夜里不蒙面",
      "date": "2016-01-31 09:13:57",
      "content": "卡特，詹姆斯怀特，拉文，格林，贾森理查德森"
    },
    {
      "user": "CAVALIERS ",
      "date": "2016-02-11 23:30:39",
      "content": "我觉得应该有拉文，看了拉文扣篮的都知道，拉文扣篮看着特别轻盈，特别轻松，扣的难度大，所以应该有拉文"
    }
  ]
}