{
  "title": "NBA全明星2016扣篮大赛！！！",
  "topic": {
    "name": "安迪·AndYip",
    "date": "2016-02-14 11:21:43",
    "content": "NBA全明星2016扣篮大赛！！！"
  },
  "pages": [],
  "replys": [
    {
      "user": "[已注销]",
      "date": "2016-02-14 11:39:42",
      "content": "史上最强的一次了吧...从来没有两个人都这么给力的时候"
    },
    {
      "user": "小尼姑",
      "date": "2016-02-14 11:42:20",
      "content": "真的好精彩"
    },
    {
      "user": "fgy",
      "date": "2016-02-14 11:45:41",
      "content": "拉文预赛前两扣比决赛前两扣好看，最后一跳已经没有预赛起跳远了，预赛踩罚球线，决赛已经是罚球线里一步了"
    },
    {
      "user": "[已注销]",
      "date": "2016-02-14 11:50:08",
      "content": "简直醉了。"
    },
    {
      "user": "我不是老曹",
      "date": "2016-02-14 11:59:57",
      "content": "因为要胯下，所以不能跳太远了"
    },
    {
      "user": "专打风骚",
      "date": "2016-02-14 12:00:24",
      "content": "牛逼了"
    },
    {
      "user": "揪",
      "date": "2016-02-14 12:03:47",
      "content": "2000年后终有扣篮"
    },
    {
      "user": "夏天😘😘",
      "date": "2016-02-14 12:11:32",
      "content": "我虽然是喜欢卡特的，但还是不的不承认，今年的扣篮可以跟卡特麦迪那一届相比。亚军的是叫戈登吧？他请吉祥物的三跳真的是牛逼啊。"
    },
    {
      "user": "fgy",
      "date": "2016-02-14 12:27:18",
      "content": "尤其是身体在空中歪着那个"
    },
    {
      "user": "fgy",
      "date": "2016-02-14 12:27:31",
      "content": "詹姆斯怀特"
    },
    {
      "user": "Rex",
      "date": "2016-02-14 12:53:50",
      "content": "戈登有点体操底子的感觉~~"
    },
    {
      "user": "耗子",
      "date": "2016-02-14 12:56:57",
      "content": "精彩"
    },
    {
      "user": "我不是老曹",
      "date": "2016-02-14 13:22:24",
      "content": "怀特不胯下可以罚球线前就扣"
    },
    {
      "user": "22",
      "date": "2016-02-14 14:49:26",
      "content": "公司看 好棒"
    },
    {
      "user": "安迪·AndYip",
      "date": "2016-02-15 10:25:18",
      "content": "是的，真的超赞！！！哥登创意很好呢！"
    },
    {
      "user": "安迪·AndYip",
      "date": "2016-02-15 10:25:32",
      "content": "Gordon有点可惜啊！"
    },
    {
      "user": "安迪·AndYip",
      "date": "2016-02-15 10:26:09",
      "content": "是的，可是，我觉得Gordon难度更高，创意更好，有点可惜啊！"
    },
    {
      "user": "安迪·AndYip",
      "date": "2016-02-15 10:26:39",
      "content": "哈哈，是的呢！"
    },
    {
      "user": "安迪·AndYip",
      "date": "2016-02-15 10:27:28",
      "content": "是的，他的难度大，创意高，我觉得他亚军有点可惜啊！！！"
    },
    {
      "user": "安迪·AndYip",
      "date": "2016-02-15 10:27:52",
      "content": "操底子啥意思啊"
    },
    {
      "user": "安迪·AndYip",
      "date": "2016-02-15 10:28:17",
      "content": "我觉得可以的，他的弹跳可以。可以极限点"
    },
    {
      "user": "Rex",
      "date": "2016-02-15 10:32:31",
      "content": "体操 底子"
    },
    {
      "user": "fgy",
      "date": "2016-02-15 10:38:09",
      "content": "决赛前两扣确实戈登的更好"
    },
    {
      "user": "22222",
      "date": "2016-02-15 11:03:11",
      "content": "不能更赞啦啦啦啦啦"
    },
    {
      "user": "安迪·AndYip",
      "date": "2016-02-15 22:08:48",
      "content": "原来是这个意思，涨姿势了~~~"
    },
    {
      "user": "安迪·AndYip",
      "date": "2016-02-15 22:09:05",
      "content": "就是啊，所以可惜了~~"
    },
    {
      "user": "安迪·AndYip",
      "date": "2016-02-15 22:09:23",
      "content": "必须的必~~~"
    },
    {
      "user": "22",
      "date": "2016-02-15 23:59:29",
      "content": "今天看比赛 詹韦一线好棒"
    },
    {
      "user": "安迪·AndYip",
      "date": "2016-02-16 20:12:01",
      "content": "肯定啊，兄弟般的组合！"
    }
  ]
}