{
  "title": "威少蝉联全明星正赛MVP,大家有何看法？",
  "topic": {
    "name": "赵铁柱",
    "date": "2016-02-15 12:11:05",
    "content": "威少蝉联全明星正赛MVP,大家有何看法？"
  },
  "pages": [],
  "replys": [
    {
      "user": "[已注销]",
      "date": "2016-02-15 12:12:03",
      "content": "蜗壳表现太一般 不性福"
    },
    {
      "user": "赵铁柱",
      "date": "2016-02-15 12:13:49",
      "content": "科比，怎么说呢"
    },
    {
      "user": "[已注销]",
      "date": "2016-02-15 12:20:22",
      "content": "虽然说这是20年巨星的应有表现。。。但是还是想看到当年帽乔丹 和AI火拼有得分和表现欲的蜗壳 \r现在全明星都不防守 不知道怕受伤还是什么。。。看着纯粹是表演 没有一点竞技性啊。。"
    },
    {
      "user": "柒♂",
      "date": "2016-02-15 12:21:47",
      "content": "快成三分球大赛了,不过好在今年扣篮大赛好看"
    },
    {
      "user": "赵铁柱",
      "date": "2016-02-15 12:25:03",
      "content": "今年拉文是无敌了，他明年估计参加都没动作了"
    },
    {
      "user": "赵铁柱",
      "date": "2016-02-15 12:26:18",
      "content": "全明星好多年都是这样了，娱乐层面占大部分，篮球盛宴嘛，再怎么说也比CBA好看的多得多得多了。。"
    },
    {
      "user": "[已注销]",
      "date": "2016-02-15 12:33:00",
      "content": "刷数据的爆炸力真不是针对谁"
    },
    {
      "user": "赵铁柱",
      "date": "2016-02-15 12:34:30",
      "content": "全明星刷四双都可以"
    },
    {
      "user": "[已注销]",
      "date": "2016-02-15 12:52:59",
      "content": "第四个数据还真不好刷....都是巨星，谁会让你盖10个断10个？"
    },
    {
      "user": "赵铁柱",
      "date": "2016-02-15 12:53:53",
      "content": "失误，哈哈"
    },
    {
      "user": "毫无水平的水瓶男",
      "date": "2016-02-15 13:42:42",
      "content": "我就是看泡椒没有再进一个有点强迫症的难受"
    },
    {
      "user": "赵铁柱",
      "date": "2016-02-15 13:47:39",
      "content": "强迫症+1"
    },
    {
      "user": "毫无水平的水瓶男",
      "date": "2016-02-15 13:50:20",
      "content": "游戏里面我情愿犯规对面罚球也要再投一次的"
    },
    {
      "user": "赵铁柱",
      "date": "2016-02-15 13:51:24",
      "content": "41-42实属难受"
    },
    {
      "user": "Dennis_lue",
      "date": "2016-02-18 14:58:23",
      "content": "大和平球的结果"
    },
    {
      "user": "赵铁柱",
      "date": "2016-02-18 14:59:51",
      "content": "同意"
    },
    {
      "user": "Dennis_lue",
      "date": "2016-02-18 15:01:09",
      "content": "今年正赛挺没意思的"
    },
    {
      "user": "赵铁柱",
      "date": "2016-02-18 15:02:03",
      "content": "还不如去年"
    },
    {
      "user": "Dennis_lue",
      "date": "2016-02-18 15:02:29",
      "content": "再次握手"
    },
    {
      "user": "赵铁柱",
      "date": "2016-02-18 15:03:38",
      "content": "今天这推特选MVP也是不说啥了，虽然只占20%"
    },
    {
      "user": "赵铁柱",
      "date": "2016-02-19 13:26:22",
      "content": "毋庸置疑"
    }
  ]
}