{
  "title": "骑士能换来谁？",
  "topic": {
    "name": "[已注销]",
    "date": "2016-02-18 15:24:15",
    "content": "骑士能换来谁？"
  },
  "pages": [],
  "replys": [
    {
      "user": "donjon",
      "date": "2016-02-18 22:14:29",
      "content": "萨克雷不好吗？但是我湖是不愿意的，毕竟基石"
    },
    {
      "user": "[已注销]",
      "date": "2016-02-18 22:21:22",
      "content": "凯利"
    },
    {
      "user": "[已注销]",
      "date": "2016-02-18 22:21:54",
      "content": "凯利加尼克杨的超值套餐 换香波特"
    },
    {
      "user": "donjon",
      "date": "2016-02-18 22:23:47",
      "content": "凯利才换香波特至少love加jr吧。而且毕竟凯利是教练亲儿子不会换的"
    },
    {
      "user": "[已注销]",
      "date": "2016-02-18 22:24:35",
      "content": "再送个斯科特如何"
    },
    {
      "user": "donjon",
      "date": "2016-02-18 22:25:36",
      "content": "教练换詹姆斯还可以"
    },
    {
      "user": "[已注销]",
      "date": "2016-02-18 22:26:32",
      "content": "天赋带去洛杉矶 你别逗我  这样快船又得5年不进西决了"
    },
    {
      "user": "donjon",
      "date": "2016-02-18 22:46:20",
      "content": "不会的，毕竟詹皇过来只是来传传球。至于快船嘛，要不也进不了西决，和詹姆斯来不来没关系"
    },
    {
      "user": "三都 主",
      "date": "2016-02-18 23:36:46",
      "content": "换个好点的教练吧，这么多年了还是以詹皇和瓦莱乔建队。。"
    },
    {
      "user": "一方通行",
      "date": "2016-02-19 12:53:19",
      "content": "弗莱"
    },
    {
      "user": "[已注销]",
      "date": "2016-02-19 12:58:58",
      "content": "我想着隆多什么的呢。"
    },
    {
      "user": "一方通行",
      "date": "2016-02-19 12:59:56",
      "content": "那不太现实，合同大，位置冲突"
    },
    {
      "user": "[已注销]",
      "date": "2016-02-19 13:03:55",
      "content": "隆多现在的合同不到一千万，控球传球超越欧文，来其实打得分后卫最合适了。"
    },
    {
      "user": "[已注销]",
      "date": "2016-02-19 13:05:12",
      "content": "他在球场上的进攻效应非常大。"
    },
    {
      "user": "[已注销]",
      "date": "2016-02-19 13:09:17",
      "content": "欧文突破进去最多只是能把球打进或者传出去，隆多即使不能打进一些困难的球但是起码能变换出很多好的得分机会。"
    },
    {
      "user": "desire",
      "date": "2016-02-19 14:48:36",
      "content": "不是在yy要科沃尔么，这是忘记了上赛季的断腿之恩了。。。"
    },
    {
      "user": "[已注销]",
      "date": "2016-02-19 14:56:54",
      "content": "节奏会被破坏。"
    },
    {
      "user": "desire",
      "date": "2016-02-19 15:07:17",
      "content": "讲道理詹皇需要这么一个能投不要球权的。。。纪念逝去的雷阿伦。。。"
    },
    {
      "user": "[已注销]",
      "date": "2016-02-19 15:08:26",
      "content": "乐福欧文完全符合，只不过没有能组织战术的。"
    },
    {
      "user": "desire",
      "date": "2016-02-19 15:10:22",
      "content": "当然不符合。。。组织战术难道不是詹皇在组织。。。"
    },
    {
      "user": "[已注销]",
      "date": "2016-02-19 15:13:50",
      "content": "他组织后谁来运转？"
    },
    {
      "user": "desire",
      "date": "2016-02-19 15:21:04",
      "content": "难道不觉得是一手包办的。。。"
    },
    {
      "user": "[已注销]",
      "date": "2016-02-19 15:23:17",
      "content": "这才是骑士得分不高的根源。"
    },
    {
      "user": "烧锅炉的小学生",
      "date": "2016-02-19 16:42:29",
      "content": "答案是弗莱"
    },
    {
      "user": "[已注销]",
      "date": "2016-02-19 16:46:12",
      "content": "还能继续吗？"
    },
    {
      "user": "烧锅炉的小学生",
      "date": "2016-02-19 16:50:58",
      "content": "现在肯定不能了呀，交易已经截止了，不允许做了\r 不过可以观望一些其它球队放弃的老将什么的，如大卫李啦诺瓦克啦这种，这些可以签"
    }
  ]
}