{
  "title": "荔枝fm，状元秀EP33,2016交易，利拉德，北京季后赛",
  "topic": {
    "name": "螃蟹|Daddy²",
    "date": "2016-02-22 17:40:24",
    "content": "荔枝fm，状元秀EP33,2016交易，利拉德，北京季后赛"
  },
  "pages": [],
  "replys": [
    {
      "user": "[已注销]",
      "date": "2016-02-22 19:07:06",
      "content": "可喜欢和你聊天了"
    },
    {
      "user": "螃蟹|Daddy²",
      "date": "2016-02-22 20:35:18",
      "content": "不是吧？咱聊过？"
    },
    {
      "user": "tupac2k",
      "date": "2016-03-14 13:45:00",
      "content": "机器人"
    }
  ]
}