{
  "title": "狼堡再遇拜仁，会擦出怎样的火花？",
  "topic": {
    "name": "河边的人",
    "date": "2016-02-25 16:51:15",
    "content": "狼堡再遇拜仁，会擦出怎样的火花？"
  },
  "pages": [],
  "replys": [
    {
      "user": "科技股个",
      "date": "2016-02-27 11:02:59",
      "content": "不知道能不能赢取惊喜大奖了？"
    },
    {
      "user": "忘还是记",
      "date": "2016-02-27 11:03:51",
      "content": "那我还真要给他加油呢。"
    },
    {
      "user": "思念得寸",
      "date": "2016-02-27 11:04:14",
      "content": "我是坚信狼堡这次仍然能够给拜仁颜色。"
    },
    {
      "user": "将涵括",
      "date": "2016-02-27 11:04:28",
      "content": "对这一场天雷勾动地火的战斗可是很期待。"
    }
  ]
}