{
  "title": "太爽了、库里不止绝杀了雷霆更绝杀了计时器?不说了...",
  "topic": {
    "name": "[已注销]",
    "date": "2016-02-28 12:55:51",
    "content": "太爽了、库里不止绝杀了雷霆更绝杀了计时器?不说了..."
  },
  "pages": [],
  "replys": [
    {
      "user": "[已注销]",
      "date": "2016-02-28 13:21:25",
      "content": "瘸腿库里（;￣O￣） 什么话也不说了"
    },
    {
      "user": "[已注销]",
      "date": "2016-02-28 13:49:00",
      "content": "哈哈哈"
    },
    {
      "user": "多年未见",
      "date": "2016-02-28 14:00:14",
      "content": "确实很厉害，漫不经心的态度和淡然的气场，射手天赋点满了……"
    },
    {
      "user": "多年未见",
      "date": "2016-02-28 14:01:43",
      "content": "我之前对他有偏见…可是打了十几年球看了好多年nba。他的确是独一无二的萌库啊……"
    },
    {
      "user": "[已注销]",
      "date": "2016-02-28 14:03:05",
      "content": "哈哈哈、杜兰特该哭晕了、说好詹之后我是第一人的"
    },
    {
      "user": "多年未见",
      "date": "2016-02-28 14:04:36",
      "content": "杜兰特嘛………如果你不是他的粉丝恕我直言，长相输了，长得太不像巨星了→_→"
    },
    {
      "user": "[已注销]",
      "date": "2016-02-28 14:05:41",
      "content": "冲雷霆看的比赛、结果跪给了库里"
    },
    {
      "user": "裤子撕咧",
      "date": "2016-02-28 14:07:08",
      "content": "裤里就是屌"
    },
    {
      "user": "多年未见",
      "date": "2016-02-28 14:07:50",
      "content": "额，这么不忠诚呢?……虽然厉害雷霆队长得都不像那种篮球精灵……还好我不是雷霆队的粉丝…要不气晕"
    },
    {
      "user": "[已注销]",
      "date": "2016-02-28 14:08:05",
      "content": "哈哈、我对篮球不是很感冒、并不是谁的粉、有精彩的比赛就看一下"
    },
    {
      "user": "多年未见",
      "date": "2016-02-28 14:09:14",
      "content": "我也不是常看，但会偶尔看几场…一看就遇到这么精彩的。"
    },
    {
      "user": "多年未见",
      "date": "2016-02-28 14:11:13",
      "content": "一会儿我就买库里的客场球衣，热热身打球去！！"
    },
    {
      "user": "[已注销]",
      "date": "2016-02-28 14:11:21",
      "content": "哈哈哈、我只对科比忠诚"
    },
    {
      "user": "[已注销]",
      "date": "2016-02-28 14:12:29",
      "content": "??我也是、本来只是想在微博刷刷比分"
    },
    {
      "user": "[已注销]",
      "date": "2016-02-28 14:14:10",
      "content": "(・ω・)ノ"
    },
    {
      "user": "多年未见",
      "date": "2016-02-28 14:16:43",
      "content": "科比就要离开了，虽然不喜欢科比，但带走的是我的青春"
    },
    {
      "user": "[已注销]",
      "date": "2016-02-28 14:16:56",
      "content": "大写的懵(O_O)"
    },
    {
      "user": "多年未见",
      "date": "2016-02-28 14:17:35",
      "content": "快来场边给我加油！"
    },
    {
      "user": "裤子撕咧",
      "date": "2016-02-28 14:18:55",
      "content": "?"
    },
    {
      "user": "[已注销]",
      "date": "2016-02-28 14:19:00",
      "content": "是陪伴了整个青春、初中高中的时候班里男生天天嚷嚷科比才开始看篮球的"
    },
    {
      "user": "[已注销]",
      "date": "2016-02-28 14:20:21",
      "content": "→_→跟你又不认识"
    },
    {
      "user": "多年未见",
      "date": "2016-02-28 14:20:35",
      "content": "肯定不是我喊的，我喊得是艾弗森！"
    },
    {
      "user": "[已注销]",
      "date": "2016-02-28 14:21:02",
      "content": "看比赛的时候啊"
    },
    {
      "user": "[已注销]",
      "date": "2016-02-28 14:21:38",
      "content": "→_→你又不是我同学"
    },
    {
      "user": "多年未见",
      "date": "2016-02-28 14:21:57",
      "content": "你喊加油我们就认识了啊 :)你说这球漂亮！我顺着声音就认识了"
    },
    {
      "user": "裤子撕咧",
      "date": "2016-02-28 14:23:02",
      "content": "看的文字直播?电视是种奢侈"
    },
    {
      "user": "多年未见",
      "date": "2016-02-28 14:25:15",
      "content": "领会精神…我是说我喜欢艾佛森嘛。你要是我同学我得开心死。这么久有个还在喜欢篮球的朋友多不容易"
    },
    {
      "user": "[已注销]",
      "date": "2016-02-28 14:26:14",
      "content": "对呀、文字、央视是后来放的重播"
    },
    {
      "user": "[已注销]",
      "date": "2016-02-28 14:26:58",
      "content": "→_→人家只是伪球迷"
    },
    {
      "user": "[已注销]",
      "date": "2016-02-28 14:27:30",
      "content": "→_→我脸皮薄"
    },
    {
      "user": "多年未见",
      "date": "2016-02-28 14:27:44",
      "content": "我是伪球迷啊，但是我喜欢打篮球嘛"
    },
    {
      "user": "多年未见",
      "date": "2016-02-28 14:28:19",
      "content": "哈哈。………没看出来………你肯定不是脸皮薄得……………"
    },
    {
      "user": "裤子撕咧",
      "date": "2016-02-28 14:28:24",
      "content": "我以为就我看的文字直播"
    },
    {
      "user": "[已注销]",
      "date": "2016-02-28 14:28:56",
      "content": "→_→我也不会打篮球、只会足球的颠球、还只能颠5个"
    },
    {
      "user": "[已注销]",
      "date": "2016-02-28 14:30:18",
      "content": "啊哈哈、我开始还只是在微博看比分"
    },
    {
      "user": "[已注销]",
      "date": "2016-02-28 14:30:59",
      "content": "→_→你又没见过我怎么知道我脸皮厚"
    },
    {
      "user": "裤子撕咧",
      "date": "2016-02-28 14:31:01",
      "content": "你更厉害些"
    },
    {
      "user": "多年未见",
      "date": "2016-02-28 14:31:32",
      "content": "居然会⚽，五个很多了，我最多三个，我初中以后就不踢足球了"
    },
    {
      "user": "多年未见",
      "date": "2016-02-28 14:31:54",
      "content": "感觉，字里行间的感觉"
    },
    {
      "user": "[已注销]",
      "date": "2016-02-28 14:32:16",
      "content": "后来看到那么给力我才跑去看直播的(´･_･`)"
    },
    {
      "user": "[已注销]",
      "date": "2016-02-28 14:33:30",
      "content": "我是高中和大学体育课选修过足球、期末及格是颠5个(´･_･`)之后也没碰过了"
    },
    {
      "user": "[已注销]",
      "date": "2016-02-28 14:34:34",
      "content": "o(｀ω´ )o我字里行间哪里有脸皮很厚"
    },
    {
      "user": "多年未见",
      "date": "2016-02-28 14:35:17",
      "content": "那就是我感觉到的………"
    },
    {
      "user": "多年未见",
      "date": "2016-02-28 14:36:07",
      "content": "啊，可惜了啊…奥，毕业了？"
    },
    {
      "user": "[已注销]",
      "date": "2016-02-28 14:37:24",
      "content": "→_→"
    },
    {
      "user": "[已注销]",
      "date": "2016-02-28 14:38:37",
      "content": "对呀、去年毕业的、现在已经是社会上的阿姨了"
    },
    {
      "user": "多年未见",
      "date": "2016-02-28 15:00:20",
      "content": "阿姨你好……"
    },
    {
      "user": "多年未见",
      "date": "2016-02-28 15:04:15",
      "content": "看球的阿姨"
    },
    {
      "user": "[已注销]",
      "date": "2016-02-28 15:04:59",
      "content": "主要为了看汉纸、顺带看看球→_→"
    },
    {
      "user": "多年未见",
      "date": "2016-02-28 15:10:34",
      "content": "哈哈真没看出你是阿姨，还以为在读书呢。没想到还是枚妹子"
    },
    {
      "user": "多年未见",
      "date": "2016-02-28 15:11:26",
      "content": "那看这里啊，这里是汉子:)"
    },
    {
      "user": "多年未见",
      "date": "2016-02-28 15:11:26",
      "content": "那看这里啊，这里是汉子:)"
    },
    {
      "user": "[已注销]",
      "date": "2016-02-28 15:13:43",
      "content": "→_→反正是女的"
    },
    {
      "user": "多年未见",
      "date": "2016-02-28 15:15:56",
      "content": "女的为啥还看雷霆的，都没有偶像外貌…"
    },
    {
      "user": "[已注销]",
      "date": "2016-02-28 15:20:04",
      "content": "足球看脸篮球都长一个样、雷霆杜兰特、威少呀"
    },
    {
      "user": "多年未见",
      "date": "2016-02-28 15:22:06",
      "content": "我去就算是给人科比也比杜兰特长得好看啊……库里怎么能和威少长一个样……-_-"
    },
    {
      "user": "老猫",
      "date": "2016-02-28 15:22:42",
      "content": "看的裤头掉了"
    },
    {
      "user": "[已注销]",
      "date": "2016-02-28 15:24:59",
      "content": "一大批妹子要给库里生猴子了"
    },
    {
      "user": "老猫",
      "date": "2016-02-28 15:29:33",
      "content": "库日天 做不出那种事"
    },
    {
      "user": "柒♂",
      "date": "2016-02-29 12:17:10",
      "content": "我杜会是下一个马龙吗?希望不会"
    },
    {
      "user": "[已注销]",
      "date": "2016-02-29 13:23:03",
      "content": "啊哈哈哈"
    },
    {
      "user": "SWSE",
      "date": "2016-03-02 21:35:18",
      "content": "豆瓣讨论球都好和谐啊，喜欢"
    },
    {
      "user": "[已注销]",
      "date": "2016-03-02 21:40:25",
      "content": "哈哈哈、我就当你是在夸我这个帖子了"
    },
    {
      "user": "烧锅炉的小学生",
      "date": "2016-03-02 21:41:00",
      "content": "和谐吗？？？\r 哈哈哈哈哈，哈哈哈"
    },
    {
      "user": "SWSE",
      "date": "2016-03-02 21:54:51",
      "content": "我今天第一次发现还有nba这个小组"
    },
    {
      "user": "ourkid",
      "date": "2016-03-03 14:58:38",
      "content": "库真的是逆天 小学生打法完全打蒙了NBA名宿"
    },
    {
      "user": "烧锅炉的小学生",
      "date": "2016-03-04 17:44:24",
      "content": "哎，发现了也没用呀，球盲很多撒"
    },
    {
      "user": "SWSE",
      "date": "2016-03-06 19:43:06",
      "content": "确实。。。"
    }
  ]
}