{
  "title": "想组团去美国看nba季后赛吗！",
  "topic": {
    "name": "post",
    "date": "2016-02-29 16:36:00",
    "content": "想组团去美国看nba季后赛吗！"
  },
  "pages": [],
  "replys": [
    {
      "user": "那片江湖",
      "date": "2016-02-29 21:58:18",
      "content": "有"
    },
    {
      "user": "[已注销]",
      "date": "2016-02-29 22:00:10",
      "content": "只想看科比"
    },
    {
      "user": "post",
      "date": "2016-02-29 22:11:36",
      "content": "OK啊他虽然退役了 但时不时还会出现在场上 1月15号那场和勇士打 下半场就休息了"
    },
    {
      "user": "post",
      "date": "2016-02-29 22:13:13",
      "content": "特别想看现场 哪怕是没位置?"
    },
    {
      "user": "[已注销]",
      "date": "2016-02-29 22:46:27",
      "content": "\\(^o^)/YES!"
    },
    {
      "user": "[已注销]",
      "date": "2016-03-06 02:47:33",
      "content": "想！看我库"
    },
    {
      "user": "post",
      "date": "2016-03-08 15:43:23",
      "content": "奥克兰市篮球馆?"
    }
  ]
}