{
  "title": "踢球",
  "topic": {
    "name": "Sophie",
    "date": "2016-03-01 15:40:49",
    "content": "踢球"
  },
  "pages": [],
  "replys": [
    {
      "user": "PierrotLunaire",
      "date": "2016-03-01 15:41:11",
      "content": "什么工作，我也想做"
    },
    {
      "user": "Sophie",
      "date": "2016-03-01 15:43:24",
      "content": "已私"
    },
    {
      "user": "小雷哥",
      "date": "2016-03-01 15:53:39",
      "content": "不用辣么麻烦吧，有问题尽管问"
    },
    {
      "user": "吴亦凡",
      "date": "2016-03-01 15:59:09",
      "content": "啥工作这么开心"
    },
    {
      "user": "换了人间",
      "date": "2016-03-01 16:16:03",
      "content": "什么工作？"
    },
    {
      "user": "爱过",
      "date": "2016-03-01 16:18:21",
      "content": "请下载  懂球帝  APP"
    },
    {
      "user": "行走在国境之南",
      "date": "2016-03-01 16:31:48",
      "content": "什么工作？也告诉我一下呗"
    },
    {
      "user": "长发之殇",
      "date": "2016-03-01 16:38:16",
      "content": "在进攻方传球球员起脚的瞬间，接球球员比倒数第二名防守球员距离球门更近，同时比球距离球门更近，并试图借此位置进球或干扰比赛，就会被判罚越位"
    },
    {
      "user": "白牛二",
      "date": "2016-03-01 16:39:57",
      "content": "什么工作？ 求私聊"
    },
    {
      "user": "白牛二",
      "date": "2016-03-01 16:50:08",
      "content": "对你的工作很感兴趣啊  还要人吗？"
    },
    {
      "user": "默",
      "date": "2016-03-01 18:28:42",
      "content": "求工作"
    },
    {
      "user": "Caesar chen",
      "date": "2016-03-01 23:33:41",
      "content": "看我日志，你觉得我是懂球帝吗"
    }
  ]
}