{
  "title": "天雷勾地火",
  "topic": {
    "name": "温柔的雨滴",
    "date": "2016-03-04 12:09:49",
    "content": "天雷勾地火"
  },
  "pages": [],
  "replys": [
    {
      "user": "[已注销]",
      "date": "2016-03-04 12:40:05",
      "content": "CCTV都开始放冰球了？？有群众基础吗"
    },
    {
      "user": "[已注销]",
      "date": "2016-03-04 13:44:03",
      "content": "是你进入的方式不对。"
    },
    {
      "user": "LALKB",
      "date": "2016-03-04 14:20:49",
      "content": "央视周五是不直播NBA的，孩子"
    }
  ]
}