{
  "title": "这个时代我还是喜欢马刺！铁粉到老",
  "topic": {
    "name": "Wo tar",
    "date": "2016-03-05 09:46:51",
    "content": "这个时代我还是喜欢马刺！铁粉到老"
  },
  "pages": [],
  "replys": [
    {
      "user": "KKkyle",
      "date": "2016-03-05 16:11:31",
      "content": "十几年"
    },
    {
      "user": "hey",
      "date": "2016-03-05 23:46:33",
      "content": "跟我爸一样死忠粉"
    },
    {
      "user": "Wo tar",
      "date": "2016-03-05 23:52:29",
      "content": "啊噢"
    },
    {
      "user": "hey",
      "date": "2016-03-05 23:55:51",
      "content": "我会喜欢快船队多一点"
    },
    {
      "user": "我即正道",
      "date": "2016-03-06 00:14:46",
      "content": "go spurs go"
    }
  ]
}