{
  "title": "炸了",
  "topic": {
    "name": "PIS",
    "date": "2016-03-07 07:02:23",
    "content": "炸了"
  },
  "pages": [],
  "replys": [
    {
      "user": "[已注销]",
      "date": "2016-03-07 07:10:58",
      "content": "我心脏病都要犯了"
    },
    {
      "user": "LALKB",
      "date": "2016-03-07 07:38:31",
      "content": "完美，哈哈哈"
    },
    {
      "user": "1",
      "date": "2016-03-07 07:43:32",
      "content": "湖人牛逼！！"
    },
    {
      "user": "[已注销]",
      "date": "2016-03-07 09:20:36",
      "content": "我湖v587不解释 勇士有被黑八的潜力啊。。。。"
    },
    {
      "user": "该用户正在上线",
      "date": "2016-03-07 09:30:02",
      "content": "别，火箭没那实力"
    },
    {
      "user": "温柔的雨滴",
      "date": "2016-03-07 10:22:50",
      "content": "一大早醒来看到这个，我也蒙了"
    },
    {
      "user": "x",
      "date": "2016-03-07 10:24:10",
      "content": "反正都第一了，就随便打打，演练点其他战术？？？"
    },
    {
      "user": "HaHa",
      "date": "2016-03-07 10:43:33",
      "content": "这场球够我吹一年了?"
    },
    {
      "user": "心在一",
      "date": "2016-03-07 12:36:47",
      "content": "mb 起床方式不对"
    }
  ]
}