{
  "title": "库里能否超越科比81分",
  "topic": {
    "name": "小天狼",
    "date": "2016-03-07 10:20:59",
    "content": "库里能否超越科比81分"
  },
  "pages": [],
  "replys": [
    {
      "user": "今天我要早点睡",
      "date": "2016-03-07 11:12:30",
      "content": "有能力，但不可能。勇士体系不会使库里得到很高很高的分数。"
    },
    {
      "user": "小天狼",
      "date": "2016-03-07 11:24:18",
      "content": "库里像段誉，一招剑气纵横的六脉神剑天下无敌。科比像乔峰，进攻手段相对丰富，斗志强大，越战越强。乔峰战段誉，能胜否"
    },
    {
      "user": "小天狼",
      "date": "2016-03-07 11:25:37",
      "content": "我说抛却战术体系，假设他像科比那样投篮，能破81分么？"
    },
    {
      "user": "今天我要早点睡",
      "date": "2016-03-07 11:30:22",
      "content": "那肯定可以。科神可是有过1747神迹的男人。"
    },
    {
      "user": "丹特",
      "date": "2016-03-07 11:35:10",
      "content": "然而库里单场最高分在历史上都还没排上号"
    },
    {
      "user": "小天狼",
      "date": "2016-03-07 11:36:14",
      "content": "理性分析下，想得到70加1、球员必须有对位极大的优势2、一旦被发现单打独斗必会被包夹，在极其困难的情况下出手命中3、球员的身体素质超一流具有顽强斗志和体能，能够有足够的在场时间和出手次数，并保证高效产出。通过这几条你再分析下"
    },
    {
      "user": "今天我要早点睡",
      "date": "2016-03-07 11:45:29",
      "content": "我还是觉得库里有能力破81分"
    },
    {
      "user": "走钢索的人",
      "date": "2016-03-09 23:04:25",
      "content": "理智一点 他是上班打卡 你见过他玩儿命刷的？"
    },
    {
      "user": "万有音乐系",
      "date": "2016-03-09 23:17:26",
      "content": "不可能，毕竟体系不一样，科比当年队友cba，所以得自己来"
    },
    {
      "user": "北卡",
      "date": "2016-03-10 08:57:17",
      "content": "现在的NBA体系下，拿50分就轰动联盟了，拿60分要轰动整整一年。"
    },
    {
      "user": "无语的旁观者",
      "date": "2016-03-10 10:11:56",
      "content": "恩，毕竟乔帮主。"
    },
    {
      "user": "[已注销]",
      "date": "2016-03-10 12:35:32",
      "content": "基本不可能，当年唠嗑是一人球队，库里刷到40分的时候基本对方就跪了"
    },
    {
      "user": "极端的年代",
      "date": "2016-03-10 12:37:02",
      "content": "不可能"
    },
    {
      "user": "道！",
      "date": "2016-03-10 23:54:53",
      "content": "库里现在的薪水 打卡不及时 容易受伤 还要不要顶薪了"
    },
    {
      "user": "asher丁",
      "date": "2016-03-12 22:43:05",
      "content": "不一定，高出手对体力影响很大，体力对命中率影响很大"
    },
    {
      "user": "asher丁",
      "date": "2016-03-12 22:44:03",
      "content": "就怕库里的体力支撑不了那么多出手和高命中率"
    },
    {
      "user": "desire",
      "date": "2016-03-13 08:27:07",
      "content": "纯说得分能力来说必须有可能啊，27个3分这种。。。我想纯能力来说应该头得到的吧。。"
    },
    {
      "user": "男人就该勇猛",
      "date": "2016-03-13 08:59:43",
      "content": "理论上不行，库里身体素质不够科比好，照着科比那样打打半场就打不动了"
    }
  ]
}