{
  "title": "湖蜜的春天、勇士三分30投4中！湖人胜勇士17分",
  "topic": {
    "name": "要学会管理",
    "date": "2016-03-07 14:50:58",
    "content": "湖蜜的春天、勇士三分30投4中！湖人胜勇士17分"
  },
  "pages": [],
  "replys": [
    {
      "user": "desire",
      "date": "2016-03-08 06:38:49",
      "content": "我在安慰自己我湖间接赢了整个联盟~~~"
    },
    {
      "user": "道！",
      "date": "2016-03-09 23:20:02",
      "content": "真的人科密 水花兄弟"
    }
  ]
}