{
  "title": "狼堡创历史，完美晋级四分之一决赛",
  "topic": {
    "name": "河边的人",
    "date": "2016-03-09 18:13:29",
    "content": "狼堡创历史，完美晋级四分之一决赛"
  },
  "pages": [],
  "replys": [
    {
      "user": "科技股个",
      "date": "2016-03-10 10:26:15",
      "content": "我是狼堡队的忠实球迷，支持狼堡。"
    },
    {
      "user": "思念得寸",
      "date": "2016-03-10 10:30:01",
      "content": "狼堡能晋级四分之一决赛着实不易，值得点赞。"
    },
    {
      "user": "忘还是记",
      "date": "2016-03-10 10:32:20",
      "content": "恭喜狼堡，继续努力吧。"
    }
  ]
}