{
  "title": "今年的张铁林挺被关注的啊",
  "topic": {
    "name": "帅气的王呆呆",
    "date": "2016-03-28 10:35:30",
    "content": "今年的张铁林挺被关注的啊"
  },
  "pages": [],
  "replys": [
    {
      "user": "东楼公子",
      "date": "2016-03-28 11:17:46",
      "content": "哈哈"
    },
    {
      "user": "Chandler Tian",
      "date": "2016-03-31 23:46:51",
      "content": "HAHAHA"
    },
    {
      "user": "不觉",
      "date": "2016-04-05 11:59:28",
      "content": "我进的球都是幸运，我打的铁才是人生"
    },
    {
      "user": "[已注销]",
      "date": "2016-04-07 09:12:33",
      "content": "我已经不叫张铁林了，请叫我张继科，谢谢"
    }
  ]
}