{
  "title": "2K16,对方用库里，杜兰特，詹姆斯什么阵容能打败",
  "topic": {
    "name": "發条樹",
    "date": "2016-03-28 20:11:47",
    "content": "2K16,对方用库里，杜兰特，詹姆斯什么阵容能打败"
  },
  "pages": [],
  "replys": [
    {
      "user": "小神精",
      "date": "2016-03-28 20:30:20",
      "content": "科比。麦蒂。诺维斯基"
    },
    {
      "user": "發条樹",
      "date": "2016-03-28 20:33:28",
      "content": "这个阵容绝对拼不过，这三除了司机，其它两个三分都不靠谱"
    },
    {
      "user": "小神精",
      "date": "2016-03-28 20:35:23",
      "content": "为什么要3分。"
    },
    {
      "user": "道！",
      "date": "2016-03-28 21:16:20",
      "content": "巅峰麦迪 科比外加乔丹"
    },
    {
      "user": "我即正道",
      "date": "2016-03-28 22:42:42",
      "content": "据分析，这三个人外线平均A－,内线A－，所以你需要一个防守阵容，鉴于街球模式没有体力和一些违例限制，推荐阵容是魔术时期的奥尼尔，95-96斯托克顿，和96-97的皮蓬，如果不能选复古球队球员，那么推荐，卡哇伊，汤普森，浓眉"
    },
    {
      "user": "右手失控",
      "date": "2016-03-29 00:11:35",
      "content": "请问你们2k16哪里下载"
    },
    {
      "user": "發条樹",
      "date": "2016-03-29 01:04:57",
      "content": "因为三分是两分啊"
    },
    {
      "user": "發条樹",
      "date": "2016-03-29 01:07:03",
      "content": "我防守不好还是怎么回事，控制一个防守一个，另个不受控的总会跑来协防，会被三分投死"
    },
    {
      "user": "發条樹",
      "date": "2016-03-29 01:07:34",
      "content": "我防守不好"
    },
    {
      "user": "發条樹",
      "date": "2016-03-29 01:09:16",
      "content": "其实我最想问的是还有没有能找出来能和这个阵容三分进攻对拼的。我用利拉德，伯德、詹姆斯赢过"
    },
    {
      "user": "小神精",
      "date": "2016-03-29 08:40:45",
      "content": "既然是3分为什么每次都有詹姆斯哈登"
    },
    {
      "user": "姜二狗",
      "date": "2016-03-29 09:27:26",
      "content": "加里佩顿 鲍文 阿泰"
    },
    {
      "user": "發条樹",
      "date": "2016-03-29 13:26:52",
      "content": "大哥\r是勒布朗\r他的主要功效是防守和抢板\r偶尔空位来两个三分还是靠谱的"
    },
    {
      "user": "小神精",
      "date": "2016-03-29 14:21:57",
      "content": "詹姆斯的防守。3分。都不咋地。还不如莱恩纳德"
    },
    {
      "user": "道！",
      "date": "2016-03-30 23:17:05",
      "content": "设置问题"
    },
    {
      "user": "道！",
      "date": "2016-03-30 23:17:55",
      "content": "詹姆斯好像有个被动 传球能加投篮准度"
    }
  ]
}