{
  "title": "Is there any Jazz fan?",
  "topic": {
    "name": "AIVILO",
    "date": "2016-03-31 08:25:05",
    "content": "Is there any Jazz fan?"
  },
  "pages": [],
  "replys": [
    {
      "user": "东楼公子",
      "date": "2016-03-31 19:43:24",
      "content": "我靠，我还记得当年斯隆，德隆，布泽尔，奥库，基里连科们的铁血爵士"
    },
    {
      "user": "陈sir正在忙",
      "date": "2016-04-01 01:24:05",
      "content": "科沃尔投的火箭没脾气"
    }
  ]
}