{
  "title": "有人喜欢森林狼吗？",
  "topic": {
    "name": "Lucy",
    "date": "2016-04-08 13:34:28",
    "content": "有人喜欢森林狼吗？"
  },
  "pages": [],
  "replys": [
    {
      "user": "OOO",
      "date": "2016-04-08 13:36:02",
      "content": "大爱KG，一晃好多年~"
    },
    {
      "user": "Lucy",
      "date": "2016-04-08 13:39:18",
      "content": "我也喜欢他。除了球技更钦佩他的为人。"
    },
    {
      "user": "OOO",
      "date": "2016-04-08 13:40:13",
      "content": "是啊，球场上的霸气，球场下对待小弟师长。"
    },
    {
      "user": "Lucy",
      "date": "2016-04-08 20:29:48",
      "content": "唐斯，拉文和维经斯都很棒，只是他们发挥不太稳定。"
    },
    {
      "user": "Lucy",
      "date": "2016-04-08 20:48:14",
      "content": "Wiggins, Lavine, Towns这三人都很棒，只是打球不稳定。wiggins是14年状元，towns是15年的状元。"
    },
    {
      "user": "樱木花道",
      "date": "2016-04-08 20:52:35",
      "content": "年轻的球队，良好的天赋"
    },
    {
      "user": "casanova",
      "date": "2016-04-08 20:58:33",
      "content": "未来是他们的"
    },
    {
      "user": "Lucy",
      "date": "2016-04-08 21:15:58",
      "content": "是很冷，经常下大雪，最讨厌的是这里的冬天有6个月那么长，夏天还很热。尽量带保暖的衣服过来。"
    },
    {
      "user": "QP",
      "date": "2016-04-08 21:17:37",
      "content": "好的，谢谢：）"
    },
    {
      "user": "Canoe",
      "date": "2016-05-05 13:55:23",
      "content": "我硬特也要离开了。。。(˃̣̣̥᷄⌓˂̣̣̥᷅)"
    },
    {
      "user": "[已注销]",
      "date": "2016-05-05 14:04:21",
      "content": "现在这个阵容其实挺好，替补席一个SG一个PF也很不错，差好教练和执行力"
    },
    {
      "user": "帅不能总当饭吃",
      "date": "2016-05-05 16:17:31",
      "content": "扎克拉文"
    },
    {
      "user": "kobe",
      "date": "2016-05-05 20:24:29",
      "content": "森林狼不错啊，前途一片光明，我觉得他们在未来的一两年，也许可以杀进季后赛。维金斯和唐斯，包括拉文都成长的非常快呀。今年维金斯和唐斯能打的那么好，我都感到惊讶。要知道他们也只是打了一两年啊。"
    },
    {
      "user": "Lucy",
      "date": "2016-05-06 00:09:05",
      "content": "希望吧。他们发挥不是很稳定缺经验。还好这支球队还年轻孩子们都很朴实也比较团结，希望过几年有所进步。"
    },
    {
      "user": "kobe",
      "date": "2016-05-06 00:27:07",
      "content": "维金斯下赛季就具备比较多的经验了。维金斯，唐斯和拉文这三个人都有巨星的气质。我记得之前维金斯中投很差的，但是本赛季明显提升，可见他多么努力。而唐斯让我想起当年的邓肯，第一个赛季就展现出极强的能力，感觉他无所不能。拉文更不用说了，他是向科比学习的，他的运动天赋简直是无法用语言形容，我太爱看他扣篮了！你能在森林狼主场看球真是很幸福啊。至于冬天冷，我觉得你可以当作是一种对你的意志和性格的磨练，从而使自己更加完善。"
    },
    {
      "user": "kobe",
      "date": "2016-05-06 00:34:17",
      "content": "年轻人发挥不稳定难免，慢慢会好的。"
    },
    {
      "user": "如果 爱",
      "date": "2016-05-06 00:42:02",
      "content": "我是KG的死忠粉！一晃就是15年了"
    },
    {
      "user": "树的童话",
      "date": "2016-05-06 00:43:46",
      "content": "有天赋的球队，其它都不行"
    },
    {
      "user": "蜜里",
      "date": "2016-05-13 18:11:31",
      "content": "(/・ω・＼)"
    },
    {
      "user": "Jeremy C",
      "date": "2016-05-13 18:17:13",
      "content": "我喜欢，后狼王时代的森林狼潜力很大"
    },
    {
      "user": "烧锅炉的小学生",
      "date": "2016-05-13 19:43:08",
      "content": "副业太差了。篮板、助攻，毫无提升的迹象\r 最糟糕的是，他在大学是以传说中罕见的防守才能让人加了无数分的，然而两年过去了，防守在哪里，完全是和预期的根本像两个人一样。\r 相比当时的大众评价，到目前勉强也只打出来5成而已\r 我个人不看好威金斯的提升空间，不是那种全能的人，技术、球商都太一般了。"
    },
    {
      "user": "南山下的落寞",
      "date": "2016-05-18 18:51:47",
      "content": "KG 偶像"
    },
    {
      "user": "[已注销]",
      "date": "2016-05-18 23:11:47",
      "content": "有点悬"
    },
    {
      "user": "生成一",
      "date": "2016-05-24 19:10:22",
      "content": "羡慕LZ！"
    },
    {
      "user": "南山下的落寞",
      "date": "2016-05-25 07:58:33",
      "content": "好漂亮"
    },
    {
      "user": "Joe",
      "date": "2016-05-25 09:02:40",
      "content": "维金斯跟拉文,,拉文的灌籃大賽印象深刻"
    },
    {
      "user": "生成一",
      "date": "2016-05-25 09:40:00",
      "content": "哈哈哈哈 你说哪个"
    },
    {
      "user": "南山下的落寞",
      "date": "2016-05-25 09:44:18",
      "content": "说你啊"
    },
    {
      "user": "生成一",
      "date": "2016-05-25 09:51:27",
      "content": "只是路过的KG脑残球迷哈哈哈哈哈，非常看好未来的森林狼，只求锡帅轻虐"
    },
    {
      "user": "南山下的落寞",
      "date": "2016-05-25 09:54:01",
      "content": "我就那么评价一下"
    }
  ]
}