{
  "title": "再见老大 球场外我们为你守望 再见科比",
  "topic": {
    "name": "viciousxxx",
    "date": "2016-04-14 16:05:08",
    "content": "再见老大 球场外我们为你守望 再见科比"
  },
  "pages": [],
  "replys": [
    {
      "user": "Conley",
      "date": "2016-04-14 16:06:12",
      "content": "老大突破上床"
    },
    {
      "user": "viciousxxx",
      "date": "2016-04-14 16:08:26",
      "content": "上床干什么"
    },
    {
      "user": "Conley",
      "date": "2016-04-14 16:09:50",
      "content": "不好意思我是鹰郡检察官"
    },
    {
      "user": "viciousxxx",
      "date": "2016-04-14 16:11:53",
      "content": "验尿了么"
    }
  ]
}