{
  "title": "科比终场60分，勇士破了95-96公牛记录",
  "topic": {
    "name": "QP",
    "date": "2016-04-14 19:13:34",
    "content": "科比终场60分，勇士破了95-96公牛记录"
  },
  "pages": [],
  "replys": [
    {
      "user": "低调男",
      "date": "2016-04-14 21:20:59",
      "content": "时代的交替从未像今天如此清晰过。"
    },
    {
      "user": "QP",
      "date": "2016-04-14 21:33:47",
      "content": "没看到比赛，看了比赛highlight，就像看到年轻的科比"
    }
  ]
}