{
  "title": "真正的男神科比，以坚韧动人",
  "topic": {
    "name": "破坏佘曼妮",
    "date": "2016-04-14 22:14:28",
    "content": "真正的男神科比，以坚韧动人"
  },
  "pages": [],
  "replys": [
    {
      "user": "永不婷爱",
      "date": "2016-04-17 12:31:40",
      "content": "属于我们篮球青春的回忆结束了，真的好感谢科比！"
    },
    {
      "user": "爱在海边",
      "date": "2016-04-17 12:32:22",
      "content": "再见，洛杉矶凌晨四点的身影，再见，科比布莱恩特..."
    },
    {
      "user": "朱杰羽",
      "date": "2016-04-17 12:36:57",
      "content": "科比退役了～我大狼王还能打多久啊"
    },
    {
      "user": "诠释",
      "date": "2016-04-17 12:58:52",
      "content": "洛杉矶的凌晨四点，从此再无那个守夜人"
    }
  ]
}