{
  "title": "问规则：今天如果爵士赢，爵士能进季后赛么？",
  "topic": {
    "name": "未知的老鼠☂",
    "date": "2016-04-15 02:15:37",
    "content": "问规则：今天如果爵士赢，爵士能进季后赛么？"
  },
  "pages": [],
  "replys": [
    {
      "user": "麦子地里犯的错",
      "date": "2016-04-15 02:17:06",
      "content": "不能。火箭已经晋级了！"
    },
    {
      "user": "未知的老鼠☂",
      "date": "2016-04-15 02:18:37",
      "content": "看正贴。他们战绩是一样的。如果赢了41:41。\r 好像进不去的因素 是火箭西部战绩占优？"
    },
    {
      "user": "麦子地里犯的错",
      "date": "2016-04-15 02:20:54",
      "content": "是的，看对西部战绩。"
    },
    {
      "user": "卞小卞",
      "date": "2016-04-15 02:21:26",
      "content": "看同赛区战绩，火箭对阵西部球队战绩好过爵士，所以火箭进。"
    },
    {
      "user": "未知的老鼠☂",
      "date": "2016-04-15 20:37:44",
      "content": "值得一赞"
    }
  ]
}