{
  "title": "今天唠嗑完美退役 主持人提出一个问题让我产生联想",
  "topic": {
    "name": "[已注销]",
    "date": "2016-04-14 23:09:40",
    "content": "今天唠嗑完美退役 主持人提出一个问题让我产生联想"
  },
  "pages": [],
  "replys": [
    {
      "user": "knight&暗夜",
      "date": "2016-04-15 21:13:01",
      "content": "乔丹，科比，艾弗森，麦迪。。主持人是这个意思，凭借个人英雄主义带领球队的人物"
    },
    {
      "user": "长发之殇",
      "date": "2016-04-15 13:19:45",
      "content": "低位背身单打，后仰跳投"
    },
    {
      "user": "可乐",
      "date": "2016-04-15 01:33:31",
      "content": "关于统治力和带队能力这方面，就别把蜗壳拿出来参与比较了。"
    },
    {
      "user": "影子C",
      "date": "2016-04-15 13:18:28",
      "content": "没有美如画了，没有这么又观赏性的动作了"
    },
    {
      "user": "长发之殇",
      "date": "2016-04-15 13:19:45",
      "content": "低位背身单打，后仰跳投"
    },
    {
      "user": "[已注销]",
      "date": "2016-04-15 19:02:52",
      "content": "围巾斯以后可否走背身单打这条路，感觉有潜质"
    },
    {
      "user": "knight&暗夜",
      "date": "2016-04-15 21:13:01",
      "content": "乔丹，科比，艾弗森，麦迪。。主持人是这个意思，凭借个人英雄主义带领球队的人物"
    },
    {
      "user": "[已注销]",
      "date": "2016-04-15 21:14:26",
      "content": "这么理解韦德还算不？"
    },
    {
      "user": "knight&暗夜",
      "date": "2016-04-15 21:20:58",
      "content": "韦德这个赛季已经基本上不算了。。。"
    },
    {
      "user": "Joe",
      "date": "2016-04-16 20:54:36",
      "content": "低位背身单打詹姆斯還是有的,,,加後仰兩者都有的現在好像沒繼承者了,,,特別是在sg的位置上"
    },
    {
      "user": "Joe",
      "date": "2016-04-16 20:55:37",
      "content": "或者KD是比較接近的"
    },
    {
      "user": "[已注销]",
      "date": "2016-04-16 22:24:11",
      "content": "kd你在开玩笑吗？说kd继承伯德还信一点点"
    },
    {
      "user": "[已注销]",
      "date": "2016-04-16 22:25:04",
      "content": "单论冲劲好胜心得分能力威少可以一拼～"
    },
    {
      "user": "[已注销]",
      "date": "2016-04-16 23:48:28",
      "content": "每一代都好奇，每一代都不会懂。不用问，去理解你的詹皇就行了"
    },
    {
      "user": "Joe",
      "date": "2016-04-17 11:34:50",
      "content": "是指有背打和後仰跳投而言，兩個人打法當然不同"
    },
    {
      "user": "Joe",
      "date": "2016-04-17 11:37:08",
      "content": "鬥志上威少有科比的影子，威少成長在LA原本就以科比為偶像"
    },
    {
      "user": "白纸",
      "date": "2016-04-17 12:26:00",
      "content": "主持人说的是那种坚韧，那种情怀。。。不到一定年龄真的是理解不了的。和任何技战术无关，所以才会让人动容"
    },
    {
      "user": "[已注销]",
      "date": "2016-04-17 18:51:50",
      "content": "这回复中意"
    },
    {
      "user": "长发之殇",
      "date": "2016-04-18 08:39:36",
      "content": "德罗赞"
    },
    {
      "user": "[已注销]",
      "date": "2016-04-19 01:08:37",
      "content": "没看过8号打球吧"
    },
    {
      "user": "[已注销]",
      "date": "2016-04-19 10:19:50",
      "content": "面框突，无视防守拔？"
    },
    {
      "user": "[已注销]",
      "date": "2016-04-19 10:32:05",
      "content": "没什么不会的"
    },
    {
      "user": "[已注销]",
      "date": "2016-04-19 17:18:49",
      "content": "兄弟相册太污了"
    }
  ]
}