{
  "title": "要是湖人本赛季最后一场比赛不在主场",
  "topic": {
    "name": "李易峰他哥",
    "date": "2016-04-15 13:10:02",
    "content": "要是湖人本赛季最后一场比赛不在主场"
  },
  "pages": [],
  "replys": [
    {
      "user": "HOHO",
      "date": "2016-04-16 06:45:39",
      "content": "可以宣布最后一个主场是他的最后一场。后面的客场直接不打了。"
    },
    {
      "user": "李易峰他哥",
      "date": "2016-04-18 12:14:25",
      "content": "不可能的...赶脚湖人应该会考虑跟别的球队调换一下主场比赛日"
    },
    {
      "user": "414曼走",
      "date": "2016-04-19 09:52:03",
      "content": "可以把客场变成主场不是更NB吗"
    },
    {
      "user": "李易峰他哥",
      "date": "2016-04-19 12:23:31",
      "content": "湖人是满意了，但跟湖人比赛那只球队估计会跟联盟上诉的，谁也不愿意无故少一个主场"
    },
    {
      "user": "无所不在",
      "date": "2016-04-20 10:42:19",
      "content": "都来我的主页看看吧！有你喜欢的"
    }
  ]
}