{
  "title": "今天才发觉唠嗑真的走了！一个时代落幕，科比留下...",
  "topic": {
    "name": "137****0347",
    "date": "2016-04-15 10:34:28",
    "content": "今天才发觉唠嗑真的走了！一个时代落幕，科比留下..."
  },
  "pages": [],
  "replys": [
    {
      "user": "137****0347",
      "date": "2016-04-15 10:41:50",
      "content": "一个不黑不粉的理性老球迷的致敬和纪念！"
    },
    {
      "user": "影子C",
      "date": "2016-04-15 13:14:45",
      "content": "完美的谢幕，以后不会再有"
    }
  ]
}