{
  "title": "马刺的外线终于要开了",
  "topic": {
    "name": "一别两宽",
    "date": "2016-04-18 16:42:20",
    "content": "马刺的外线终于要开了"
  },
  "pages": [],
  "replys": [
    {
      "user": "可乐",
      "date": "2016-04-18 17:52:44",
      "content": "重要的不是外线开了，而是他们的防守又提上来了。这才是他们冠军的保证。"
    },
    {
      "user": "一别两宽",
      "date": "2016-04-18 18:03:11",
      "content": "看球看的少吧……"
    },
    {
      "user": "可乐",
      "date": "2016-04-18 18:04:44",
      "content": "嗯，这几年几乎不看直播了"
    },
    {
      "user": "一别两宽",
      "date": "2016-04-18 18:05:42",
      "content": "多看看比赛在发表评论吧……马刺的进攻最近很不好"
    },
    {
      "user": "可乐",
      "date": "2016-04-18 18:07:52",
      "content": "很简单，阿德替代不了邓肯的进攻轴心作用。帕克秃子老化，突破能力下滑，外线自然就没有从前那么多好机会。"
    },
    {
      "user": "道！",
      "date": "2016-04-18 22:41:18",
      "content": "灰熊现在状态 马刺找不到任何季后赛感觉 害怕第二轮被雷霆突死"
    },
    {
      "user": "Lampa-Qin",
      "date": "2016-04-18 23:15:46",
      "content": "波波一脸坏笑，对继科说，常规赛让你屡次上战五渣辛苦你了，现在你可以做回自己。"
    }
  ]
}