{
  "title": "后卫踢法",
  "topic": {
    "name": "陆离",
    "date": "2016-04-22 21:50:35",
    "content": "后卫踢法"
  },
  "pages": [],
  "replys": [
    {
      "user": "醉猫",
      "date": "2016-04-23 09:11:59",
      "content": "球过人不过，人过球不过"
    },
    {
      "user": "时光海洋",
      "date": "2016-04-24 22:24:37",
      "content": "第一点就需要你有充沛的体能，还有极强的位置感，还有就是不吃假动作。第二点就需要你有很好的大局观跟阅读比赛的能力，还有背身持球能力。"
    },
    {
      "user": "醉猫",
      "date": "2016-04-23 09:11:59",
      "content": "球过人不过，人过球不过"
    },
    {
      "user": "陆离",
      "date": "2016-04-23 17:21:07",
      "content": "真言"
    },
    {
      "user": "时光海洋",
      "date": "2016-04-24 19:14:02",
      "content": "拦截拦截拦截后分球。"
    },
    {
      "user": "陆离",
      "date": "2016-04-24 21:58:38",
      "content": "说的简单点"
    },
    {
      "user": "时光海洋",
      "date": "2016-04-24 22:22:42",
      "content": "拦截对方的进攻，然后把截下来的球，送给己方进攻球员。能做到这两点，就很不错了。"
    },
    {
      "user": "时光海洋",
      "date": "2016-04-24 22:24:37",
      "content": "第一点就需要你有充沛的体能，还有极强的位置感，还有就是不吃假动作。第二点就需要你有很好的大局观跟阅读比赛的能力，还有背身持球能力。"
    },
    {
      "user": "陆离",
      "date": "2016-04-24 22:25:56",
      "content": "背身持球是不是只能传给守门员或踢出界"
    },
    {
      "user": "摩耶",
      "date": "2016-05-01 11:26:39",
      "content": "精辟！"
    },
    {
      "user": "Jaco'",
      "date": "2016-05-01 11:45:45",
      "content": "我踢后卫的时候一直信奉的真理！"
    },
    {
      "user": "车马邮件丶",
      "date": "2016-05-10 23:04:17",
      "content": "硬一点，学学马竞，只要你够硬，对面前锋都怕。"
    },
    {
      "user": "九月",
      "date": "2016-05-19 18:55:49",
      "content": "哈哈哈，马竞的疯狗踢法。对手都怕，喜欢看这样的踢，"
    },
    {
      "user": "不油腻大叔",
      "date": "2016-05-19 19:21:06",
      "content": "哈哈哈 问我咯"
    },
    {
      "user": "车马邮件丶",
      "date": "2016-05-19 20:32:58",
      "content": "只要硬度够，就能出奇迹，"
    }
  ]
}