{
  "title": "各位大哥求指导！！",
  "topic": {
    "name": "车马邮件丶",
    "date": "2016-05-10 20:44:41",
    "content": "各位大哥求指导！！"
  },
  "pages": [],
  "replys": [
    {
      "user": "成越",
      "date": "2016-05-11 00:25:41",
      "content": "一个踢法 只要能跑 一条边都是你的"
    },
    {
      "user": "车马邮件丶",
      "date": "2016-05-11 07:18:49",
      "content": "跑是挺能跑，就是边前的意识没有，见到别人拿球就贴身上去卡?"
    }
  ]
}