{
  "title": "有没我大山西的马竞球迷",
  "topic": {
    "name": "托雷斯",
    "date": "2016-05-11 11:10:04",
    "content": "有没我大山西的马竞球迷"
  },
  "pages": [],
  "replys": [
    {
      "user": "John",
      "date": "2016-05-13 23:59:07",
      "content": "我是山西的，这届欧冠支持马竞"
    },
    {
      "user": "托雷斯",
      "date": "2016-05-14 11:30:44",
      "content": "可以来和我们一起看决赛"
    },
    {
      "user": "John",
      "date": "2016-05-14 18:35:03",
      "content": "你们……"
    },
    {
      "user": "托雷斯",
      "date": "2016-05-14 18:35:41",
      "content": "太原的马竞球迷们"
    },
    {
      "user": "John",
      "date": "2016-05-15 00:45:11",
      "content": "羡慕……。     有点想老家的面食！！！"
    },
    {
      "user": "一叶",
      "date": "2016-05-18 16:06:26",
      "content": "支持马竞~"
    },
    {
      "user": "        ",
      "date": "2016-05-22 09:50:37",
      "content": "马竞还行?"
    }
  ]
}