{
  "title": "帕克底线突破，往中间一甩，邓肯直接加速扣篮得分",
  "topic": {
    "name": "HOHO",
    "date": "2016-05-12 03:01:29",
    "content": "帕克底线突破，往中间一甩，邓肯直接加速扣篮得分"
  },
  "pages": [],
  "replys": [
    {
      "user": "可乐",
      "date": "2016-05-12 03:46:26",
      "content": "因为吉诺比利帕克邓肯都老了。你还想让帕克突半场？邓肯还能扣几次？"
    },
    {
      "user": "南山下的落寞",
      "date": "2016-05-12 04:09:47",
      "content": "以前靠的的集体。现在更多的是看两个人的。GDP已经老了"
    },
    {
      "user": "HOHO",
      "date": "2016-05-12 05:20:46",
      "content": "为什么没有新的一批人做同样的事情呢？"
    },
    {
      "user": "HOHO",
      "date": "2016-05-12 05:21:18",
      "content": "为什么不能让这两个人也去做以前GDP的事情呢？"
    },
    {
      "user": "南山下的落寞",
      "date": "2016-05-12 09:12:02",
      "content": "有哪一只球队可以保持长盛不衰？ GDP在马刺镇中可替代的吗？以前的打法成功是依靠于GDP建成的体系"
    }
  ]
}