{
  "title": "go spurs go",
  "topic": {
    "name": "一别两宽",
    "date": "2016-05-12 19:36:20",
    "content": "go spurs go"
  },
  "pages": [],
  "replys": [
    {
      "user": "Nosferatu",
      "date": "2016-05-12 21:31:49",
      "content": "我刺加油！"
    },
    {
      "user": "[已注销]",
      "date": "2016-05-12 21:49:57",
      "content": "我刺加油"
    },
    {
      "user": "渐渐忘了耶",
      "date": "2016-05-12 21:58:38",
      "content": "虽然很喜欢马刺，但客观地说，机会不大了"
    },
    {
      "user": "HOHO",
      "date": "2016-05-13 04:49:23",
      "content": "感觉马刺每场都可以赢，但每场都没有去做这件事情。"
    },
    {
      "user": "柒♂",
      "date": "2016-05-13 08:57:01",
      "content": "两支球队都喜欢，不管谁进决赛，都希望干掉勇士，进入总决，不过这一系列裁判确实太偏袒雷霆了，感觉4-2雷霆要晋级"
    },
    {
      "user": "一枚搬运工",
      "date": "2016-05-13 09:18:26",
      "content": "为什么我总感觉这次马刺会输。。。"
    },
    {
      "user": "fragment",
      "date": "2016-05-13 09:18:50",
      "content": "难讲"
    },
    {
      "user": "南山下的落寞",
      "date": "2016-05-13 09:19:05",
      "content": "好身材"
    },
    {
      "user": "南山下的落寞",
      "date": "2016-05-13 09:19:16",
      "content": "马刺这么打要输"
    },
    {
      "user": "一枚搬运工",
      "date": "2016-05-13 09:36:28",
      "content": "都看不下去了"
    },
    {
      "user": "[已注销]",
      "date": "2016-05-13 09:53:04",
      "content": "未来真的是你们的T T"
    },
    {
      "user": "[已注销]",
      "date": "2016-05-13 10:04:07",
      "content": "楼主一口毒奶啊"
    },
    {
      "user": "一别两宽",
      "date": "2016-05-13 10:07:00",
      "content": "真的很难过，输给了自己，输给了时光！老家伙们，这是你们最后一场比赛吗"
    },
    {
      "user": "一别两宽",
      "date": "2016-05-13 10:08:13",
      "content": "其实也想过要不是大比分赢，就是大比分输。可是谁会想输呢？比赛还没结束，加油"
    },
    {
      "user": "今天我要早点睡",
      "date": "2016-05-13 10:13:52",
      "content": "狗刺输了……"
    },
    {
      "user": "一别两宽",
      "date": "2016-05-13 10:27:23",
      "content": "还没结束加油"
    },
    {
      "user": "knight&暗夜",
      "date": "2016-05-13 10:46:16",
      "content": "刺密不哭"
    },
    {
      "user": "[已注销]",
      "date": "2016-05-13 11:10:09",
      "content": "希望下赛季还能看到GDP"
    },
    {
      "user": "414曼走",
      "date": "2016-05-13 11:18:19",
      "content": "向我湖的老对手致敬。"
    },
    {
      "user": "我即正道",
      "date": "2016-05-13 11:20:46",
      "content": "输了"
    }
  ]
}