{
  "title": "真是活久见，头一次看见猛龙进东决",
  "topic": {
    "name": "[已注销]",
    "date": "2016-05-16 06:20:07",
    "content": "真是活久见，头一次看见猛龙进东决"
  },
  "pages": [],
  "replys": [
    {
      "user": "比巴卜的泡泡糖",
      "date": "2016-05-16 08:53:52",
      "content": "这次乐邦坐享渔翁之利了"
    },
    {
      "user": "[已注销]",
      "date": "2016-05-16 09:15:48",
      "content": "猛龙连一搏之力都没有，除非欧文乐福jr集体装死"
    },
    {
      "user": "可乐",
      "date": "2016-05-16 10:15:33",
      "content": "呵呵"
    },
    {
      "user": "desire",
      "date": "2016-05-16 10:26:48",
      "content": "其实东部哪个进决赛骑士都没什么差别吧"
    },
    {
      "user": "[已注销]",
      "date": "2016-05-16 11:08:52",
      "content": "不吹牛，你让詹姆斯一个带球队，猛龙也被骑士吊打"
    },
    {
      "user": "[已注销]",
      "date": "2016-05-16 13:11:48",
      "content": "我觉得他带76人没戏"
    },
    {
      "user": "HOHO",
      "date": "2016-05-17 02:08:44",
      "content": "白边不伤猛龙进不了东决。假设猛龙瓦伦崔纳斯也不伤。"
    },
    {
      "user": "HOHO",
      "date": "2016-05-17 02:09:15",
      "content": "其实猛龙第一轮就很危险。"
    },
    {
      "user": "Joe",
      "date": "2016-05-17 09:38:04",
      "content": "東部根本老詹沙包"
    },
    {
      "user": "红侠Joey",
      "date": "2016-05-17 09:42:21",
      "content": "历史就是要不断改写的。"
    },
    {
      "user": "呛司",
      "date": "2016-05-17 11:09:52",
      "content": "说的好像骑士随便虐猛龙似的~"
    },
    {
      "user": "[已注销]",
      "date": "2016-05-17 12:37:46",
      "content": "目前这个骑士状态 你说的对"
    },
    {
      "user": "[已注销]",
      "date": "2016-05-17 12:38:17",
      "content": "拼到最后一颗子弹了"
    },
    {
      "user": "[已注销]",
      "date": "2016-05-17 12:38:34",
      "content": "看来雷霆要被4-1了"
    },
    {
      "user": "螃蟹|Daddy²",
      "date": "2016-05-17 12:44:38",
      "content": "有没有人想听阴谋论的？\r有没有？\r关于裁判的·····？\r 没有？\r 好的我走了，我会把门带上"
    },
    {
      "user": "[已注销]",
      "date": "2016-05-17 13:06:11",
      "content": "来吧"
    },
    {
      "user": "耀名",
      "date": "2016-05-17 14:08:50",
      "content": "到是期待雷霆对骑士"
    },
    {
      "user": "HOHO",
      "date": "2016-05-17 14:31:44",
      "content": "白边的伤是个阴谋"
    },
    {
      "user": "GOKU",
      "date": "2016-05-17 14:32:32",
      "content": "恭喜\r猛龙成为联盟倒数第四个进入过分区决赛的球队\r 这下好了\r还剩三支球队未进过分区决赛\r他们分别是\r鹈鹕\r黄蜂\r快船\r 58耻犹未雪 西决狠何时灭\r说多了都是泪"
    },
    {
      "user": "[已注销]",
      "date": "2016-05-17 14:36:41",
      "content": "奇才什么时候进的我想知道"
    },
    {
      "user": "[已注销]",
      "date": "2016-05-18 10:31:05",
      "content": "据说骑士正在血虐猛龙"
    },
    {
      "user": "GOKU",
      "date": "2016-05-21 18:01:54",
      "content": "子弹队拿过总冠军 改名奇才没进过"
    },
    {
      "user": "[已注销]",
      "date": "2016-05-21 18:16:19",
      "content": "领教"
    },
    {
      "user": "可乐",
      "date": "2016-05-21 21:49:45",
      "content": "二十年后，跟儿子一块看球，快船冲击西决……我希望我是黑嘴。"
    },
    {
      "user": "[已注销]",
      "date": "2016-05-25 12:10:05",
      "content": "勇士1-3落后 东决打平 这剧情真心没想到"
    },
    {
      "user": "南山下的落寞",
      "date": "2016-05-25 12:12:58",
      "content": "勇士被打的都蒙圈了"
    },
    {
      "user": "[已注销]",
      "date": "2016-05-25 13:49:07",
      "content": "勇士蜜也蒙了"
    },
    {
      "user": "南山下的落寞",
      "date": "2016-05-25 13:52:56",
      "content": "勇士下一场赢面也很低。除非几个主力迅速调整过来"
    },
    {
      "user": "Joe",
      "date": "2016-05-25 14:04:28",
      "content": "nba好看就是這"
    },
    {
      "user": "小菜小鸟大",
      "date": "2016-05-25 16:08:11",
      "content": "哈哈哈哈哈哈，心疼我CP3！"
    },
    {
      "user": "南松-八音遏密",
      "date": "2016-05-25 16:48:11",
      "content": "NBA中，有不少球员拥有着极好的身体素质，也拥有不错的技术，但是他们很可惜都没有成为巨星，无论是场内还是场外，他们时不时短路的脑袋成为了媒体和球迷们关注的焦点！今天篮球那点事为大家盘点5位因为“脑子”而错失巅峰的球员。\r内容来自看荐：《如果不是因为没脑子，这些球员恐已成为NBA巨星！》"
    }
  ]
}