{
  "title": "【2015-2016赛季后退役的球星们】",
  "topic": {
    "name": "非魚",
    "date": "2016-05-17 16:43:56",
    "content": "【2015-2016赛季后退役的球星们】"
  },
  "pages": [],
  "replys": [
    {
      "user": "sansiro7号",
      "date": "2016-05-17 18:29:41",
      "content": "老阿比带着遗憾走了。"
    },
    {
      "user": "冰滴先生",
      "date": "2016-05-19 11:28:55",
      "content": "贝莱隆职业生涯的起点是在“拉斯帕尔马斯”，谢幕也要在母队，这赛季这支球队表现比较出色，也提前保级，对于球队和个人来说都算是圆满的一个结局，"
    },
    {
      "user": "kon",
      "date": "2016-06-04 10:56:34",
      "content": "组长，请务必回复我的豆油。"
    },
    {
      "user": "梦饮千樽月",
      "date": "2016-08-20 15:29:37",
      "content": "里瑟在印度联赛复出了(⊙﹏⊙)"
    },
    {
      "user": "附近居民",
      "date": "2016-09-04 01:21:39",
      "content": "潘迪亚尼才退役？还在拉科？乌拉圭鱼雷"
    },
    {
      "user": "非魚",
      "date": "2016-09-04 08:51:09",
      "content": "查了一下，最后球队是瑞士洛桑"
    },
    {
      "user": "Joshuayoung",
      "date": "2017-02-01 14:21:29",
      "content": "泽罗伯托没退役吧，刚续约了"
    },
    {
      "user": "财神",
      "date": "2017-04-14 22:45:59",
      "content": "最新一轮英超联赛即将到来，《天空体育》足球预测专家保罗-默森再次回归，为大家带来本轮10场赛事的预测。\r 热刺vs伯恩茅斯（北京时间4月15日19点30分）\r 热刺如今状态火热，除了主队获胜之外，我看不出这场比赛还有其他结果。\r 伯恩茅斯目前距离降级区有7分的优势，在赛季的尾段，这样的分差已经能够确保他们继续留在英超。只要在往后的比赛中再赢1场，相信他们就能保级。\r 不过，这场比赛他们赢不了，我看好热刺获胜并继续给切尔西施压。\r想了解更多 3 8 c p 5，com"
    }
  ]
}