{
  "title": "骑士全胜进入决赛？雷霆灭勇士？詹杜对决？阿杜爆...",
  "topic": {
    "name": "ning&jun",
    "date": "2016-05-18 10:58:01",
    "content": "骑士全胜进入决赛？雷霆灭勇士？詹杜对决？阿杜爆..."
  },
  "pages": [],
  "replys": [
    {
      "user": "Cridics",
      "date": "2016-05-18 12:23:22",
      "content": "不愧是局外人"
    },
    {
      "user": "花匠",
      "date": "2016-05-18 12:25:10",
      "content": "说得真好"
    },
    {
      "user": "塞巴斯蒂安·简",
      "date": "2016-05-20 23:40:56",
      "content": "跟我想的一样，我杜加油！"
    },
    {
      "user": "Joe",
      "date": "2016-05-21 12:59:50",
      "content": "希望阿杜跟我詹再各拿一冠"
    },
    {
      "user": "查小侠",
      "date": "2016-05-21 13:33:35",
      "content": "杜兰特真心打不过詹姆斯"
    },
    {
      "user": "可乐",
      "date": "2016-05-21 21:51:41",
      "content": "让雷霆把另外三只神龟也带上……"
    },
    {
      "user": "沉淀",
      "date": "2016-05-24 15:55:17",
      "content": "威少真心能爆了欧文"
    },
    {
      "user": "山妙-安富尊荣",
      "date": "2016-05-25 17:11:12",
      "content": "NBA中，有不少球员拥有着极好的身体素质，也拥有不错的技术，但是他们很可惜都没有成为巨星，无论是场内还是场外，他们时不时短路的脑袋成为了媒体和球迷们关注的焦点！今天篮球那点事为大家盘点5位因为“脑子”而错失巅峰的球员。\r内容来自看荐：《如果不是因为没脑子，这些球员恐已成为NBA巨星！》"
    }
  ]
}