{
  "title": "2016选秀顺位",
  "topic": {
    "name": "tupac2k",
    "date": "2016-05-18 10:55:57",
    "content": "2016选秀顺位"
  },
  "pages": [],
  "replys": [
    {
      "user": "可乐",
      "date": "2016-05-18 11:21:51",
      "content": "湖人又没拿到状元签，蜗壳一年的努力又白费了？"
    },
    {
      "user": "HOHO",
      "date": "2016-05-19 02:56:57",
      "content": "结果76人选了周琦。"
    },
    {
      "user": "三都 主",
      "date": "2016-05-19 12:34:06",
      "content": "太阳这两顺位口水啊"
    },
    {
      "user": "bob",
      "date": "2016-05-19 13:32:59",
      "content": "1,2顺位差别不大，英格拉姆和西蒙斯都能打出来"
    },
    {
      "user": "回归",
      "date": "2016-05-20 11:20:21",
      "content": "今天,NBA官网最新一期2016年NBA选秀预测。根据预测的结果,周琦将搭上首轮末班车,在第一轮第30顺位被勇士选中。"
    }
  ]
}