{
  "title": "骑士，NBA历史上第一个季后赛全胜球队？",
  "topic": {
    "name": "未知的老鼠☂",
    "date": "2016-05-18 01:32:41",
    "content": "骑士，NBA历史上第一个季后赛全胜球队？"
  },
  "pages": [],
  "replys": [
    {
      "user": "fgy",
      "date": "2016-05-18 15:19:15",
      "content": "太看不起雷霆了。。。"
    },
    {
      "user": "tupac2k",
      "date": "2016-05-18 15:11:23",
      "content": "三个字 不可能"
    },
    {
      "user": "fgy",
      "date": "2016-05-18 15:19:15",
      "content": "太看不起雷霆了。。。"
    },
    {
      "user": "ning&jun",
      "date": "2016-05-18 16:45:33",
      "content": "东部全胜还有可能，总决赛无论谁晋级，都不可能。我勇晋级，还有可能翻船，更别说4 ： 0 了。。。"
    },
    {
      "user": "未知的老鼠☂",
      "date": "2016-05-18 23:18:03",
      "content": "我觉得吧。历史，都是在怀疑争议中，产生的。"
    },
    {
      "user": "流浪人",
      "date": "2016-05-22 11:13:30",
      "content": "骑士已经输了"
    },
    {
      "user": "呛司",
      "date": "2016-05-22 11:52:12",
      "content": "PAPAPA"
    },
    {
      "user": "[已注销]",
      "date": "2016-05-22 12:59:44",
      "content": "蛮搞笑的"
    },
    {
      "user": "顺其自然",
      "date": "2016-05-22 13:06:35",
      "content": "萌龙打脸了"
    }
  ]
}