{
  "title": "湖人重建：挖雷霆双少",
  "topic": {
    "name": "未知的老鼠☂",
    "date": "2016-05-18 23:34:59",
    "content": "湖人重建：挖雷霆双少"
  },
  "pages": [],
  "replys": [
    {
      "user": "fgy",
      "date": "2016-05-18 23:38:46",
      "content": "雷霆不上双少的天赋都吊打湖人"
    },
    {
      "user": "maniac",
      "date": "2016-05-19 14:00:23",
      "content": "做梦呢？"
    },
    {
      "user": "无遮的小六大人",
      "date": "2016-05-19 20:48:32",
      "content": "别闹了，能夺冠猩猩会走？"
    }
  ]
}