{
  "title": "抛个难题：哈桑·怀特塞德是怎么蜕变的？",
  "topic": {
    "name": "未知的老鼠☂",
    "date": "2016-05-19 06:02:00",
    "content": "抛个难题：哈桑·怀特塞德是怎么蜕变的？"
  },
  "pages": [],
  "replys": [
    {
      "user": "红侠Joey",
      "date": "2016-05-19 08:27:18",
      "content": "身体天赋一直就有，慢慢地技术开发出来了，就涨球啦。"
    },
    {
      "user": "螃蟹|Daddy²",
      "date": "2016-05-20 12:53:43",
      "content": "社会主义好啊社会主义好"
    }
  ]
}