{
  "title": "格林这一脚~~",
  "topic": {
    "name": "柒♂",
    "date": "2016-05-23 12:12:29",
    "content": "格林这一脚~~"
  },
  "pages": [],
  "replys": [
    {
      "user": "7*7gg",
      "date": "2016-05-23 22:13:12",
      "content": "亚当斯真脏 竟然用蛋蛋撞格林 应该禁赛"
    },
    {
      "user": "Canoe",
      "date": "2016-05-23 14:10:16",
      "content": "骑士的邓台琼斯踢人家蛋蛋可是禁赛了的，这瞄准了的断子绝孙脚要是不禁赛，联盟这特么就尴尬了！！"
    },
    {
      "user": "柒♂",
      "date": "2016-05-23 12:13:01",
      "content": "动作完全多余,没必要这样"
    },
    {
      "user": "可乐",
      "date": "2016-05-23 12:20:32",
      "content": "只有我看到旁边博古特在鼓掌么？"
    },
    {
      "user": "我的羊",
      "date": "2016-05-23 13:11:13",
      "content": "走你"
    },
    {
      "user": "Canoe",
      "date": "2016-05-23 14:10:16",
      "content": "骑士的邓台琼斯踢人家蛋蛋可是禁赛了的，这瞄准了的断子绝孙脚要是不禁赛，联盟这特么就尴尬了！！"
    },
    {
      "user": "一片云彩",
      "date": "2016-05-23 14:41:01",
      "content": "其他雷霆内线在想：还好不是我"
    },
    {
      "user": "国际小吃货",
      "date": "2016-05-23 15:06:27",
      "content": "。。。打球有风险啊有风险"
    },
    {
      "user": "baby741521",
      "date": "2016-05-23 15:27:44",
      "content": "真他妈脏"
    },
    {
      "user": "LALKB",
      "date": "2016-05-23 15:52:14",
      "content": "勇士危险咯，雷霆才是黑马"
    },
    {
      "user": "摇摆的肉蛹",
      "date": "2016-05-23 20:44:23",
      "content": "格林拿球太多 影响球队整体情绪"
    },
    {
      "user": "爱我所艾",
      "date": "2016-05-23 21:32:12",
      "content": "小人得志"
    },
    {
      "user": "7*7gg",
      "date": "2016-05-23 22:13:12",
      "content": "亚当斯真脏 竟然用蛋蛋撞格林 应该禁赛"
    },
    {
      "user": "三都 主",
      "date": "2016-05-23 22:18:17",
      "content": "格林打球总感觉带着恨在打似的，而且不觉得是好胜心咯"
    },
    {
      "user": "尖孙蓬蓬",
      "date": "2016-05-23 22:27:55",
      "content": "一个心态稳定的格林对金州很重要，从未见他如此急躁，以前虽然会下手很重但头脑还是清醒的"
    },
    {
      "user": "爱我所艾",
      "date": "2016-05-24 08:35:06",
      "content": "真干爹啊，刷新下限"
    },
    {
      "user": "GOKU",
      "date": "2016-05-24 09:24:17",
      "content": "巴克利说了 格林对于整个系列赛是个很重要的球星 而灯台琼斯不是 所以只有琼斯禁赛了"
    },
    {
      "user": "[已注销]",
      "date": "2016-05-27 09:37:23",
      "content": "来顶下贴。。"
    },
    {
      "user": "[已注销]",
      "date": "2016-05-27 09:51:37",
      "content": "今天又想废了书包的肩膀=.="
    },
    {
      "user": "泽云",
      "date": "2016-05-27 14:40:56",
      "content": "撩阴腿！"
    },
    {
      "user": "柒♂",
      "date": "2018-09-26 20:39:02",
      "content": "11"
    }
  ]
}