{
  "title": "啊哈。乐福真的是黑洞啊",
  "topic": {
    "name": "呛司",
    "date": "2016-05-24 10:10:25",
    "content": "啊哈。乐福真的是黑洞啊"
  },
  "pages": [],
  "replys": [
    {
      "user": "可乐",
      "date": "2016-05-24 11:01:55",
      "content": "签来的时候就不看好"
    },
    {
      "user": "Joe",
      "date": "2016-05-24 11:26:07",
      "content": "乐福被高估的,,,,對上18卡他會很慘"
    },
    {
      "user": "Canoe",
      "date": "2016-05-24 11:46:26",
      "content": "赢得时候咋不说了？要客观，他优点和缺点同样明显而已"
    },
    {
      "user": "长发之殇",
      "date": "2016-05-24 11:51:21",
      "content": "内线啊，当外线没有手感，内线打不开，搞毛啊，防不住，篮板球保护不好，就只能输"
    },
    {
      "user": "花弄影",
      "date": "2016-05-24 11:55:21",
      "content": "东西部最近这几场比赛\r又验证了那句话\r得篮板者得天下！"
    },
    {
      "user": "呛司",
      "date": "2016-05-24 18:40:50",
      "content": "不好意思，赢得时候没看"
    },
    {
      "user": "山妙-安富尊荣",
      "date": "2016-05-25 17:10:22",
      "content": "NBA中，有不少球员拥有着极好的身体素质，也拥有不错的技术，但是他们很可惜都没有成为巨星，无论是场内还是场外，他们时不时短路的脑袋成为了媒体和球迷们关注的焦点！今天篮球那点事为大家盘点5位因为“脑子”而错失巅峰的球员。\r内容来自看荐：《如果不是因为没脑子，这些球员恐已成为NBA巨星！》"
    }
  ]
}