{
  "title": "雷霆主场有魔咒？",
  "topic": {
    "name": "knight&暗夜",
    "date": "2016-05-25 11:24:02",
    "content": "雷霆主场有魔咒？"
  },
  "pages": [],
  "replys": [
    {
      "user": "柒♂",
      "date": "2016-05-25 11:42:49",
      "content": "勇士这个赛季就是太顺了"
    },
    {
      "user": "陈陈",
      "date": "2016-05-25 11:45:44",
      "content": "双少太猛了"
    },
    {
      "user": "knight&暗夜",
      "date": "2016-05-25 11:47:18",
      "content": "雷霆要比勇士更拼"
    },
    {
      "user": "Joe",
      "date": "2016-05-25 11:49:11",
      "content": "雷霆身材高大年輕,防守進攻都極佳"
    },
    {
      "user": "勇敢的心",
      "date": "2016-05-25 11:54:12",
      "content": "詹姆斯稳稳把总冠军放进口袋"
    },
    {
      "user": "knight&暗夜",
      "date": "2016-05-25 12:00:38",
      "content": "雷霆这种球队确实怕有超级巨星单打能力的球队"
    },
    {
      "user": "勇敢的心",
      "date": "2016-05-25 12:01:08",
      "content": "是啊！"
    },
    {
      "user": "o锥生zero",
      "date": "2016-05-25 17:29:41",
      "content": "NBA中，有不少球员拥有着极好的身体素质，也拥有不错的技术，但是他们很可惜都没有成为巨星，无论是场内还是场外，他们时不时短路的脑袋成为了媒体和球迷们关注的焦点！今天篮球那点事为大家盘点5位因为“脑子”而错失巅峰的球员。\r内容来自看荐：《如果不是因为没脑子，这些球员恐已成为NBA巨星！》"
    },
    {
      "user": "沐之",
      "date": "2016-05-25 17:53:59",
      "content": "作为勇密，觉得格林完全控制不了心态问题~勇士内线的纯粹进攻技术基本就靠格林了，况且还要负责中轴传球~格林心态不稳定不好好组织基本内线被完爆，篮板拼抢也不如雷霆积极，防守没有了以前的狠劲和小技巧~带动不起来勇士整体的对抗强度，感觉其他人提不起精神来，尤其是库里~和格林的配合这两场少之又少~库里完全游离于雷霆换防后的个人单打解决问题与希望吸引包夹传后球解决问题之间徘徊不定，原来作为其他球队的两杯毒药现在都是自己喝的节奏~作为领袖，这种时候要像科比一样，靠自己的进攻能力和毅力激励球队其他人，不惧身体对抗，即使输了也无话可说了，雷霆二少经常效率奇低的时候也依然用个人能力冲击，慢慢打开局面！要有将球队抗在身上的决心~这两场库里的表现真心看的人很伤神！"
    },
    {
      "user": "生成一",
      "date": "2016-05-25 21:48:12",
      "content": "有我杜妈！"
    }
  ]
}