{
  "title": "勇士太水了 完全不像73胜的队伍",
  "topic": {
    "name": "7*7gg",
    "date": "2016-05-25 10:15:32",
    "content": "勇士太水了 完全不像73胜的队伍"
  },
  "pages": [],
  "replys": [
    {
      "user": "maniac",
      "date": "2016-05-25 11:41:35",
      "content": "阿杜加油，我说了，库里根本不是巨星，就是个投手而已。"
    },
    {
      "user": "fragment",
      "date": "2016-05-25 10:16:18",
      "content": "狂顶雷霆"
    },
    {
      "user": "Malloy",
      "date": "2016-05-25 10:25:15",
      "content": "不喜欢格林"
    },
    {
      "user": "花弄影",
      "date": "2016-05-25 10:25:56",
      "content": "被打懵了！"
    },
    {
      "user": "7*7gg",
      "date": "2016-05-25 10:26:24",
      "content": "拆蛋专家 给你一脚"
    },
    {
      "user": "柒♂",
      "date": "2016-05-25 10:32:05",
      "content": "格林这个人太败人品"
    },
    {
      "user": "教父",
      "date": "2016-05-25 10:35:36",
      "content": "季后赛当然会不一样"
    },
    {
      "user": "教父",
      "date": "2016-05-25 10:43:15",
      "content": "hey，哥们，告诉你，库里全票MVP呢"
    },
    {
      "user": "可乐",
      "date": "2016-05-25 11:05:53",
      "content": "雷霆还没赢到4场呢，接着攒人品"
    },
    {
      "user": "knight&暗夜",
      "date": "2016-05-25 11:25:50",
      "content": "勇士要去钓鱼了。。"
    },
    {
      "user": "maniac",
      "date": "2016-05-25 11:41:35",
      "content": "阿杜加油，我说了，库里根本不是巨星，就是个投手而已。"
    },
    {
      "user": "Mr.OK",
      "date": "2016-05-25 13:04:48",
      "content": "如果不拿总冠军73胜没意义"
    },
    {
      "user": "Canoe",
      "date": "2016-05-25 14:54:19",
      "content": "去年我这样说，被同学喷成狗了，当然我还说了他带队能力为渣~~~"
    },
    {
      "user": "沐之",
      "date": "2016-05-25 17:52:36",
      "content": "作为勇密，觉得格林完全控制不了心态问题~勇士内线的纯粹进攻技术基本就靠格林了，况且还要负责中轴传球~格林心态不稳定不好好组织基本内线被完爆，篮板拼抢也不如雷霆积极，防守没有了以前的狠劲和小技巧~带动不起来勇士整体的对抗强度，感觉其他人提不起精神来，尤其是库里~和格林的配合这两场少之又少~库里完全游离于雷霆换防后的个人单打解决问题与希望吸引包夹传后球解决问题之间徘徊不定，原来作为其他球队的两杯毒药现在都是自己喝的节奏~作为领袖，这种时候要像科比一样，靠自己的进攻能力和毅力激励球队其他人，不惧身体对抗，即使输了也无话可说了，雷霆二少经常效率奇低的时候也依然用个人能力冲击，慢慢打开局面！要有将球队抗在身上的决心~这两场库里的表现真心看的人很伤神！"
    },
    {
      "user": "用户3746327924",
      "date": "2016-05-27 16:41:00",
      "content": "NBA历史常规赛最佳战绩是本赛季勇士的73胜9负！让乔丹的公牛队72胜纪录退居历史第二！主场跨赛季的54连胜是本赛季勇士，排名历史第一！NBA开局最长连胜纪录是勇士本赛季的24连胜！勇士单赛季完成对20支球队横扫，也超越了95-96赛季公牛创造的对19支球队横扫！历史第一！\r内容来自看荐：《勇士不进总决？那真是NBA历史上第一大 笑话 ！》"
    },
    {
      "user": "烧锅炉的小学生",
      "date": "2016-05-31 15:42:25",
      "content": "LZ赶紧出来啊，等着给你鼓掌"
    }
  ]
}