{
  "title": "从木桶效应谈勇士VS雷霆系列赛",
  "topic": {
    "name": "HOHO",
    "date": "2016-05-28 04:01:34",
    "content": "从木桶效应谈勇士VS雷霆系列赛"
  },
  "pages": [],
  "replys": [
    {
      "user": "可乐",
      "date": "2016-05-28 04:10:51",
      "content": "勇士缺了内线的控制权，雷霆缺了外线的发挥，谁的那根板短了，谁完犊子"
    },
    {
      "user": "R",
      "date": "2016-05-28 08:59:11",
      "content": "写得不错"
    },
    {
      "user": "knight&暗夜",
      "date": "2016-05-29 09:42:49",
      "content": "打了这种级别拼的就是身体对抗了。。勇士缺这种"
    },
    {
      "user": "算命书生",
      "date": "2016-05-29 09:53:12",
      "content": "木桶效应不是说的最短的那块儿吗，为啥只提了勇士的短板没有提雷霆的短板"
    },
    {
      "user": "fgy",
      "date": "2016-05-29 11:46:50",
      "content": "雷霆其实长球了"
    },
    {
      "user": "☀️太阳之子",
      "date": "2016-05-29 12:03:07",
      "content": "雷霆的手感处于爆棚阶段，内线亚当斯坎特突然找到感觉让马刺勇士一时不适应。但是，勇士够年轻，教练也可以。总会找到办法的。"
    },
    {
      "user": "HOHO",
      "date": "2016-05-29 13:07:46",
      "content": "雷霆把短板抽去了，把长板拉宽了。佩恩等替补直接不用。"
    },
    {
      "user": "爱我所艾",
      "date": "2016-05-29 18:49:30",
      "content": "常规赛短板效应，季后赛长板效应，一直如此"
    },
    {
      "user": "可乐",
      "date": "2016-05-30 12:43:54",
      "content": "汤普森下一场的准星不可能还这么好……G6一个人击败了雷霆。"
    },
    {
      "user": "HOHO",
      "date": "2016-05-30 14:54:12",
      "content": "勇士找到了汤普森这块长板，于是最大化利用"
    },
    {
      "user": "老和部队",
      "date": "2016-05-30 14:58:57",
      "content": "G7雷霆估计悬了"
    }
  ]
}