{
  "title": "今年骑士如没能冠军",
  "topic": {
    "name": "小神精",
    "date": "2016-05-28 21:34:04",
    "content": "今年骑士如没能冠军"
  },
  "pages": [],
  "replys": [
    {
      "user": "堃",
      "date": "2016-05-28 21:36:11",
      "content": "骑士今年要是没拿冠军，那虎扑湿乎乎又将是一片腥风血雨"
    },
    {
      "user": "以父之名",
      "date": "2016-05-28 21:38:14",
      "content": "总决赛胜率成为新的黑点"
    },
    {
      "user": "小神精",
      "date": "2016-05-28 21:38:21",
      "content": "骑士勇士压力好大。期望太高了。"
    },
    {
      "user": "Vic Wang",
      "date": "2016-05-29 08:30:35",
      "content": "勇士进总决骑士很难夺冠 雷霆进骑士胜算大一点"
    },
    {
      "user": "柠檬♪",
      "date": "2016-05-29 18:57:29",
      "content": "我觉得詹姆斯被自己的“诺言”压的特别辛苦。不夺冠又要背着再走一年。想想都累。他好像不不喜欢克利夫兰。"
    },
    {
      "user": "最美不过初遇见",
      "date": "2016-05-29 19:55:10",
      "content": "7进..."
    },
    {
      "user": "可乐",
      "date": "2016-05-29 22:10:38",
      "content": "一座比一个镇大不了多少的小城，如果没有勒布朗，这个星球上有几个人知道克利夫兰？包括JR欧文乐福们在内，大家都在憋着一股气为这座小城争取一座冠军奖杯。"
    },
    {
      "user": "1",
      "date": "2016-05-29 22:11:44",
      "content": "这里也有虎扑jr？"
    },
    {
      "user": "Faith",
      "date": "2016-05-30 19:53:21",
      "content": "别忘了詹姆斯 琼斯也是连续六年"
    }
  ]
}