{
  "title": "抢7 讲真不是很喜欢勇士",
  "topic": {
    "name": "大口吃肉",
    "date": "2016-05-29 11:43:58",
    "content": "抢7 讲真不是很喜欢勇士"
  },
  "pages": [],
  "replys": [
    {
      "user": "[已注销]",
      "date": "2016-05-29 11:55:28",
      "content": "没事，反正我喜欢。"
    },
    {
      "user": "R",
      "date": "2016-05-29 11:44:34",
      "content": "我也不大喜欢勇士"
    },
    {
      "user": "☀️太阳之子",
      "date": "2016-05-29 12:00:32",
      "content": "不是裁判雷霆或许早回家了，还有机会和勇士打？当然，雷霆自己确实发挥的也可以，但是高手过招，本身就是毫厘之间，没裁判帮忙雷霆估计很难4-1赢马刺。"
    },
    {
      "user": "R",
      "date": "2016-05-29 11:44:34",
      "content": "我也不大喜欢勇士"
    },
    {
      "user": "fgy",
      "date": "2016-05-29 11:44:51",
      "content": "关键漏判。。。尼玛。。。不过威少最后也没说什么。。。气质确实不一样了"
    },
    {
      "user": "大口吃肉",
      "date": "2016-05-29 11:46:05",
      "content": "格林太脏  之前我看镜头格林已经五犯了呀 不知道后来为什么还是5犯"
    },
    {
      "user": "大口吃肉",
      "date": "2016-05-29 11:46:46",
      "content": "希望抢7能赢  杜少这场命中率不行 太累了"
    },
    {
      "user": "fgy",
      "date": "2016-05-29 11:48:25",
      "content": "篮下突破打太少，都是抛投，三分就一个，等雷神归位吧"
    },
    {
      "user": "大口吃肉",
      "date": "2016-05-29 11:50:53",
      "content": "唉 希望能赢！"
    },
    {
      "user": "Echo",
      "date": "2016-05-29 11:53:52",
      "content": "真的讨厌勇士"
    },
    {
      "user": "大口吃肉",
      "date": "2016-05-29 11:54:45",
      "content": "看来不喜欢勇士的还挺多"
    },
    {
      "user": "[已注销]",
      "date": "2016-05-29 11:55:28",
      "content": "没事，反正我喜欢。"
    },
    {
      "user": "☀️太阳之子",
      "date": "2016-05-29 12:00:32",
      "content": "不是裁判雷霆或许早回家了，还有机会和勇士打？当然，雷霆自己确实发挥的也可以，但是高手过招，本身就是毫厘之间，没裁判帮忙雷霆估计很难4-1赢马刺。"
    },
    {
      "user": "算命书生",
      "date": "2016-05-29 12:01:29",
      "content": "我也是"
    },
    {
      "user": "R",
      "date": "2016-05-29 12:02:31",
      "content": "一副世界无敌 吊炸天的样子"
    },
    {
      "user": "算命书生",
      "date": "2016-05-29 12:04:19",
      "content": "尤其是格林，打球脏的要命，今天又拿脚踢伊巴卡，央视那俩二都不说"
    },
    {
      "user": "R",
      "date": "2016-05-29 12:05:43",
      "content": "我看的是腾讯，中国那些所谓专家都预言勇士4-0横扫雷霆，听着就觉得好好笑"
    },
    {
      "user": "大口吃肉",
      "date": "2016-05-29 12:07:06",
      "content": "格林太脏了妈的"
    },
    {
      "user": "算命书生",
      "date": "2016-05-29 12:07:58",
      "content": "不是一般的恶心"
    },
    {
      "user": "大口吃肉",
      "date": "2016-05-29 12:08:56",
      "content": "就应该禁赛的"
    },
    {
      "user": "算命书生",
      "date": "2016-05-29 12:10:40",
      "content": "没办法就这样了，克莱的三分今天有如神助，认了！希望周二大爆发！！"
    },
    {
      "user": "Conley",
      "date": "2016-05-29 12:11:13",
      "content": "不喜歡勇士跳投大隊"
    },
    {
      "user": "来自越南的猴子",
      "date": "2016-05-29 12:12:49",
      "content": "杜兰特太不争气了，没有威少的霸气，关键时刻狂失误打铁，越看越觉得杜兰特这辈子拿不到总冠军了。"
    },
    {
      "user": "大口吃肉",
      "date": "2016-05-29 12:14:30",
      "content": "太独了太着急失误有点多 没有威少稳健"
    },
    {
      "user": "[已注销]",
      "date": "2016-05-29 12:34:33",
      "content": "阿杜个子太高。。。运球拿球容易失误。。不过这几场真是铁的厉害。。。今天输我觉得他有一半责任。。"
    },
    {
      "user": "大口吃肉",
      "date": "2016-05-29 12:41:56",
      "content": "同感"
    },
    {
      "user": "kobe",
      "date": "2016-05-29 12:49:35",
      "content": "科比退役，马刺出局，我就没有喜欢的球队了。"
    },
    {
      "user": "大口吃肉",
      "date": "2016-05-29 13:07:39",
      "content": "同感 现在支持雷霆 亚当斯被脏以后喜欢他的血气今天隔扣出气了！"
    },
    {
      "user": "来自越南的猴子",
      "date": "2016-05-29 14:00:31",
      "content": "这两天雷霆还是毒奶被灌多了。"
    },
    {
      "user": "Dj.w",
      "date": "2016-05-29 14:01:50",
      "content": "放你娘狗屁"
    },
    {
      "user": "☀️太阳之子",
      "date": "2016-05-29 14:46:02",
      "content": "确实好臭"
    },
    {
      "user": "柠檬♪",
      "date": "2016-05-29 18:24:20",
      "content": "雷霆八成要出局了，勇士只有汤普森值得尊敬。"
    },
    {
      "user": "大口吃肉",
      "date": "2016-05-29 18:29:30",
      "content": "汤普森还不错 实在讨厌格林太脏"
    },
    {
      "user": "Joe",
      "date": "2016-05-29 18:32:49",
      "content": "雷霆這種打法遇到lbj一樣完蛋"
    },
    {
      "user": "大口吃肉",
      "date": "2016-05-29 18:35:48",
      "content": "就是希望能把勇士干趴下"
    },
    {
      "user": "Joe",
      "date": "2016-05-29 18:40:11",
      "content": "雷霆應該會贏下一場,,,但兩個單打王的打法很難拿冠"
    },
    {
      "user": "大口吃肉",
      "date": "2016-05-29 18:40:47",
      "content": "希望能赢吧！ 成也双少败也双少"
    },
    {
      "user": "柒♂",
      "date": "2016-05-30 11:18:43",
      "content": "杜兰特心态啊"
    },
    {
      "user": "fragment",
      "date": "2016-05-30 11:19:06",
      "content": "顶我雷"
    },
    {
      "user": "螃蟹|Daddy²",
      "date": "2016-05-30 11:27:03",
      "content": "不要骂人"
    },
    {
      "user": "大口吃肉",
      "date": "2016-05-30 19:49:43",
      "content": "心态是关键  关键时刻失误太多"
    },
    {
      "user": "[已注销]",
      "date": "2016-05-31 03:31:42",
      "content": "库日天还能走好远 雷霆真的不容易 希望雷霆能拿下G7"
    },
    {
      "user": "大口吃肉",
      "date": "2016-05-31 07:54:22",
      "content": "马上G7了 激动"
    },
    {
      "user": "[已注销]",
      "date": "2016-05-31 07:58:23",
      "content": "是啊是啊 好紧张 希望裁判公平 打出场精彩的比赛"
    },
    {
      "user": "大口吃肉",
      "date": "2016-05-31 08:09:55",
      "content": "杜兰特要冷静"
    },
    {
      "user": "[已注销]",
      "date": "2016-05-31 08:18:28",
      "content": "还有威少！"
    },
    {
      "user": "没名字的哈士奇",
      "date": "2016-05-31 10:00:14",
      "content": "打马刺的时候所有的误判都是对雷霆有利，不然谁进西决还不好说。出来混总是要还的，道理威少懂"
    },
    {
      "user": "没名字的哈士奇",
      "date": "2016-05-31 10:01:46",
      "content": "对半开吧，勇士状态并不好。虽然是客场雷霆还是有希望的"
    },
    {
      "user": "大口吃肉",
      "date": "2016-05-31 10:10:09",
      "content": "格林真的越看越讨厌"
    },
    {
      "user": "没名字的哈士奇",
      "date": "2016-05-31 10:11:45",
      "content": "我也不是勇士球迷。格林确实脏啊，就像以前马刺的鲍文，各种上腿。"
    },
    {
      "user": "[已注销]",
      "date": "2016-05-31 10:11:52",
      "content": "要不是汤姆森的三分 这分追的难 下半场杜兰特多投点 靠谱"
    },
    {
      "user": "大口吃肉",
      "date": "2016-05-31 10:12:34",
      "content": "求雷霆干趴它！妈的"
    },
    {
      "user": "假行僧",
      "date": "2016-05-31 10:18:18",
      "content": "谁进我都能接受，但更希望看到威少对欧文"
    },
    {
      "user": "花弄影",
      "date": "2016-05-31 10:21:44",
      "content": "感觉勇士要跪\r只靠汤普森一人有点悬"
    },
    {
      "user": "[已注销]",
      "date": "2016-05-31 10:27:07",
      "content": "勇士可以改名叫金州三分队了。。。好无聊"
    },
    {
      "user": "柒♂",
      "date": "2016-05-31 10:30:03",
      "content": "勇士是真准啊，前所未有的准，这三分投得已经完全不用跑站术了，顶着人投也进，不过话说回来，除了三分勇士还有什么。"
    },
    {
      "user": "fgy",
      "date": "2016-05-31 10:37:06",
      "content": "卧槽。。。第二场2:7。。。不知道谁瞎了"
    },
    {
      "user": "没名字的哈士奇",
      "date": "2016-05-31 10:45:47",
      "content": "诶，少年你不看赛后官方给出的裁判报吗？关键球的判罚大多都对雷霆有利。威少肘击妖刀，亚当斯绊格林，漏吹卡哇伊的犯规导致威少白赚了2+1"
    },
    {
      "user": "一棵葡萄树",
      "date": "2016-05-31 10:47:17",
      "content": "真的那句话谁都可以说裁判，雷霆真没资格"
    },
    {
      "user": "没名字的哈士奇",
      "date": "2016-05-31 10:49:35",
      "content": "对中立的球迷来说比赛精彩最重要"
    },
    {
      "user": "没名字的哈士奇",
      "date": "2016-05-31 10:51:06",
      "content": "不过勇士也没啥资格，格林也是各种脏，居然没有追加禁赛。"
    },
    {
      "user": "一棵葡萄树",
      "date": "2016-05-31 10:55:53",
      "content": "不想给格林说什么，不是一个队的球迷立场不一样，也许对你来说他脏，对勇士球迷来说有人那场他踢人之后也很多骂他的，还有我觉得他不是坏人，不是想废了别人的那种坏"
    },
    {
      "user": "没名字的哈士奇",
      "date": "2016-05-31 10:58:30",
      "content": "就和以前马刺的鲍文一样。强硬是一回事，脏是另外一回事。我只能说他好胜心强，为了胜利什么都可以做吧"
    },
    {
      "user": "长发之殇",
      "date": "2016-05-31 11:12:29",
      "content": "不要怨裁判，2边都有一些该吹没吹，裁判有的也看不到的，压力大的，要是厉害，就一波流带走他，最后雷霆不停的失误，打铁还需自身硬。"
    },
    {
      "user": "大口吃肉",
      "date": "2016-05-31 11:14:21",
      "content": "雷霆到了关键时刻就不行啊"
    },
    {
      "user": "空谷幽兰",
      "date": "2016-05-31 11:27:28",
      "content": "谁的呼声低我就支持谁,雷霆更像曾经的湖人"
    },
    {
      "user": "Joe",
      "date": "2016-05-31 11:36:14",
      "content": "雷霆太令人失望3:1玩到3:4,,,就看騎士了"
    },
    {
      "user": "大雄先生",
      "date": "2016-05-31 11:38:47",
      "content": "好心疼杜兰特"
    },
    {
      "user": "大口吃肉",
      "date": "2016-05-31 11:44:04",
      "content": "求骑士打爆它"
    },
    {
      "user": "大口吃肉",
      "date": "2016-05-31 11:44:26",
      "content": "关键时刻不行"
    },
    {
      "user": "晓华",
      "date": "2016-05-31 11:44:38",
      "content": "好心疼我雷"
    },
    {
      "user": "大雄先生",
      "date": "2016-05-31 11:47:55",
      "content": "最后几下不是挺好的呢 还是团队磨合感觉不够 最后都太慌了。要是最后那个五秒进攻抓住，说不定还能翻盘"
    },
    {
      "user": "kobe",
      "date": "2016-05-31 11:56:54",
      "content": "雷霆自己打败了自己。他们第六战有那么好的机会，势头完全在他们一边，手握赛点，主场优势，可是他们自己打的急躁，没有理智。失去那个势头之后，第七战就完全不同了，势头就完全在勇士这边了。雷霆自己丢失了黄金机会，生命就是这样的，老天不会一直给你机会，给的时候就不能错过！"
    },
    {
      "user": "fgy",
      "date": "2016-05-31 12:26:34",
      "content": "谁不看报告呀，最后那球维特斯肘击不假，你看不到报告说卡哇伊拉威少，格林推杜兰特，而且结果马刺抢断了，投不进怪谁？"
    },
    {
      "user": "没名字的哈士奇",
      "date": "2016-05-31 12:35:27",
      "content": "关键球的判罚上公认的雷霆占便宜多，如果这点你都不承认的话那也无话可说了。又没说雷霆二少不强，少年你在紧张什么"
    },
    {
      "user": "Vic Wang",
      "date": "2016-05-31 12:36:14",
      "content": "雷霆输在替补不给力 火力点太少"
    },
    {
      "user": "沐之",
      "date": "2016-05-31 15:29:57",
      "content": "这轮系列赛雷霆与勇士实力差之毫厘~双方都打出了史诗级的水准~最后真的是看运气和领袖球员关键时刻的发挥了~唯一的问题可能就是杜威都打的太累了~命中率低，偶尔失误多都是情理之中的~毕竟都不是机器啊~反正看的我都不忍心看下去了，何其悲壮~让我想起曾经很喜欢的凯尔特人大战骑士的气势！很佩服雷霆队的毅力和坚持~看了十年NBA，做了5年的勇士球迷~昨晚因为这场比赛几乎失眠，能看到这样的比赛真心觉得作为球迷很幸运！"
    },
    {
      "user": "烧锅炉的小学生",
      "date": "2016-05-31 15:50:24",
      "content": "LZ主队是雷霆？\r 我觉得吧，很多球队都可以说追梦脏，然而雷霆不行。伊巴卡江湖绰号“打蛋器”，亚当斯进NBA以来，被多少不同球队的不同球员投诉脏？用阴招和小动作让多少球员退场或禁赛？你想知道我也可以给你统计一下~\r 不要一下都冰清玉洁起来了，彼此彼此而已\r PS：有一些人的逻辑也是好奇怪的，一会鼓吹以前80年代的抱摔篮球多么高大上，多么真男人真硬汉，现在NBA没看头，没防守，没强度，巴拉巴拉，然而实际一格斗吧，又口诛笔伐得风生水起，真是双重标准到宇宙\r 当然啦，LZ也可能不是雷霆球迷，那我就不好说什么啦哈哈哈"
    }
  ]
}