{
  "title": "不吹不黑，兄弟们，是时候预测一波总决赛比分了！！",
  "topic": {
    "name": "西奥多",
    "date": "2016-05-29 00:55:25",
    "content": "不吹不黑，兄弟们，是时候预测一波总决赛比分了！！"
  },
  "pages": [],
  "replys": [
    {
      "user": "fgy",
      "date": "2016-05-29 00:56:45",
      "content": "雷霆4:2骑士，其实我很担心明天赢不了就被勇士翻盘了"
    },
    {
      "user": "西奥多",
      "date": "2016-05-29 01:00:58",
      "content": "不开心"
    },
    {
      "user": "沉淀",
      "date": "2016-05-29 09:51:12",
      "content": "雷霆4:2骑士"
    },
    {
      "user": "柠檬♪",
      "date": "2016-05-29 18:55:36",
      "content": "勇士4:1 骑士"
    },
    {
      "user": "西奥多",
      "date": "2016-05-29 21:08:44",
      "content": "雷霆啊，够悬了！！？"
    },
    {
      "user": "西奥多",
      "date": "2016-05-29 21:09:09",
      "content": "从今天来看，很有可能"
    },
    {
      "user": "西奥多",
      "date": "2016-05-29 21:09:27",
      "content": "真希望雷霆赢"
    },
    {
      "user": "西奥多",
      "date": "2016-05-29 21:09:29",
      "content": "真希望雷霆赢"
    },
    {
      "user": "西奥多",
      "date": "2016-05-31 12:15:34",
      "content": "一万个同意"
    },
    {
      "user": "Joe",
      "date": "2016-05-31 13:47:45",
      "content": "骑士4:2勇士"
    },
    {
      "user": "西奥多",
      "date": "2016-05-31 15:45:49",
      "content": "看来骑士还是大多数，哈哈"
    },
    {
      "user": "老和部队",
      "date": "2016-05-31 15:48:41",
      "content": "不好说，目前看来 勇士的几率高一点。"
    },
    {
      "user": "西奥多",
      "date": "2016-05-31 16:02:31",
      "content": "对，他们的轮换，还有一手不讲道理的三分，确实很让人头疼。不过我很认同你说的不好说。篮球不就在于这些不确定性嘛"
    },
    {
      "user": "老和部队",
      "date": "2016-05-31 16:08:18",
      "content": "第一 勇士有主场优势，\r 第二 抢七大胜，气势正弘\r 第三 别忘了去年的JR的神经刀\r 第四 锅福现在也是个神级刀了 除了背锅就是看你三分准不准了\r 所以目前看来 勇士几率更高一些"
    },
    {
      "user": "西奥多",
      "date": "2016-05-31 16:11:57",
      "content": "从理性分析上来说，骑士够悬，而教练的经验也差很多。但全力詹或许会给比赛点难度。希望比赛精彩吧"
    },
    {
      "user": "老和部队",
      "date": "2016-05-31 16:15:03",
      "content": "就是看骑士的三分和防守了"
    },
    {
      "user": "西奥多",
      "date": "2016-05-31 19:23:28",
      "content": "嗯嗯"
    },
    {
      "user": "knight&暗夜",
      "date": "2016-05-31 21:00:56",
      "content": "勇士4:3骑士"
    },
    {
      "user": "天宇",
      "date": "2016-05-31 21:43:46",
      "content": "勇士4:3骑士"
    },
    {
      "user": "西奥多",
      "date": "2016-05-31 22:54:23",
      "content": "哈哈哈"
    },
    {
      "user": "西奥多",
      "date": "2016-05-31 22:54:33",
      "content": "你们是一起的吧"
    },
    {
      "user": "doglou",
      "date": "2016-06-02 18:50:21",
      "content": "勇士4：1骑士"
    },
    {
      "user": "西奥多",
      "date": "2016-06-02 19:43:56",
      "content": "可以可以。"
    },
    {
      "user": "风一样的男人",
      "date": "2016-06-02 20:54:12",
      "content": "我猜抢七"
    },
    {
      "user": "西奥多",
      "date": "2016-06-02 21:21:05",
      "content": "那就精彩了"
    }
  ]
}