{
  "title": "对不起失态了！雷霆VS勇士比赛卧槽太精彩了！",
  "topic": {
    "name": "沉淀",
    "date": "2016-05-29 09:47:33",
    "content": "对不起失态了！雷霆VS勇士比赛卧槽太精彩了！"
  },
  "pages": [],
  "replys": [
    {
      "user": "沉淀",
      "date": "2016-05-31 11:52:21",
      "content": "众望所归，勇士球迷的众望所归吧"
    },
    {
      "user": "心软是病",
      "date": "2016-05-31 12:22:44",
      "content": "我们都希望雷霆进决赛，詹密心声"
    },
    {
      "user": "柒♂",
      "date": "2016-05-31 13:33:45",
      "content": "勇士投死了雷霆,投死了阿杜,下赛季何去何从"
    },
    {
      "user": "ReaperOfPotato",
      "date": "2016-05-31 13:38:05",
      "content": "对方不想跟你说话，并投来一堆三分"
    },
    {
      "user": "沐之",
      "date": "2016-05-31 15:29:30",
      "content": "这轮系列赛雷霆与勇士实力差之毫厘~双方都打出了史诗级的水准~最后真的是看运气和领袖球员关键时刻的发挥了~唯一的问题可能就是杜威都打的太累了~命中率低，偶尔失误多都是情理之中的~毕竟都不是机器啊~反正看的我都不忍心看下去了，何其悲壮~让我想起曾经很喜欢的凯尔特人大战骑士的气势！很佩服雷霆队的毅力和坚持~看了十年NBA，做了5年的勇士球迷~昨晚因为这场比赛几乎失眠，能看到这样的比赛真心觉得作为球迷很幸运！"
    }
  ]
}