{
  "title": "作为一个妹子 怎么快速的了解足球",
  "topic": {
    "name": "looking",
    "date": "2016-05-29 14:46:37",
    "content": "作为一个妹子 怎么快速的了解足球"
  },
  "pages": [],
  "replys": [
    {
      "user": "九月",
      "date": "2016-05-29 14:53:06",
      "content": "鏈接各種杯"
    },
    {
      "user": "好宝宝就是我",
      "date": "2016-06-01 14:28:32",
      "content": "下载一些足球app\r 每个联赛有什么队 每个队伍 哪个厉害 踢什么位置 再多看几场球"
    },
    {
      "user": "小宁",
      "date": "2016-06-01 16:32:21",
      "content": "找个爱球的男票"
    },
    {
      "user": "[已注销]",
      "date": "2016-06-02 17:20:05",
      "content": "自己看球赛，不懂的百度或者问看球赛的朋友"
    },
    {
      "user": "淋雨",
      "date": "2016-06-02 19:37:40",
      "content": "你不懂球？不懂还不下载‘懂球帝’"
    },
    {
      "user": "Ethel",
      "date": "2016-06-02 22:13:21",
      "content": "多逛足球社区"
    },
    {
      "user": "你头好圆君",
      "date": "2016-06-02 23:27:10",
      "content": "玩FM"
    },
    {
      "user": "carriage",
      "date": "2016-06-02 23:50:52",
      "content": "赶紧下个懂球帝去"
    },
    {
      "user": "枯叶",
      "date": "2016-06-03 06:36:34",
      "content": "你得有一个喜欢足球的男友 你自己也得有极大的兴趣 然后是慢慢的品味"
    },
    {
      "user": "枯叶",
      "date": "2016-06-03 06:40:33",
      "content": "你的问题很搞笑 你要去理清比赛的关系难道你要买足球彩票，关系就是平局 与输赢 你要去关注比赛本身 和球员处理球的细节 这样你才能体会足球的魅力 相比比赛结果更有趣 不用在意球队的强弱"
    },
    {
      "user": "Unschlagbar",
      "date": "2016-06-03 14:24:58",
      "content": "懂球，还不下载懂球帝？"
    },
    {
      "user": "Unschlagbar",
      "date": "2016-06-03 14:26:00",
      "content": "所以，妹纸可以去踢踢球，因为热爱自然会去了解"
    },
    {
      "user": "淋雨",
      "date": "2016-06-03 14:26:22",
      "content": "嘿嘿嘿"
    },
    {
      "user": "looking",
      "date": "2016-06-04 14:36:51",
      "content": "哈哈 谢谢~"
    },
    {
      "user": "looking",
      "date": "2016-06-04 14:40:03",
      "content": "理清各赛事的关系不是指输赢，是英超 意甲 这些比赛的背景啊 参赛队伍什么的，现在正在努力了解这些基本的信息，对于足球本身 我还是蛮有兴趣的~哈哈"
    },
    {
      "user": "looking",
      "date": "2016-06-04 14:41:31",
      "content": ">< 踢过..."
    },
    {
      "user": "[已注销]",
      "date": "2016-06-04 15:35:13",
      "content": "同问"
    },
    {
      "user": "BruceOne",
      "date": "2016-06-04 23:32:41",
      "content": "找个热爱足球的男朋友，最快"
    },
    {
      "user": "浅眠斗士",
      "date": "2016-06-04 23:33:36",
      "content": "多看比赛就可以了，但是要挑解说，最有利新手的还是詹俊"
    },
    {
      "user": "小牛",
      "date": "2016-06-04 23:49:36",
      "content": "请问下为什么想突然了解这些，我要告诉女朋友"
    },
    {
      "user": "looking",
      "date": "2016-06-05 10:24:03",
      "content": "谢谢啦～我会去看的！"
    },
    {
      "user": "looking",
      "date": "2016-06-05 10:25:24",
      "content": "天天在她耳边念叨有什么什么比赛 谁谁谁球星又签了哪个俱乐部"
    },
    {
      "user": "looking",
      "date": "2016-06-05 13:41:41",
      "content": "?"
    },
    {
      "user": "looking",
      "date": "2016-06-05 13:42:07",
      "content": "O(∩_∩)O"
    },
    {
      "user": "仲海的腿好了吗",
      "date": "2016-06-05 13:47:05",
      "content": "找个球迷男朋友，比如我?"
    },
    {
      "user": "小牛",
      "date": "2016-06-05 17:28:05",
      "content": "压根不听"
    },
    {
      "user": "looking",
      "date": "2016-06-05 17:30:56",
      "content": "那就买一套你喜欢的俱乐部或者国家队的球衣送她"
    },
    {
      "user": "小牛",
      "date": "2016-06-05 21:59:54",
      "content": "好的，我试试看"
    },
    {
      "user": "枯叶",
      "date": "2016-06-06 20:10:36",
      "content": "你大学选修的是历史吧？哈哈哈"
    },
    {
      "user": "looking",
      "date": "2016-06-10 02:29:55",
      "content": "哈哈 不是 我是数学一直不及格的理科生"
    },
    {
      "user": "芭月凉",
      "date": "2016-06-10 02:44:56",
      "content": "先喜欢上某个球星"
    },
    {
      "user": "[已注销]",
      "date": "2016-06-10 08:41:08",
      "content": "懂球帝"
    }
  ]
}