{
  "title": "勇士强，无敌！",
  "topic": {
    "name": "Retard",
    "date": "2016-05-31 10:43:55",
    "content": "勇士强，无敌！"
  },
  "pages": [],
  "replys": [
    {
      "user": "一棵葡萄树",
      "date": "2016-05-31 10:45:48",
      "content": "这组里有勇蜜吗"
    },
    {
      "user": "[已注销]",
      "date": "2016-05-31 10:46:42",
      "content": "我怎么觉得组里都是雷蜜"
    },
    {
      "user": "Retard",
      "date": "2016-05-31 10:47:39",
      "content": "有呀！"
    },
    {
      "user": "Retard",
      "date": "2016-05-31 10:47:52",
      "content": "一直喜欢勇士"
    },
    {
      "user": "一棵葡萄树",
      "date": "2016-05-31 10:48:28",
      "content": "一直都是唱衰勇士的"
    },
    {
      "user": "一棵葡萄树",
      "date": "2016-05-31 10:49:09",
      "content": "雷霆第三节得了12分？？？"
    },
    {
      "user": "Retard",
      "date": "2016-05-31 10:56:10",
      "content": "当初谜湖人的时候也是，周围人全是支持热火的"
    },
    {
      "user": "一棵葡萄树",
      "date": "2016-05-31 10:57:26",
      "content": "比起热火还是喜欢湖人，对那种扎堆的喜欢不起来"
    },
    {
      "user": "Retard",
      "date": "2016-05-31 10:58:18",
      "content": "巴郎戴维斯那时候的勇士是最喜欢的！"
    },
    {
      "user": "沐之",
      "date": "2016-05-31 15:31:55",
      "content": "这轮系列赛雷霆与勇士实力差之毫厘~双方都打出了史诗级的水准~最后真的是看运气和领袖球员关键时刻的发挥了~唯一的问题可能就是杜威都打的太累了~命中率低，偶尔失误多都是情理之中的~毕竟都不是机器啊~反正看的我都不忍心看下去了，何其悲壮~让我想起曾经很喜欢的凯尔特人大战骑士的气势！很佩服雷霆队的毅力和坚持~看了十年NBA，做了5年的勇士球迷~昨晚因为这场比赛几乎失眠，能看到这样的比赛真心觉得作为球迷很幸运！"
    },
    {
      "user": "Retard",
      "date": "2016-05-31 16:36:49",
      "content": "今天打的确实精彩"
    },
    {
      "user": "老和部队",
      "date": "2016-05-31 16:43:53",
      "content": "我更期待今年夏天KD是去还是留？"
    },
    {
      "user": "Retard",
      "date": "2016-05-31 16:57:04",
      "content": "估计要走了"
    },
    {
      "user": "老和部队",
      "date": "2016-05-31 16:58:31",
      "content": "除了勇士马刺以外，其实去哪都差不多。"
    },
    {
      "user": "Retard",
      "date": "2016-05-31 17:01:25",
      "content": "湖人！"
    },
    {
      "user": "老和部队",
      "date": "2016-05-31 17:03:19",
      "content": "浪费时间，KD现在就是需要一个冠军，来湖人有毛用。"
    },
    {
      "user": "Retard",
      "date": "2016-05-31 17:04:02",
      "content": "那也是，那马刺真可以的"
    },
    {
      "user": "没名字的哈士奇",
      "date": "2016-05-31 19:31:24",
      "content": "去勇士组水花三兄弟"
    },
    {
      "user": "Joe",
      "date": "2016-05-31 20:51:00",
      "content": "kd留okc明年還有機會,三少只要在一起至少還有5年的機會衝擊冠軍(kd,西部,18卡)"
    }
  ]
}