{
  "title": "我猜今天勇士赢！",
  "topic": {
    "name": "石头记",
    "date": "2016-05-31 09:50:17",
    "content": "我猜今天勇士赢！"
  },
  "pages": [],
  "replys": [
    {
      "user": "老和部队",
      "date": "2016-05-31 09:50:52",
      "content": "今天雷霆悬啊 虽然我支持雷霆"
    },
    {
      "user": "[已注销]",
      "date": "2016-05-31 09:59:18",
      "content": "格林真心不是一般的脏 自己摔倒还要拽到亚当斯 还装的很无辜"
    }
  ]
}