{
  "title": "说出你们最喜欢的球星和最喜欢的球队",
  "topic": {
    "name": "爱美甲💅",
    "date": "2016-05-31 15:05:29",
    "content": "说出你们最喜欢的球星和最喜欢的球队"
  },
  "pages": [],
  "replys": [
    {
      "user": "爱美甲💅",
      "date": "2016-05-31 15:11:46",
      "content": "我喜欢骑士，是因为打球的方式"
    },
    {
      "user": "老和部队",
      "date": "2016-05-31 16:25:44",
      "content": "喜欢05-06年的太阳和01-02的国王，完美、华丽的进攻体系+超级球星。比赛又好看+又有激情。虽然都没有拿到的冠军，但一直是我最喜欢的球队。"
    },
    {
      "user": "爱美甲💅",
      "date": "2016-05-31 16:36:31",
      "content": "太阳这几年不好看"
    },
    {
      "user": "老和部队",
      "date": "2016-05-31 16:42:46",
      "content": "没了纳什的太阳就没有关注过，现在联盟没有特别喜欢的球队了，有期待的就是看看老大退了以后，湖人何时复兴。森林狼的天赋爆表，能达到什么样的高度。"
    },
    {
      "user": "没名字的哈士奇",
      "date": "2016-05-31 19:33:35",
      "content": "火箭吧。跟着姚明看了14年"
    },
    {
      "user": "Joe",
      "date": "2016-05-31 20:51:35",
      "content": "騎士lbj"
    },
    {
      "user": "knight&暗夜",
      "date": "2016-05-31 21:29:05",
      "content": "美腿不错"
    },
    {
      "user": "我的羊",
      "date": "2016-05-31 23:18:34",
      "content": "奇才队，听说吗"
    },
    {
      "user": "标兵奔北坡",
      "date": "2016-06-01 01:45:49",
      "content": "科比退役后就看库里和利拉德了！"
    },
    {
      "user": "HOHO",
      "date": "2016-06-01 04:43:58",
      "content": "为什么我很仔细的看，放大了看，也没看到裤子。"
    }
  ]
}