{
  "title": "今年骑士一定得冠军！！！ 因为",
  "topic": {
    "name": "Faith",
    "date": "2016-05-31 21:41:42",
    "content": "今年骑士一定得冠军！！！ 因为"
  },
  "pages": [],
  "replys": [
    {
      "user": "[已注销]",
      "date": "2016-05-31 23:10:24",
      "content": "好想错了，开拓者一场"
    },
    {
      "user": "大王叫我来巡山",
      "date": "2016-06-01 00:16:27",
      "content": "开拓者4-1"
    },
    {
      "user": "蚂蚁凶",
      "date": "2016-06-01 11:14:45",
      "content": "好牛逼的分析"
    }
  ]
}