{
  "title": "欢迎喜欢NBA的兄弟去虎扑做客",
  "topic": {
    "name": "26个比利",
    "date": "2016-06-02 11:46:42",
    "content": "欢迎喜欢NBA的兄弟去虎扑做客"
  },
  "pages": [],
  "replys": [
    {
      "user": "Staunton",
      "date": "2016-06-02 12:44:29",
      "content": "作为老JR的我也推荐虎扑，两边都玩"
    },
    {
      "user": "王磊巨侠",
      "date": "2016-06-02 17:20:09",
      "content": "jr来看看"
    }
  ]
}