{
  "title": "我很高兴，又是勇士对上骑士。",
  "topic": {
    "name": "Staunton",
    "date": "2016-06-03 02:11:23",
    "content": "我很高兴，又是勇士对上骑士。"
  },
  "pages": [],
  "replys": [
    {
      "user": "HOHO",
      "date": "2016-06-03 07:06:37",
      "content": "上次骑士可以说伤病困扰，勇士可以说总决赛经验不足，这次两队再没得说了。"
    },
    {
      "user": "Staunton",
      "date": "2016-06-03 08:04:39",
      "content": "相比上赛季，这次的相遇定能擦出不一样的火花。的确非常令人期待。"
    },
    {
      "user": "R",
      "date": "2016-06-03 08:58:51",
      "content": "希望骑士赢"
    },
    {
      "user": "Staunton",
      "date": "2016-06-03 09:53:53",
      "content": "那我希望勇士赢"
    },
    {
      "user": "R",
      "date": "2016-06-03 09:55:02",
      "content": "我会难过的"
    },
    {
      "user": "Staunton",
      "date": "2016-06-03 09:56:26",
      "content": "那我会开心的"
    }
  ]
}