{
  "title": "总决赛在2天前和雷霆的比赛就已经完结了",
  "topic": {
    "name": "沉淀",
    "date": "2016-06-03 11:22:24",
    "content": "总决赛在2天前和雷霆的比赛就已经完结了"
  },
  "pages": [],
  "replys": [
    {
      "user": "董董",
      "date": "2016-06-03 12:30:20",
      "content": "之前看到雷霆3比1我说“詹姆斯第三冠”，到现在……"
    },
    {
      "user": "沉淀",
      "date": "2016-06-03 12:31:50",
      "content": "以今天的这种防守强度恐怕打雷霆都萎"
    },
    {
      "user": "董董",
      "date": "2016-06-03 14:47:48",
      "content": "感觉防守强度也就是在后半段跟不上了，无奈勇士能用的人太多"
    }
  ]
}