{
  "title": "足球妹子来报个到啊（能找个喜欢足球的女友就好了）",
  "topic": {
    "name": "西决",
    "date": "2016-06-09 10:50:11",
    "content": "足球妹子来报个到啊（能找个喜欢足球的女友就好了）"
  },
  "pages": [
    "https://www.douban.com/group/topic/87245541/?start=100"
  ],
  "replys": [
    {
      "user": "〃Miroslav.",
      "date": "2016-06-12 11:25:32",
      "content": "德国"
    },
    {
      "user": "长脸老妖",
      "date": "2016-06-10 19:29:19",
      "content": "皇马"
    },
    {
      "user": "枯叶",
      "date": "2016-06-09 17:26:34",
      "content": "球鞋配色不错"
    },
    {
      "user": "小鹿给我送枝花",
      "date": "2016-06-09 22:39:26",
      "content": "小破车"
    },
    {
      "user": "muller",
      "date": "2016-06-09 22:41:41",
      "content": "啥意思 我是足球妹子"
    },
    {
      "user": "[已注销]",
      "date": "2016-06-10 08:41:37",
      "content": "怎么看着像汉子的大毛腿"
    },
    {
      "user": "yopa",
      "date": "2016-06-10 10:04:43",
      "content": "高中校队"
    },
    {
      "user": "南瓜大人",
      "date": "2016-06-10 16:05:12",
      "content": "大学校队，多特蒙德"
    },
    {
      "user": "长脸老妖",
      "date": "2016-06-10 19:29:19",
      "content": "皇马"
    },
    {
      "user": "从你的阳台",
      "date": "2016-06-10 19:33:04",
      "content": "欧洲杯支持德国 其他聚乐部我就瞎看看"
    },
    {
      "user": "Noelia",
      "date": "2016-06-10 19:45:44",
      "content": "渣团辣"
    },
    {
      "user": "[已注销]",
      "date": "2016-06-10 20:34:11",
      "content": "诺伊尔"
    },
    {
      "user": "落尘",
      "date": "2016-06-10 21:05:08",
      "content": "只有酷爱的人"
    },
    {
      "user": "胖大海",
      "date": "2016-06-11 00:38:20",
      "content": "穆勒"
    },
    {
      "user": "夏",
      "date": "2016-06-11 18:36:51",
      "content": "德国"
    },
    {
      "user": "张大逗逼兔",
      "date": "2016-06-12 02:04:57",
      "content": "哦"
    },
    {
      "user": "〃Miroslav.",
      "date": "2016-06-12 11:25:32",
      "content": "德国"
    },
    {
      "user": "吴亦凡",
      "date": "2016-06-12 11:27:42",
      "content": "看成足球袜子"
    },
    {
      "user": "吴亦凡",
      "date": "2016-06-12 11:28:18",
      "content": "么么哒  美凌格"
    },
    {
      "user": "Anglo-Saxon",
      "date": "2016-06-12 11:48:48",
      "content": "我也喜欢这双鞋。踢球的妹子真是又帅又有气质！\r 终生信仰利物浦。"
    },
    {
      "user": "Nov_cry",
      "date": "2016-06-12 17:37:59",
      "content": "荷兰"
    },
    {
      "user": "熊本的熊",
      "date": "2016-06-12 18:00:01",
      "content": "居然去远征了……"
    },
    {
      "user": "小鹿给我送枝花",
      "date": "2016-06-12 18:15:27",
      "content": "你昨个也去了？"
    },
    {
      "user": "熊本的熊",
      "date": "2016-06-12 18:46:19",
      "content": "稳如特谢拉"
    },
    {
      "user": "三疯",
      "date": "2016-06-12 18:48:28",
      "content": "广州球队欢迎你们"
    },
    {
      "user": "kk",
      "date": "2016-06-12 22:28:49",
      "content": "心疼我橙衣军团"
    },
    {
      "user": "西决",
      "date": "2016-06-13 00:34:43",
      "content": "木有克罗地亚的?"
    },
    {
      "user": "Nov_cry",
      "date": "2016-06-13 01:25:53",
      "content": "哭瞎"
    },
    {
      "user": "蛋癌康复患者",
      "date": "2016-06-13 02:37:12",
      "content": "坐等勒夫挖鼻屎~"
    },
    {
      "user": "BunnyDB",
      "date": "2016-06-13 03:00:47",
      "content": "还好不是足球爷子"
    },
    {
      "user": "我不是西门庆",
      "date": "2016-06-13 03:13:38",
      "content": "巴塞罗那"
    },
    {
      "user": "小明",
      "date": "2016-06-13 03:18:32",
      "content": "曼联"
    },
    {
      "user": "三五七",
      "date": "2016-06-13 04:36:28",
      "content": "来都没来的郁金香军团"
    },
    {
      "user": "ParisLowed",
      "date": "2016-06-14 12:36:38",
      "content": "争四狂魔:)"
    },
    {
      "user": "千佳",
      "date": "2016-06-16 15:54:00",
      "content": "喜欢图兰。"
    },
    {
      "user": "张赢川",
      "date": "2016-06-17 13:26:52",
      "content": "意大利"
    },
    {
      "user": "吉普賽的未填寫",
      "date": "2016-06-17 13:53:30",
      "content": "传奇是款好鞋子啊"
    },
    {
      "user": "格物明德",
      "date": "2016-06-17 13:53:57",
      "content": "西班牙不是一向如此吗....."
    },
    {
      "user": "寒冰",
      "date": "2016-06-17 15:08:42",
      "content": "买球的加薇心(lp五九6九七九)"
    },
    {
      "user": "大英皇家训猫师",
      "date": "2016-06-17 15:15:31",
      "content": "我上周也去了！"
    },
    {
      "user": "小鹿给我送枝花",
      "date": "2016-06-17 15:19:29",
      "content": "说不定我们都擦身而过了，哈哈哈哈"
    },
    {
      "user": "叫我第一名",
      "date": "2016-06-17 15:21:54",
      "content": "战车！"
    },
    {
      "user": "SantaWilliam",
      "date": "2016-06-17 15:22:16",
      "content": "意大利"
    },
    {
      "user": "换了人间",
      "date": "2016-06-17 18:58:57",
      "content": "我喜欢博班。要说酷爱，还得是国足"
    },
    {
      "user": "Canterbury",
      "date": "2016-06-17 19:00:26",
      "content": "是时候亮出我二十年冰岛球迷的身份了"
    },
    {
      "user": "Canterbury",
      "date": "2016-06-17 19:01:03",
      "content": "这一代之前和之后都不是如此"
    },
    {
      "user": "Canterbury",
      "date": "2016-06-17 19:01:29",
      "content": "图兰？阿尔达图兰？"
    },
    {
      "user": "Canterbury",
      "date": "2016-06-17 19:01:58",
      "content": "枪迷？"
    },
    {
      "user": "ParisLowed",
      "date": "2016-06-17 19:27:10",
      "content": "yep"
    },
    {
      "user": "Canterbury",
      "date": "2016-06-17 19:28:11",
      "content": "今年可不是第四了，争四的事情交给我我抬吧"
    },
    {
      "user": "ParisLowed",
      "date": "2016-06-17 19:28:41",
      "content": "哈哈哈哈好的"
    },
    {
      "user": "Canterbury",
      "date": "2016-06-17 19:29:23",
      "content": "明年希望你们能保持，买了那么多人，我们和娜娜永远是好朋友"
    },
    {
      "user": "ParisLowed",
      "date": "2016-06-17 19:34:44",
      "content": "讲真，就是因为范佩西我才看足球的"
    },
    {
      "user": "Canterbury",
      "date": "2016-06-17 20:03:10",
      "content": "配戏不是后来去曼联了吗？现在土耳其啊，你去看土超联赛可以看到他"
    },
    {
      "user": "ToLive未郁",
      "date": "2016-06-18 01:13:01",
      "content": "俱乐部行不行？"
    },
    {
      "user": "Kateojq",
      "date": "2016-06-18 17:26:38",
      "content": "西班牙"
    },
    {
      "user": "西决",
      "date": "2016-06-19 11:56:35",
      "content": "行"
    },
    {
      "user": "ToLive未郁",
      "date": "2016-06-19 20:46:43",
      "content": "巴塞一生推"
    },
    {
      "user": "千佳",
      "date": "2016-06-20 09:04:11",
      "content": "是啊"
    },
    {
      "user": "不想有交集",
      "date": "2016-06-22 04:20:41",
      "content": "厄齐尔"
    },
    {
      "user": "岢.樂",
      "date": "2016-06-22 12:06:44",
      "content": "想知道你这款球鞋是什么型号？"
    },
    {
      "user": "西决",
      "date": "2016-06-26 00:01:48",
      "content": "AG传奇5"
    },
    {
      "user": "美腻的凯蒂大王",
      "date": "2016-06-26 00:43:00",
      "content": "德国 泰山 绿城"
    },
    {
      "user": "長長長~~~~~yu",
      "date": "2016-06-26 18:58:20",
      "content": "德国"
    },
    {
      "user": "西决",
      "date": "2016-07-02 03:50:07",
      "content": "今晚威尔士要把比利时顶爽了"
    },
    {
      "user": "迷恋天空的鱼",
      "date": "2016-07-02 09:08:04",
      "content": "听说要来中超了"
    },
    {
      "user": "西决",
      "date": "2016-07-02 12:21:17",
      "content": "苏宁？"
    },
    {
      "user": "Enogado",
      "date": "2016-07-02 12:26:35",
      "content": "这鞋我男人也有"
    },
    {
      "user": "西决",
      "date": "2016-07-02 13:12:05",
      "content": "你男人真有眼光"
    },
    {
      "user": "迷恋天空的鱼",
      "date": "2016-07-03 03:23:56",
      "content": "申花好像"
    },
    {
      "user": "那个瞬",
      "date": "2016-07-03 21:36:19",
      "content": "98年看球至今 最爱德国队和拜仁慕尼黑！"
    },
    {
      "user": "albra",
      "date": "2016-07-03 21:37:00",
      "content": "看球 和 买球 是两个概念 所以 今天晚上冰岛赢"
    },
    {
      "user": "刚工作的老阿姨",
      "date": "2016-07-24 16:27:46",
      "content": "阿森纳"
    },
    {
      "user": "上善若水",
      "date": "2016-07-24 22:34:55",
      "content": "曼联"
    },
    {
      "user": "夏盐",
      "date": "2016-07-24 23:32:37",
      "content": "今晚我只爱申花！"
    },
    {
      "user": "Wetdiam0nd",
      "date": "2016-07-25 00:52:16",
      "content": "阿森纳"
    },
    {
      "user": "西决",
      "date": "2016-07-25 00:56:12",
      "content": "申花三分到手了"
    },
    {
      "user": "西决",
      "date": "2016-07-25 00:56:37",
      "content": "亨利"
    },
    {
      "user": "西决",
      "date": "2016-07-25 00:56:45",
      "content": "小贝"
    },
    {
      "user": "范大将军西西西",
      "date": "2016-08-01 11:05:55",
      "content": "曼联，荷兰"
    },
    {
      "user": "次呱",
      "date": "2016-08-03 23:29:08",
      "content": "皇马"
    },
    {
      "user": "[已注销]",
      "date": "2016-08-04 13:47:41",
      "content": "马竞 恒大"
    },
    {
      "user": "mermaid_鹿门",
      "date": "2016-08-18 21:29:59",
      "content": "尤文图斯"
    },
    {
      "user": "西决",
      "date": "2016-10-28 13:56:54",
      "content": "利物浦"
    },
    {
      "user": "郑桂南",
      "date": "2016-10-28 14:13:39",
      "content": "利物浦"
    },
    {
      "user": "西决",
      "date": "2016-10-28 14:24:11",
      "content": "渣叔的利物浦开始复苏了"
    },
    {
      "user": "郑桂南",
      "date": "2016-10-28 14:26:58",
      "content": "可是没有了我的队长"
    },
    {
      "user": "西决",
      "date": "2016-10-28 14:28:54",
      "content": "杰拉德退役了应该还会回俱乐部工作吧"
    },
    {
      "user": "郑桂南",
      "date": "2016-10-28 14:30:32",
      "content": "马上就会回去了，但是再回去感觉就不一样了"
    },
    {
      "user": "NASHNHO",
      "date": "2016-10-28 14:45:17",
      "content": "有玩NBA的吗？？？"
    },
    {
      "user": "西决",
      "date": "2016-10-28 14:55:23",
      "content": "肯定不是在球场踢球的样子了"
    },
    {
      "user": "豆瓣酱",
      "date": "2016-10-29 10:53:44",
      "content": "呆梨+米兰，上轮客场被安达给日了三个←_←"
    },
    {
      "user": "西决",
      "date": "2016-10-29 22:22:56",
      "content": "米兰最近不错的"
    },
    {
      "user": "豆瓣酱",
      "date": "2016-10-29 22:24:19",
      "content": "尤文有毒啊，肖国吉赢完888直接就萎了，我毛赢完888后，输了安达3个球～"
    },
    {
      "user": "巫山云雨",
      "date": "2016-10-29 22:32:05",
      "content": "皇马"
    },
    {
      "user": "西决",
      "date": "2016-10-30 00:33:30",
      "content": "齐祖治下的皇马还是很不错的"
    },
    {
      "user": "向月葵",
      "date": "2016-10-30 11:59:55",
      "content": "恒大"
    },
    {
      "user": "湾湾",
      "date": "2016-11-09 22:36:57",
      "content": "永远的主队中国? 青岛荷兰恒大"
    },
    {
      "user": "4RUC",
      "date": "2016-11-10 09:11:23",
      "content": "青岛冲超失败挺可惜的 黄海本身大好形势…"
    },
    {
      "user": "湾湾",
      "date": "2016-11-10 09:25:14",
      "content": "唉 真是可惜…… 一个降级一个冲超失败"
    },
    {
      "user": "Neo",
      "date": "2016-11-12 01:11:35",
      "content": "多特蒙德"
    },
    {
      "user": "西决",
      "date": "2016-11-15 21:50:40",
      "content": "南看台"
    }
  ]
}