{
  "title": "要开始欧洲杯了",
  "topic": {
    "name": "[已注销]",
    "date": "2016-06-10 20:33:23",
    "content": "要开始欧洲杯了"
  },
  "pages": [],
  "replys": [
    {
      "user": "[已注销]",
      "date": "2016-06-10 20:38:13",
      "content": "自己顶一下"
    },
    {
      "user": "[已注销]",
      "date": "2016-06-10 20:38:30",
      "content": "再顶一下"
    },
    {
      "user": "Lanesra",
      "date": "2016-06-10 20:39:48",
      "content": "坐等今天法国登场"
    },
    {
      "user": "[已注销]",
      "date": "2016-06-10 20:42:33",
      "content": "今年的法国有点强"
    },
    {
      "user": "[已注销]",
      "date": "2016-06-10 20:43:56",
      "content": "揭幕赛都high high的"
    },
    {
      "user": "[已注销]",
      "date": "2016-06-10 20:44:12",
      "content": "同等"
    },
    {
      "user": "Lanesra",
      "date": "2016-06-10 20:49:13",
      "content": "羡慕时差党"
    },
    {
      "user": "[已注销]",
      "date": "2016-06-10 20:49:24",
      "content": "看球的妹子都美美的！揭幕战！"
    },
    {
      "user": "[已注销]",
      "date": "2016-06-10 20:51:50",
      "content": "羡慕法国的时差党"
    },
    {
      "user": "[已注销]",
      "date": "2016-06-10 20:52:03",
      "content": "我看人所以不美、哈哈哈"
    },
    {
      "user": "名字改了又改",
      "date": "2016-06-10 20:53:38",
      "content": "上次猴年欧洲杯，希腊爆冷夺冠；上上次猴年欧洲杯，丹麦爆冷夺冠；今年又是猴年，我决定不放过这个一夜暴富的机会，默默地买了10块钱英格兰夺冠。"
    },
    {
      "user": "[已注销]",
      "date": "2016-06-10 21:09:46",
      "content": "那估计是德国男模队"
    },
    {
      "user": "[已注销]",
      "date": "2016-06-10 21:20:54",
      "content": "嗯、跟我想的一样、所以我世界杯买的英格兰T^T"
    },
    {
      "user": "名字改了又改",
      "date": "2016-06-10 21:22:23",
      "content": "好的，朋友"
    },
    {
      "user": "落尘",
      "date": "2016-06-10 21:28:33",
      "content": "好 既然如此，我明天就去买阿尔巴尼亚"
    },
    {
      "user": "[已注销]",
      "date": "2016-06-10 21:29:05",
      "content": "都是有远见的boy"
    },
    {
      "user": "落尘",
      "date": "2016-06-10 21:30:31",
      "content": "嗯 要真是出奇迹了 我分LZ一半"
    }
  ]
}