{
  "title": "骑士的汤普森什么来头？谁给科普下",
  "topic": {
    "name": "算命书生",
    "date": "2016-06-11 09:43:23",
    "content": "骑士的汤普森什么来头？谁给科普下"
  },
  "pages": [],
  "replys": [
    {
      "user": "[已注销]",
      "date": "2016-06-11 09:52:01",
      "content": "你这说的....第一节能抢5个前场篮板的NBA里能找到几个？"
    },
    {
      "user": "我的羊",
      "date": "2016-06-11 09:53:00",
      "content": "八千万先生"
    },
    {
      "user": "算命书生",
      "date": "2016-06-11 10:12:05",
      "content": "为什么之前没咋听说过，还是就这场发挥了"
    },
    {
      "user": "[已注销]",
      "date": "2016-06-11 10:16:55",
      "content": "看球太少？"
    },
    {
      "user": "算命书生",
      "date": "2016-06-11 10:17:57",
      "content": "没关注过这个人"
    },
    {
      "user": "Mr.唐",
      "date": "2016-06-11 10:18:57",
      "content": "厉害"
    },
    {
      "user": "[已注销]",
      "date": "2016-06-11 11:45:19",
      "content": "联盟前场篮板球第一"
    },
    {
      "user": "南山下的落寞",
      "date": "2016-06-11 11:46:35",
      "content": "能拿大合同自然有厉害的地方"
    },
    {
      "user": "算命书生",
      "date": "2016-06-11 12:21:34",
      "content": "谢谢，长见识了"
    },
    {
      "user": "Joe",
      "date": "2016-06-11 14:03:51",
      "content": "去年冠軍戰他就出過風頭了"
    },
    {
      "user": "rainbean",
      "date": "2016-06-11 19:23:30",
      "content": "勇士小个阵容，被抢几个前场篮板很正常。"
    },
    {
      "user": "大狗子",
      "date": "2016-06-11 22:44:39",
      "content": "我认为没什么台太台面，主场就是要带起气氛"
    },
    {
      "user": "尖孙蓬蓬",
      "date": "2016-06-12 09:48:44",
      "content": "跟勇士的汤普森同年选秀，并比对方高7个顺位。。。"
    }
  ]
}