{
  "title": "第四场终于有点总决赛的样子了",
  "topic": {
    "name": "[已注销]",
    "date": "2016-06-11 10:02:35",
    "content": "第四场终于有点总决赛的样子了"
  },
  "pages": [],
  "replys": [
    {
      "user": "[已注销]",
      "date": "2016-06-11 10:06:35",
      "content": "欧文今天简直棒啊 ???"
    },
    {
      "user": "[已注销]",
      "date": "2016-06-11 10:08:44",
      "content": "希望能继续，欧文持续性一直有问题"
    },
    {
      "user": "kobe",
      "date": "2016-06-11 10:21:09",
      "content": "很好，终于有拉锯战了，希望今天能看到绝杀！"
    },
    {
      "user": "[已注销]",
      "date": "2016-06-11 10:29:29",
      "content": "嗯"
    },
    {
      "user": "[已注销]",
      "date": "2016-06-11 10:58:58",
      "content": "今天主场哨也是够可以得...."
    },
    {
      "user": "如果 爱",
      "date": "2016-06-11 11:01:33",
      "content": "勇士加油！！！！"
    },
    {
      "user": "[已注销]",
      "date": "2016-06-11 11:07:46",
      "content": "今天好多人吐槽主场哨哈哈 东西部的实力差距还是摆在那里...尽管这样还是希望看骑士赢一场不然真的好没意思。。"
    },
    {
      "user": "[已注销]",
      "date": "2016-06-11 11:08:57",
      "content": "我希望不要有人受伤...动作太大了"
    },
    {
      "user": "[已注销]",
      "date": "2016-06-11 11:10:50",
      "content": "看软蛋影帝打心里还是有点揪"
    },
    {
      "user": "[已注销]",
      "date": "2016-06-11 11:14:00",
      "content": "耳机线缠在一起的感觉哈哈哈"
    },
    {
      "user": "[已注销]",
      "date": "2016-06-11 11:14:20",
      "content": "哈哈哈哈哈 救命"
    },
    {
      "user": "小徐子",
      "date": "2016-06-11 11:21:26",
      "content": "香伯特的发型让他又高了十几公分"
    },
    {
      "user": "[已注销]",
      "date": "2016-06-11 11:21:49",
      "content": "林书豪点赞..."
    },
    {
      "user": "kobe",
      "date": "2016-06-11 11:22:52",
      "content": "骑士有点费劲了，前三节消耗太大。科尔明显人海战术，消耗战。哎，我想看的绝杀呀，似乎渐行渐远。这年头看个绝杀太难了！"
    },
    {
      "user": "南山下的落寞",
      "date": "2016-06-11 11:23:36",
      "content": "骑士就这样的状况来说要输这系列赛，前三节打不花勇士"
    },
    {
      "user": "南山下的落寞",
      "date": "2016-06-11 11:24:16",
      "content": "勇士三分球续命 拖垮骑士的体力"
    },
    {
      "user": "kobe",
      "date": "2016-06-11 11:25:52",
      "content": "科尔用兵还是高出一筹啊，上半场避其锋芒，下半场发力。而且激发了水花，水花不再像前几场受困了。而且我感觉科尔本来就计划，让水花到系列赛后段再爆发的。"
    },
    {
      "user": "[已注销]",
      "date": "2016-06-11 11:26:00",
      "content": "跟西决一样，被拖垮...只是雷霆身体更野兽，后两场也跟不上了"
    },
    {
      "user": "南山下的落寞",
      "date": "2016-06-11 11:27:37",
      "content": "勇士的可怕之处其一就是能打球的人太多了，三节里没办法打花勇士的话 第四节就是勇士发力对方站着看的比赛。"
    },
    {
      "user": "[已注销]",
      "date": "2016-06-11 11:28:18",
      "content": "今天科尔还不让巴博萨上...."
    },
    {
      "user": "南山下的落寞",
      "date": "2016-06-11 11:28:53",
      "content": "骑士现在都没体力抢篮板球，进攻也因为体力哑火了"
    },
    {
      "user": "[已注销]",
      "date": "2016-06-11 11:33:17",
      "content": "打打打 打起来啊"
    },
    {
      "user": "[已注销]",
      "date": "2016-06-11 11:33:33",
      "content": "最tm烦格林 今天终于报个仇"
    },
    {
      "user": "kobe",
      "date": "2016-06-11 11:38:08",
      "content": "我也希望骑士赢一场，否则系列赛没看头了，可惜骑士确实没体力了。"
    },
    {
      "user": "[已注销]",
      "date": "2016-06-11 11:39:11",
      "content": "心疼体力战 还是三分太省心"
    },
    {
      "user": "kobe",
      "date": "2016-06-11 11:39:23",
      "content": "还是泰伦卢不行，骑士可用之人也很多，他不会用，不敢用。"
    },
    {
      "user": "[已注销]",
      "date": "2016-06-11 11:43:16",
      "content": "不看了... 明年再这两个队绝对不看了"
    },
    {
      "user": "南山下的落寞",
      "date": "2016-06-11 11:43:18",
      "content": "教练之间的差距 临场 还有魄力 都不在一个档次上。第二阵容 骑士对于勇士 完全处于劣势"
    },
    {
      "user": "南山下的落寞",
      "date": "2016-06-11 11:44:48",
      "content": "詹姆斯今年又要悲剧了，三比一 下一场回到勇士的主场 估计要4-1输系列赛"
    },
    {
      "user": "[已注销]",
      "date": "2016-06-11 11:47:41",
      "content": "最后几十秒我眼睛就盯着库里和詹姆斯追着打架了"
    },
    {
      "user": "kobe",
      "date": "2016-06-11 11:51:48",
      "content": "明年还是可以看滴，明年骑士就交易了，至少交易一个巨头，泰伦卢不出意外应该会下课。另外，明年勇士应该无法保持完整阵容，会走些人。"
    },
    {
      "user": "[已注销]",
      "date": "2016-06-11 11:53:18",
      "content": "还是指望西部球队吧....除非保罗去骑士"
    },
    {
      "user": "南山下的落寞",
      "date": "2016-06-11 11:53:57",
      "content": "勒夫留下的几率越来越低了，甚至连欧文都会走人，毕竟砸了那么多钱 骑士要的是现在，随着詹姆斯的年龄越来越大。骑士现在是急需一个总冠军。"
    },
    {
      "user": "南山下的落寞",
      "date": "2016-06-11 11:54:39",
      "content": "最后一节六分钟内骑士压根就跑不动，防守不行 进攻更不行"
    },
    {
      "user": "kobe",
      "date": "2016-06-11 11:59:08",
      "content": "不看了，没什么悬念了。总不能指望骑士也1：3翻盘吧？真要是那样，那抢七我肯定看，哈哈。"
    },
    {
      "user": "kobe",
      "date": "2016-06-11 12:02:14",
      "content": "骑士打的不错了，欧文证明了自己。"
    },
    {
      "user": "Joe",
      "date": "2016-06-11 14:05:26",
      "content": "不看了,,,1:4機會大"
    },
    {
      "user": "您可真逗嘻嘻",
      "date": "2016-06-11 15:53:23",
      "content": "感觉不如西决好看"
    },
    {
      "user": "动次打次",
      "date": "2016-06-11 15:59:32",
      "content": "还以为今天能弄个2:2小高潮的呢，9点就起来看了，詹姆斯的表现有点让人失望了"
    }
  ]
}