{
  "title": "伪球迷妹子一枚，约球？",
  "topic": {
    "name": "爱吃麻辣烫",
    "date": "2016-06-12 16:21:04",
    "content": "伪球迷妹子一枚，约球？"
  },
  "pages": [],
  "replys": [
    {
      "user": "爱吃麻辣烫",
      "date": "2016-06-12 16:21:34",
      "content": "没人 没人 没人"
    },
    {
      "user": "[已注销]",
      "date": "2016-06-12 16:25:38",
      "content": "克罗地亚胜，波兰让1球胜，德国胜。\r不敢买让2球。"
    },
    {
      "user": "爱吃麻辣烫",
      "date": "2016-06-12 16:36:53",
      "content": "那就买独赢咯？"
    },
    {
      "user": "[已注销]",
      "date": "2016-06-12 16:40:24",
      "content": "反正我是这么买，波兰敢买让1球赢"
    },
    {
      "user": "爱吃麻辣烫",
      "date": "2016-06-12 16:48:32",
      "content": "德国三球胜，可以让两个"
    },
    {
      "user": "[已注销]",
      "date": "2016-06-12 16:57:59",
      "content": "我反正不敢下，大赛第一轮第一场，赢3个，很少见。"
    },
    {
      "user": "长发之殇",
      "date": "2016-06-15 09:52:52",
      "content": "开赛以来，已经亏的不要不要的"
    }
  ]
}