{
  "title": "勇士卫冕，猩猩走人！",
  "topic": {
    "name": "潮起潮落",
    "date": "2016-06-12 17:19:33",
    "content": "勇士卫冕，猩猩走人！"
  },
  "pages": [],
  "replys": [
    {
      "user": "Mr.王二小波",
      "date": "2016-06-13 20:09:58",
      "content": "没人要了，那么不要脸"
    },
    {
      "user": "土豆君",
      "date": "2016-06-13 20:33:51",
      "content": "都是猩猩了，你那么关心干嘛？你们的尊重理论呢～呵呵"
    },
    {
      "user": "[已注销]",
      "date": "2016-06-13 20:48:01",
      "content": "决定3.0: 我要把我的天赋带到金州 再也不做懦夫了 要当一名勇士"
    },
    {
      "user": "什么",
      "date": "2016-06-13 21:19:16",
      "content": "终于明白为什么要跨格林了 毕竟同一支球队不能有两个23号"
    },
    {
      "user": "☀️太阳之子",
      "date": "2016-06-13 21:19:30",
      "content": "明天16赛季最后一场"
    }
  ]
}