{
  "title": "還有人記得楊爾科勒嗎",
  "topic": {
    "name": "jjjjjjj",
    "date": "2016-06-13 21:13:04",
    "content": "還有人記得楊爾科勒嗎"
  },
  "pages": [],
  "replys": [
    {
      "user": "不靠谱青年",
      "date": "2016-06-13 21:50:23",
      "content": "今天（20160613） 罗西基差点吃牌"
    },
    {
      "user": "贾维斯",
      "date": "2016-06-20 15:20:24",
      "content": "今日，罗西基伤别欧洲杯"
    },
    {
      "user": "GTR543",
      "date": "2016-06-29 11:14:35",
      "content": "我还记得尤尔根科勒呢"
    }
  ]
}