{
  "title": "那些踢球时，你遇到的XX",
  "topic": {
    "name": "柒爷",
    "date": "2016-06-14 09:47:56",
    "content": "那些踢球时，你遇到的XX"
  },
  "pages": [],
  "replys": [
    {
      "user": "隔壁老王",
      "date": "2016-06-14 09:55:52",
      "content": "把球给我  我要回家"
    },
    {
      "user": "柒爷",
      "date": "2016-06-14 10:06:59",
      "content": "毕竟是有球的人"
    },
    {
      "user": "吴亦凡",
      "date": "2016-06-14 10:07:51",
      "content": "碰一下鬼叫"
    },
    {
      "user": "我很年轻",
      "date": "2016-06-14 10:09:20",
      "content": "输不起，发疯铲人"
    },
    {
      "user": "螺",
      "date": "2016-06-14 10:20:15",
      "content": "话多的；爱客串裁判的；嘴里不干不净的；踢脚脖子捅肋条骨的；爱挑事儿，真打起来瞬间没影的"
    },
    {
      "user": "柒爷",
      "date": "2016-06-14 11:04:45",
      "content": "你遇到了影帝"
    },
    {
      "user": "柒爷",
      "date": "2016-06-14 11:05:07",
      "content": "打起来瞬间没影的......"
    },
    {
      "user": "柒爷",
      "date": "2016-06-14 13:33:45",
      "content": "踢球带的飞起的从来不传球的球王们"
    }
  ]
}