{
  "title": "看到今年总决赛进入抢七，想起我们那个时代的回忆-...",
  "topic": {
    "name": "几笔",
    "date": "2016-06-17 16:31:21",
    "content": "看到今年总决赛进入抢七，想起我们那个时代的回忆-..."
  },
  "pages": [],
  "replys": [
    {
      "user": "几笔",
      "date": "2016-06-17 21:34:00",
      "content": "没有人吗"
    },
    {
      "user": "割掉的耳朵",
      "date": "2016-06-18 00:07:14",
      "content": "看勇士打克罗地亚"
    },
    {
      "user": "又山设计",
      "date": "2016-06-18 00:11:22",
      "content": "不是骑士打捷克吗"
    },
    {
      "user": "又山设计",
      "date": "2016-06-18 00:46:23",
      "content": "有俩"
    },
    {
      "user": "几笔",
      "date": "2016-06-18 01:13:48",
      "content": "有伞。捷克要回家了"
    },
    {
      "user": "几笔",
      "date": "2016-06-18 01:14:11",
      "content": "三"
    },
    {
      "user": "几笔",
      "date": "2016-06-18 01:14:28",
      "content": "真的吗"
    },
    {
      "user": "又山设计",
      "date": "2016-06-18 10:18:12",
      "content": "没看见？"
    },
    {
      "user": "几笔",
      "date": "2016-06-18 21:15:05",
      "content": "你呢"
    },
    {
      "user": "几笔",
      "date": "2016-06-19 18:16:57",
      "content": "好漂亮"
    },
    {
      "user": "几笔",
      "date": "2016-06-19 18:17:18",
      "content": "体恤非常好，下单速度"
    },
    {
      "user": "几笔",
      "date": "2016-06-22 12:03:59",
      "content": "哈哈哈"
    },
    {
      "user": "几笔",
      "date": "2016-06-23 00:03:37",
      "content": "还有人吗"
    }
  ]
}