{
  "title": "克里斯保罗",
  "topic": {
    "name": "paul",
    "date": "2016-06-19 11:54:17",
    "content": "克里斯保罗"
  },
  "pages": [],
  "replys": [
    {
      "user": "土豆君",
      "date": "2016-06-19 11:58:20",
      "content": "保罗跟冠军估计没希望了"
    },
    {
      "user": "可乐",
      "date": "2016-06-19 12:20:56",
      "content": "保罗安东尼韦德詹姆斯组成超级死亡五小队。"
    },
    {
      "user": "土豆君",
      "date": "2016-06-19 12:45:54",
      "content": "单干的几个人搞到一起效果不一定好"
    },
    {
      "user": "paul",
      "date": "2016-06-19 14:53:46",
      "content": "好期待啊，最爱这4P"
    },
    {
      "user": "Joe",
      "date": "2016-06-19 16:02:07",
      "content": "保罗安东尼羅斯組三巨頭吧"
    },
    {
      "user": "paul",
      "date": "2016-06-19 16:03:09",
      "content": "绝对的巨无霸组合"
    },
    {
      "user": "盲人打嬲",
      "date": "2016-06-19 16:24:21",
      "content": "回，梦开始的地方吧……鹈（黄）鹕（蜂）"
    },
    {
      "user": "可乐",
      "date": "2016-06-19 18:16:42",
      "content": "有詹姆斯和三炮在，怎么可能单干"
    },
    {
      "user": "土豆君",
      "date": "2016-06-19 20:55:47",
      "content": "没篮板，再说这几个货没一个投篮准的。"
    },
    {
      "user": "GOKU",
      "date": "2016-06-19 21:32:29",
      "content": "别黑 我大三炮就只剩下投篮了 除了库里 没有控卫的三项命中率之和超过炮 而且炮的使用比年年下降 现役per值前十的球员中 只有火花的使用比低于炮 库威欧 利拉德 隆多 没有比炮低的"
    },
    {
      "user": "kobe",
      "date": "2016-06-19 21:47:09",
      "content": "这四个再加个小乔丹，哈哈，那谁打得过呀！美国梦之队就是这么玩儿的，四大天王加钱德勒，小乔丹比钱德勒有过之而无不及呀，当然科比打的时候首发分卫就是科比，科比不在就是韦德。四大天王加小乔丹的阵容，防守方面简直能把对方撕碎了，然后就是暴风雨般的快攻反击，疯狂虐筐！"
    },
    {
      "user": "土豆君",
      "date": "2016-06-19 22:12:18",
      "content": "加个小乔丹那是完美了～快攻，空接，三分～没辙。哈哈"
    },
    {
      "user": "LALKB",
      "date": "2016-06-19 22:14:02",
      "content": "问:西部哪支球队没有摸过西决的地板？答:保罗前球队（黄蜂，现叫鹈鹕）和保罗现球队（快船）"
    },
    {
      "user": "吴京火军",
      "date": "2016-06-20 14:03:46",
      "content": "炮"
    }
  ]
}