{
  "title": "杨毅对瓦莱乔的解说笑死我哈哈哈",
  "topic": {
    "name": "[已注销]",
    "date": "2016-06-20 08:34:15",
    "content": "杨毅对瓦莱乔的解说笑死我哈哈哈"
  },
  "pages": [],
  "replys": [
    {
      "user": "文科生",
      "date": "2016-06-20 08:37:19",
      "content": "一碰就倒 萌萌哒"
    },
    {
      "user": "心随u动",
      "date": "2016-06-20 08:37:55",
      "content": "该说不说，确实到位！"
    },
    {
      "user": "三都 主",
      "date": "2016-06-20 09:15:46",
      "content": "瓦莱乔上来就策应，挡拆，然后就等着假摔。--张卫平"
    },
    {
      "user": "[已注销]",
      "date": "2016-06-20 09:40:40",
      "content": "老纸再不想看三分了。。。"
    }
  ]
}