{
  "title": "还在等什么，詹皇加冕成功还不出来叨叨！",
  "topic": {
    "name": "心理咨询师小麦",
    "date": "2016-06-20 10:37:58",
    "content": "还在等什么，詹皇加冕成功还不出来叨叨！"
  },
  "pages": [],
  "replys": [
    {
      "user": "[已注销]",
      "date": "2016-06-20 10:38:31",
      "content": "哈哈哈"
    },
    {
      "user": "心理咨询师小麦",
      "date": "2016-06-20 10:38:46",
      "content": "93:89，勇士神话被灭，库里就是一个笑话——始终！"
    },
    {
      "user": "可乐",
      "date": "2016-06-20 10:39:44",
      "content": "欢呼吧！！！"
    },
    {
      "user": "爱我所艾",
      "date": "2016-06-20 10:40:04",
      "content": "太不容易了，另外勇士也是牛B，比赛需要伟大的对手衬托。我开始去湿乎乎去举报黑库里的了，这一轮能涨不少经验"
    },
    {
      "user": "可乐",
      "date": "2016-06-20 11:00:55",
      "content": "哈哈哈，你这是去嘚瑟！"
    },
    {
      "user": "daydayhappy",
      "date": "2016-06-20 11:02:54",
      "content": "在办公室看的忍着没欢呼和哭泣"
    },
    {
      "user": "爱我所艾",
      "date": "2016-06-20 11:11:12",
      "content": "我已经被小黑屋了，就是看谁黑库里举报谁。真是一场精彩的比赛，没必要贬低对手"
    },
    {
      "user": "可乐",
      "date": "2016-06-20 11:13:06",
      "content": "高兴欢呼嘚瑟怎么都行，但没必要去说对手什么。库里防守詹姆斯摔倒那下詹姆斯还伸手拉库里呢。有伟大的对手才更珍贵"
    },
    {
      "user": "土豆君",
      "date": "2016-06-20 11:20:08",
      "content": "恭喜勒布朗！伟大无私的勒布朗！"
    },
    {
      "user": "fu.",
      "date": "2016-06-20 11:21:06",
      "content": "我感觉首先要感谢博古特"
    },
    {
      "user": "卡卡",
      "date": "2016-06-20 11:28:46",
      "content": "恭喜骑士，恭喜我詹。同时感谢勇士球队的付出，你们也很伟大。"
    },
    {
      "user": "maniac",
      "date": "2016-06-20 11:28:52",
      "content": "创造历史"
    },
    {
      "user": "parttimealien",
      "date": "2016-06-20 11:41:12",
      "content": "大家都在虎扑吧"
    },
    {
      "user": "直布羅陀老千",
      "date": "2016-06-20 11:45:32",
      "content": "我刚还专门跑去看库里的赛后采访……"
    }
  ]
}