{
  "title": "最后时刻了，大心脏欧文来了！！！",
  "topic": {
    "name": "可乐",
    "date": "2016-06-20 10:32:51",
    "content": "最后时刻了，大心脏欧文来了！！！"
  },
  "pages": [],
  "replys": [
    {
      "user": "[已注销]",
      "date": "2016-06-20 10:36:17",
      "content": "好鸡巴紧张"
    },
    {
      "user": "可乐",
      "date": "2016-06-20 10:40:22",
      "content": "刚发完欧文就进三分，我直接跳起来了……"
    }
  ]
}