{
  "title": "Congrats NBA!",
  "topic": {
    "name": "[已注销]",
    "date": "2016-06-20 10:56:07",
    "content": "Congrats NBA!"
  },
  "pages": [],
  "replys": [
    {
      "user": "可乐",
      "date": "2016-06-20 10:59:48",
      "content": "快走快走，走了还能清净点。"
    },
    {
      "user": "霍琛布鲁兹老爷",
      "date": "2016-06-20 11:00:55",
      "content": "→_→"
    },
    {
      "user": "parttimealien",
      "date": "2016-06-20 11:42:01",
      "content": "噗。拜拜！"
    },
    {
      "user": "sophnet",
      "date": "2016-06-20 12:01:54",
      "content": "商业比赛"
    },
    {
      "user": "p",
      "date": "2016-06-20 12:29:17",
      "content": "你们这些人走了 NBA就清静了  丧心病狂般的存在"
    },
    {
      "user": "GOKU",
      "date": "2016-06-20 12:29:22",
      "content": "既然这样 为毛还不退组"
    }
  ]
}