{
  "title": "原来一直以为勇士会赢得总冠军",
  "topic": {
    "name": "可乐",
    "date": "2016-06-20 19:34:08",
    "content": "原来一直以为勇士会赢得总冠军"
  },
  "pages": [],
  "replys": [
    {
      "user": "kasama",
      "date": "2016-06-20 20:57:19",
      "content": "哈哈哈哈"
    },
    {
      "user": "[已注销]",
      "date": "2016-06-20 23:02:41",
      "content": "谁也没想到，各种专家 包括豆瓣百分之99都看好勇士"
    },
    {
      "user": "C",
      "date": "2016-06-20 23:04:07",
      "content": "卧槽！！！这结局！！！"
    },
    {
      "user": "可乐",
      "date": "2016-06-20 23:26:04",
      "content": "快说你笑了没！"
    },
    {
      "user": "[已注销]",
      "date": "2016-06-20 23:27:11",
      "content": "我一个喜欢骑士的都觉得应该是勇士赢\r 但是勇士 真的在最后让人看不到73胜球队应该有的坚韧\r 没有一个可以扛着炸药包打最后3分钟的球星啊"
    },
    {
      "user": "C",
      "date": "2016-06-20 23:31:38",
      "content": "本来想哭的，看到你的帖子没忍住笑了！"
    },
    {
      "user": "可乐",
      "date": "2016-06-20 23:34:42",
      "content": "我曾经认为输了就输了吧，勒布朗打出完美的一个系列赛，能作为第二个输了总决赛却摘下FMVP的球星也行，然而……哈哈哈哈哈哈，让我再笑一会！"
    },
    {
      "user": "可乐",
      "date": "2016-06-20 23:35:26",
      "content": "哭啥哭啥！"
    },
    {
      "user": "C",
      "date": "2016-06-20 23:46:54",
      "content": "太感动了，我昨晚就梦到骑士会赢，然后发了条微博，然后大家评论说我赢了"
    },
    {
      "user": "Johny",
      "date": "2016-06-21 19:48:20",
      "content": "骑士蜜都挺猥琐的，不像勇士球迷潇洒"
    },
    {
      "user": "爱我所艾",
      "date": "2016-06-21 21:26:36",
      "content": "你自己去虎扑勇区看看，怎么潇洒了"
    },
    {
      "user": "南山下的落寞",
      "date": "2016-06-22 03:34:00",
      "content": "其实骑士应该拿一个总冠军了，球迷的支持 老板的钱袋子开的那么大 詹姆斯圆梦了。不过这么戏剧性的夺冠显得詹姆斯更加伟大了"
    },
    {
      "user": "叫什么好呢",
      "date": "2016-06-22 21:35:32",
      "content": "猜到了开头却猜不到结尾 什么鬼 哈哈哈哈"
    }
  ]
}