{
  "title": "詹姆斯确认留守骑士",
  "topic": {
    "name": "吴京火军",
    "date": "2016-06-23 08:07:08",
    "content": "詹姆斯确认留守骑士"
  },
  "pages": [],
  "replys": [
    {
      "user": "[已注销]",
      "date": "2016-06-23 08:29:51",
      "content": "乐福走不走"
    },
    {
      "user": "爱我所艾",
      "date": "2016-06-23 10:15:56",
      "content": "估计就黑子说走吧，拿几年顶薪就退役了"
    },
    {
      "user": "Joe",
      "date": "2016-06-23 10:39:25",
      "content": "沒必要走,Nike跟他簽了終生合約,這輩子不用煩惱"
    },
    {
      "user": "22",
      "date": "2016-06-26 10:55:30",
      "content": "还好没走"
    }
  ]
}