{
  "title": "螺丝去尼克斯",
  "topic": {
    "name": "HOHO",
    "date": "2016-06-23 06:56:26",
    "content": "螺丝去尼克斯"
  },
  "pages": [],
  "replys": [
    {
      "user": "算命书生",
      "date": "2016-06-23 07:36:19",
      "content": "当年的黄金双枪组合，如今就默默地在挣钱"
    },
    {
      "user": "爱我所艾",
      "date": "2016-06-23 07:55:44",
      "content": "擦，这是对罗斯失去耐心了，希望保持健康，在东部还是有竞争力的"
    },
    {
      "user": "吴京火军",
      "date": "2016-06-23 08:06:21",
      "content": "14年的话说不定很有竞争力，我的意思是甜瓜去了公牛的话"
    },
    {
      "user": "Canoe",
      "date": "2016-06-23 09:10:18",
      "content": "波尔津吉斯＋安东尼＋德里克 罗斯，叫“吉尼斯”还是“尼克斯”"
    },
    {
      "user": "土豆君",
      "date": "2016-06-23 13:21:54",
      "content": "看起来还不错"
    }
  ]
}