{
  "title": "爵士已经有艾克萨姆和特雷伯克了，干嘛还要乔治希尔",
  "topic": {
    "name": "吴京火军",
    "date": "2016-06-23 13:23:37",
    "content": "爵士已经有艾克萨姆和特雷伯克了，干嘛还要乔治希尔"
  },
  "pages": [],
  "replys": [
    {
      "user": "fgy",
      "date": "2016-06-24 18:37:58",
      "content": "经验"
    },
    {
      "user": "三都 主",
      "date": "2016-06-25 23:12:00",
      "content": "需要希尔来带带，虽然他很不情愿去爵士"
    },
    {
      "user": "Johny",
      "date": "2016-06-26 08:58:11",
      "content": "没人愿意去盐湖城"
    }
  ]
}