{
  "title": "王哲林57顺位被灰熊选中",
  "topic": {
    "name": "吴京火军",
    "date": "2016-06-24 12:43:26",
    "content": "王哲林57顺位被灰熊选中"
  },
  "pages": [],
  "replys": [
    {
      "user": "南山下的落寞",
      "date": "2016-06-24 12:56:31",
      "content": "估计下个赛季不会去nba"
    },
    {
      "user": "吴京火军",
      "date": "2016-06-24 13:05:31",
      "content": "他不去再没机会了"
    },
    {
      "user": "南山下的落寞",
      "date": "2016-06-24 13:08:50",
      "content": "今年的状态太差了 不见得想去 灰熊就要 在说去当饮水机？不过出去两年说不定再回来就会比现在强悍了"
    }
  ]
}