{
  "title": "第一轮选秀结束，周琦落选",
  "topic": {
    "name": "Phil",
    "date": "2016-06-24 11:03:06",
    "content": "第一轮选秀结束，周琦落选"
  },
  "pages": [],
  "replys": [
    {
      "user": "我的羊",
      "date": "2016-06-24 11:21:41",
      "content": "孙悦40顺位，看来周期要不如孙悦了"
    },
    {
      "user": "启程",
      "date": "2016-06-24 11:30:46",
      "content": "60以内就不错"
    },
    {
      "user": "瘦子变胖子",
      "date": "2016-06-24 11:34:58",
      "content": "第二轮火箭........选走了"
    },
    {
      "user": "Phil",
      "date": "2016-06-24 11:40:24",
      "content": "嗯"
    },
    {
      "user": "梅尔基亚德斯",
      "date": "2016-06-24 11:42:41",
      "content": "43顺位"
    }
  ]
}