{
  "title": "关于魔术的交易，很不理解",
  "topic": {
    "name": "我即正道",
    "date": "2016-06-24 13:10:04",
    "content": "关于魔术的交易，很不理解"
  },
  "pages": [],
  "replys": [
    {
      "user": "吴京火军",
      "date": "2016-06-24 13:17:19",
      "content": "魔术管理层简直傻。"
    },
    {
      "user": "Warren",
      "date": "2016-06-24 13:21:02",
      "content": "魔术疯了"
    },
    {
      "user": "南山下的落寞",
      "date": "2016-06-24 13:59:47",
      "content": "这是在助攻雷霆"
    },
    {
      "user": "睁眼瞎",
      "date": "2016-06-24 14:13:13",
      "content": "没有一顿烧烤办不了的事，如果有，那就两顿。------普雷斯蒂"
    }
  ]
}