{
  "title": "今晚看好德国么？",
  "topic": {
    "name": "wuli小迷糊新粉",
    "date": "2016-06-26 16:52:44",
    "content": "今晚看好德国么？"
  },
  "pages": [],
  "replys": [
    {
      "user": "失乐园",
      "date": "2016-06-26 18:47:21",
      "content": "但是对手弱啊。德国还是稳的"
    },
    {
      "user": "换了人间",
      "date": "2016-06-26 19:44:14",
      "content": "德国也许踢的很屎，但是赢还是赢的"
    },
    {
      "user": "Phil",
      "date": "2016-06-26 22:33:03",
      "content": "买平"
    }
  ]
}