{
  "title": "意大利会赢吗！",
  "topic": {
    "name": "wuli小迷糊新粉",
    "date": "2016-06-28 17:41:07",
    "content": "意大利会赢吗！"
  },
  "pages": [],
  "replys": [
    {
      "user": "小楫轻舟",
      "date": "2016-06-28 17:59:52",
      "content": "这次意大利赢得概率真的很大！不过还是求德国轻虐~"
    },
    {
      "user": "Phil",
      "date": "2016-06-28 18:05:14",
      "content": "这支老弱意大利阳寿已尽"
    },
    {
      "user": "阿斯旺இ绿豆粉1号&波粒2象性",
      "date": "2016-06-28 19:00:00",
      "content": "怎么可能赢，算算概率也该德国赢了，更何况兵强马壮的德国队！"
    },
    {
      "user": "wuli小迷糊新粉",
      "date": "2016-06-28 22:06:57",
      "content": "我朋友圈有人说德国踢不过！不服"
    },
    {
      "user": "長長長~~~~~yu",
      "date": "2016-06-29 12:11:06",
      "content": "我觉得是德国。。。"
    },
    {
      "user": "随想主义者",
      "date": "2016-06-29 15:14:26",
      "content": "德国必须砍瓜切菜，上半场进他两个，不然越拖越会输"
    },
    {
      "user": "Natalie",
      "date": "2016-06-29 15:21:08",
      "content": "会的\r 毕竟德国已经好几十年大赛遇意大利不赢"
    },
    {
      "user": "阿詹",
      "date": "2016-06-29 15:34:50",
      "content": "德国会赢1-2个球。"
    },
    {
      "user": "方槍槍",
      "date": "2016-06-29 16:44:20",
      "content": "每次大家都觉得这次德国会赢。。。可是。。。。可是。。。可是 多年仍未胜。。。"
    },
    {
      "user": "张赢川",
      "date": "2016-06-29 16:57:54",
      "content": "2比0"
    },
    {
      "user": "wuli小迷糊新粉",
      "date": "2016-06-29 17:18:33",
      "content": "大家都好统一，可是德国能不能争气啊！看前面真的没太大信心"
    },
    {
      "user": "绯村剑心",
      "date": "2016-06-29 17:28:39",
      "content": "克星就是不管你怎么踢，我都能赢"
    },
    {
      "user": "村支书",
      "date": "2016-06-30 15:26:51",
      "content": "求呆梨轻虐我德国"
    },
    {
      "user": "怪书",
      "date": "2016-06-30 17:40:07",
      "content": "个人觉得德国上场踢斯洛伐克派上戈麦斯和德拉克斯勒就是为了演练和呆梨的比赛。从结果来看效果不错。\r不过毕竟斯洛伐克不是意大利，成也戈德，败也戈德。还是看好呆梨。"
    }
  ]
}