{
  "title": "葡萄牙对波兰比赛怎么看",
  "topic": {
    "name": "更年期古怪少女",
    "date": "2016-06-30 17:24:49",
    "content": "葡萄牙对波兰比赛怎么看"
  },
  "pages": [],
  "replys": [
    {
      "user": "怪书",
      "date": "2016-06-30 17:34:19",
      "content": "只要葡萄牙不进球，波兰就一定会进球的。"
    },
    {
      "user": "wuli小迷糊新粉",
      "date": "2016-06-30 19:57:48",
      "content": "会平"
    },
    {
      "user": "放浪形骸",
      "date": "2016-07-01 01:05:04",
      "content": "只要波兰不进球，葡萄牙就可能进球。"
    },
    {
      "user": "REDRUM",
      "date": "2016-07-01 02:35:49",
      "content": "会进球但很难赢，怎么可能平？？"
    },
    {
      "user": "BunnyDB",
      "date": "2016-07-01 05:47:30",
      "content": "点球大战葡赢…没劲"
    },
    {
      "user": "阿詹",
      "date": "2016-07-01 06:42:30",
      "content": "我预测了"
    },
    {
      "user": "阿詹",
      "date": "2016-07-01 06:43:03",
      "content": "葡萄牙的比赛 90分钟猜平就是对的 进球不可能超过一个"
    },
    {
      "user": "小楫轻舟",
      "date": "2016-07-01 09:31:41",
      "content": "太闷了，看了我都睡着了……"
    }
  ]
}