{
  "title": "威尔士和比利时～你看好谁？",
  "topic": {
    "name": "澜",
    "date": "2016-07-02 00:57:20",
    "content": "威尔士和比利时～你看好谁？"
  },
  "pages": [],
  "replys": [
    {
      "user": "老貝爺",
      "date": "2016-07-02 01:22:14",
      "content": "感情上支持威尔士"
    },
    {
      "user": "澜",
      "date": "2016-07-02 01:24:12",
      "content": "我也是，支持腐国。"
    },
    {
      "user": "Kim",
      "date": "2016-07-02 01:26:55",
      "content": "比利时赢2:1"
    },
    {
      "user": "澜",
      "date": "2016-07-02 01:28:06",
      "content": "好吧，"
    },
    {
      "user": "默",
      "date": "2016-07-02 01:33:13",
      "content": "估计大都看好比利时"
    },
    {
      "user": "澜",
      "date": "2016-07-02 01:34:50",
      "content": "支持大腐国。"
    },
    {
      "user": "断舍离",
      "date": "2016-07-02 01:37:01",
      "content": "那必须支持阿球王啊"
    },
    {
      "user": "澜",
      "date": "2016-07-02 01:37:45",
      "content": "哈哈"
    },
    {
      "user": "文轩",
      "date": "2016-07-02 01:38:06",
      "content": "威尔士！咚咚咚"
    },
    {
      "user": "澜",
      "date": "2016-07-02 01:38:39",
      "content": "嗯呐"
    }
  ]
}