{
  "title": "【霍华德】居然去了老鹰",
  "topic": {
    "name": "未知的老鼠☂",
    "date": "2016-07-02 15:12:36",
    "content": "【霍华德】居然去了老鹰"
  },
  "pages": [],
  "replys": [
    {
      "user": "肖申克的舅叔",
      "date": "2016-07-03 15:45:10",
      "content": "印象中火花是亚特兰大人吧?"
    },
    {
      "user": "爱我所艾",
      "date": "2016-07-04 09:23:57",
      "content": "本来期待他去马刺的，结果去了东部马刺"
    }
  ]
}