{
  "title": "威尔士太牛了！",
  "topic": {
    "name": "wuli小迷糊新粉",
    "date": "2016-07-02 13:03:04",
    "content": "威尔士太牛了！"
  },
  "pages": [],
  "replys": [
    {
      "user": "REDRUM",
      "date": "2016-07-03 00:00:39",
      "content": "万万不能赌球啊"
    },
    {
      "user": "wuli小迷糊新粉",
      "date": "2016-07-03 00:22:29",
      "content": "哈哈哈哈哈！所以你今天呢"
    },
    {
      "user": "长脸老妖",
      "date": "2016-07-03 00:25:47",
      "content": "威尔士整体强，而且战术明确。落后也不慌乱"
    },
    {
      "user": "REDRUM",
      "date": "2016-07-03 00:32:29",
      "content": "不赌球…不预测…"
    }
  ]
}