{
  "title": "OJ,当年的下一个詹姆斯，离开联盟了",
  "topic": {
    "name": "未知的老鼠☂",
    "date": "2016-07-02 19:29:05",
    "content": "OJ,当年的下一个詹姆斯，离开联盟了"
  },
  "pages": [],
  "replys": [
    {
      "user": "噎死艾毒",
      "date": "2016-07-02 19:39:16",
      "content": "一声叹息"
    },
    {
      "user": "Canoe",
      "date": "2016-07-03 14:36:48",
      "content": "08三英现在都令人唏嘘"
    },
    {
      "user": "肖申克的舅叔",
      "date": "2016-07-03 15:30:53",
      "content": "关键梅奥进联盟时似乎也23了 然后身高也别绝大部分SG要矮 在技术基本定型时 教练还经常安排他打PG 越打就越沉了 还记得他有个拜佛的精彩进球?"
    },
    {
      "user": "未知的老鼠☂",
      "date": "2016-07-03 19:20:27",
      "content": "就是年龄和身高问题为主。传球又不够。"
    },
    {
      "user": "爱我所艾",
      "date": "2016-07-04 09:23:28",
      "content": "梅奥是高中牛逼，进入大学就没那么耀眼了"
    }
  ]
}