{
  "title": "加时赛啊",
  "topic": {
    "name": "兔子",
    "date": "2016-07-03 05:03:28",
    "content": "加时赛啊"
  },
  "pages": [],
  "replys": [
    {
      "user": "wuli小迷糊新粉",
      "date": "2016-07-03 05:03:45",
      "content": "气死了！罚点球"
    },
    {
      "user": "兔子",
      "date": "2016-07-03 05:04:52",
      "content": "加时了，看球的人值回票价了"
    },
    {
      "user": "wuli小迷糊新粉",
      "date": "2016-07-03 05:08:27",
      "content": "别再进点球大赛就好，球德国进"
    },
    {
      "user": "兔子",
      "date": "2016-07-03 05:53:08",
      "content": "点球德国赢了哈哈，可以睡觉了"
    },
    {
      "user": "[已注销]",
      "date": "2016-07-03 10:15:07",
      "content": "彩票赢了  我梨输了  不开心了"
    }
  ]
}