{
  "title": "我火签下安德森+戈登 你怎么看",
  "topic": {
    "name": "[已注销]",
    "date": "2016-07-03 09:52:49",
    "content": "我火签下安德森+戈登 你怎么看"
  },
  "pages": [],
  "replys": [
    {
      "user": "[已注销]",
      "date": "2016-07-03 09:53:16",
      "content": "莫雷砍价还价能力一流 价格真心不贵"
    },
    {
      "user": "没名字的哈士奇",
      "date": "2016-07-03 11:06:19",
      "content": "戈登玻璃人属性，一年能打一半就不错了。"
    },
    {
      "user": "没名字的哈士奇",
      "date": "2016-07-03 11:08:54",
      "content": "安德森和戈登适合德安东尼的炮轰体系，能投。防守那基本就是提款机了。想到戈登安德森哈基石同时在场上防守基本就是被爆成渣"
    },
    {
      "user": "GOKU",
      "date": "2016-07-03 11:26:01",
      "content": "这tm还不贵。。。"
    },
    {
      "user": "安静的疯子",
      "date": "2016-07-03 12:53:56",
      "content": "说好的大牌一个没有，我渐渐习惯了那句话：年年大动作，年年总冠军，你莫雷我"
    },
    {
      "user": "[已注销]",
      "date": "2016-07-03 12:54:35",
      "content": "nba联盟不是你家开的 想谁来就谁来"
    },
    {
      "user": "[已注销]",
      "date": "2016-07-03 12:54:53",
      "content": "嘴遁好强"
    },
    {
      "user": "安静的疯子",
      "date": "2016-07-03 12:55:22",
      "content": "这话该跟莫雷说"
    },
    {
      "user": "[已注销]",
      "date": "2016-07-03 12:56:11",
      "content": "所以就别操心了 咱们也只能在这yy"
    },
    {
      "user": "安静的疯子",
      "date": "2016-07-03 12:59:22",
      "content": "只是作为一个死忠伤心抱怨而已，这么多年，不管别的队多么风生水起，内心还是想要火箭升空，奈何。。。唉。。。"
    },
    {
      "user": "[已注销]",
      "date": "2016-07-03 13:00:10",
      "content": "火箭注定没有大牌来 一是球队不稳定 二是没有足够战绩支持 或者大牌球星吸引"
    },
    {
      "user": "可乐",
      "date": "2016-07-03 13:39:39",
      "content": "传火箭与詹姆斯经纪团队正在接触。惊曝小皇帝欲将天赋带到休斯顿。"
    },
    {
      "user": "肖申克的舅叔",
      "date": "2016-07-03 15:38:21",
      "content": "其实两个都自带伤病属性 上赛季都缺席不少比赛 不过还是很适合如今流行的五小跑轰阵容的 当然一切还是健康为前提"
    },
    {
      "user": "阳光宅男",
      "date": "2016-07-03 20:39:48",
      "content": "换个好控卫"
    },
    {
      "user": "木子",
      "date": "2016-07-04 05:51:05",
      "content": "灰熊怎么样也得给4年900000吧，我火很便宜了"
    },
    {
      "user": "爱我所艾",
      "date": "2016-07-04 09:20:18",
      "content": "戈登还可以，这个价位就是中产，安德森贵了点，出勤率都有问题"
    },
    {
      "user": "爱我所艾",
      "date": "2016-07-04 09:22:36",
      "content": "至少比克6值，你船续约真扯啊，未来空间都锁住了"
    },
    {
      "user": "夜的祭祀",
      "date": "2016-07-04 10:31:37",
      "content": "今年2000+的合同满天飞的情况下，这个价格还真不算贵"
    },
    {
      "user": "[已注销]",
      "date": "2016-07-04 11:37:37",
      "content": "安德森三分准的一逼啊"
    },
    {
      "user": "[已注销]",
      "date": "2016-07-04 11:37:55",
      "content": "就算是养老送终了给他"
    },
    {
      "user": "GOKU",
      "date": "2016-07-04 11:51:09",
      "content": "有鸟权 还好 毕竟按照目前市场价 不续他们也没钱签其他人"
    },
    {
      "user": "Mr. smile",
      "date": "2016-07-04 16:41:13",
      "content": "又是酱油一年~~~"
    },
    {
      "user": "子谷",
      "date": "2016-07-04 17:08:32",
      "content": "没有nash，靠甩锅登，签一堆射手也打不成当年的太阳"
    },
    {
      "user": "柒♂",
      "date": "2016-07-04 17:51:51",
      "content": "今年的工资都好高，是因为工资帽提高了吗"
    },
    {
      "user": "爱我所艾",
      "date": "2016-07-05 00:17:50",
      "content": "你得想续约锁定未来几年，不续约有操作空间"
    }
  ]
}