{
  "title": "阿杜不拿5年2亿就不好意思出门了",
  "topic": {
    "name": "ning&jun",
    "date": "2016-07-04 09:28:34",
    "content": "阿杜不拿5年2亿就不好意思出门了"
  },
  "pages": [],
  "replys": [
    {
      "user": "夜的祭祀",
      "date": "2016-07-04 10:34:32",
      "content": "阿杜要签1+1，签5年就把自己锁死了"
    },
    {
      "user": "吴京火军",
      "date": "2016-07-04 10:46:36",
      "content": "1+1吧"
    },
    {
      "user": "我要的阳光。",
      "date": "2016-07-04 23:48:24",
      "content": "来来来，骑士明年见"
    }
  ]
}