{
  "title": "我想我们是球迷，不是流氓……",
  "topic": {
    "name": "Van迪赛尔",
    "date": "2016-07-05 00:51:52",
    "content": "我想我们是球迷，不是流氓……"
  },
  "pages": [],
  "replys": [
    {
      "user": "欧文女票",
      "date": "2016-07-05 13:37:59",
      "content": "背景好！"
    },
    {
      "user": "R",
      "date": "2016-07-05 13:39:31",
      "content": "应该理解所有人做出的任何选择"
    },
    {
      "user": "Van迪赛尔",
      "date": "2016-07-05 17:11:17",
      "content": "老麦蜜"
    },
    {
      "user": "Van迪赛尔",
      "date": "2016-07-05 17:11:44",
      "content": "何况阿杜加盟关库里什么事"
    },
    {
      "user": "欧文女票",
      "date": "2016-07-05 17:12:07",
      "content": "?"
    },
    {
      "user": "Van迪赛尔",
      "date": "2016-07-05 17:15:00",
      "content": "我，多年麦蜜啊"
    },
    {
      "user": "欧文女票",
      "date": "2016-07-05 17:15:53",
      "content": "刚明明回复的表情。莫名变成了问号！那个表情是握手"
    },
    {
      "user": "發条樹",
      "date": "2016-07-05 17:18:26",
      "content": "是你先骂人啊"
    },
    {
      "user": "Van迪赛尔",
      "date": "2016-07-05 17:20:15",
      "content": "我是过激了，这种人不配打球"
    },
    {
      "user": "可乐",
      "date": "2016-07-05 18:24:05",
      "content": "过激骂人了就认个错呗，放着矛盾不解决反而进一步激化。"
    }
  ]
}