{
  "title": "巨头加巨头勇士无敌，这怎么玩！！！",
  "topic": {
    "name": "你要不要考虑我",
    "date": "2016-07-05 00:08:41",
    "content": "巨头加巨头勇士无敌，这怎么玩！！！"
  },
  "pages": [],
  "replys": [
    {
      "user": "[已注销]",
      "date": "2016-07-05 09:25:08",
      "content": "为了腾空间把博格特换走，勇士没钱再去签好内线了。少了一个高位策应的点，少了护筐的人，多了在外线投篮的点，总体而言我觉得不一定比之前更强。"
    },
    {
      "user": "吴京火军",
      "date": "2016-07-05 00:19:14",
      "content": "不认识杜兰特了"
    },
    {
      "user": "土豆君",
      "date": "2016-07-05 00:46:59",
      "content": "以后的比赛都有乌龙球～哈哈哈"
    },
    {
      "user": "你要不要考虑我",
      "date": "2016-07-05 01:01:04",
      "content": "希望明天宣布威少去骑士?"
    },
    {
      "user": "土豆君",
      "date": "2016-07-05 01:09:35",
      "content": "威少好好在雷霆待着～看我破骑乐邦欧文大战那什么五小～"
    },
    {
      "user": "夏天😘😘",
      "date": "2016-07-05 02:16:53",
      "content": "玩几把咯，前几天的钱多随便扔，现在大腿集体凑。还是去 去年季后赛玩坏的敌队，佩服佩服。如今看看韦德忠诚被管理人吃，邓肯也被这联盟气坏。"
    },
    {
      "user": "[已注销]",
      "date": "2016-07-05 09:25:08",
      "content": "为了腾空间把博格特换走，勇士没钱再去签好内线了。少了一个高位策应的点，少了护筐的人，多了在外线投篮的点，总体而言我觉得不一定比之前更强。"
    },
    {
      "user": "狐岐之水",
      "date": "2016-07-05 09:27:54",
      "content": "我只想说，太怂了，。。。"
    },
    {
      "user": "土豆君",
      "date": "2016-07-05 12:21:08",
      "content": "坏了底线，为了个冠军，啥都不要了～～以后的联盟不敢想"
    },
    {
      "user": "嵇仙",
      "date": "2016-07-05 12:28:13",
      "content": "按住一个女jr66666"
    },
    {
      "user": "南山下的落寞",
      "date": "2016-07-05 12:29:42",
      "content": "排面很强大，但是最终的结果还很难预料，而且这是否会导致库里的离去也不一定"
    },
    {
      "user": "💪🏻",
      "date": "2016-07-05 13:20:18",
      "content": "估计杜兰特会比詹姆斯让人们骂的更厉害。。。"
    },
    {
      "user": "欧文女票",
      "date": "2016-07-05 13:31:33",
      "content": "勇士现在要中投有中投，要外线有外线，要防守有防守，要替补有替补，怎么打！我不管，我心系欧文"
    },
    {
      "user": "你要不要考虑我",
      "date": "2016-07-05 17:03:36",
      "content": "欧文帅??"
    },
    {
      "user": "欧文女票",
      "date": "2016-07-05 17:12:47",
      "content": "欧文突破不帅吗？控球能力不帅吗？"
    },
    {
      "user": "欧文女票",
      "date": "2016-07-05 17:19:26",
      "content": "握手握手。豆瓣的表情好像都会自动变成问好。"
    },
    {
      "user": "小大大",
      "date": "2016-07-05 17:41:43",
      "content": "抱团结果拿不到冠军，然后勇士继续被笑一年！╮(╯▽╰)╭"
    },
    {
      "user": "LeoLex",
      "date": "2016-07-06 02:58:04",
      "content": "感觉博古特比想象中重要，尤其是在季后赛"
    }
  ]
}