{
  "title": "我杜加盟勇士啦",
  "topic": {
    "name": "Csam",
    "date": "2016-07-04 23:49:25",
    "content": "我杜加盟勇士啦"
  },
  "pages": [],
  "replys": [
    {
      "user": "贝吉塔",
      "date": "2016-07-04 23:54:57",
      "content": "怂"
    },
    {
      "user": "土豆君",
      "date": "2016-07-05 00:00:30",
      "content": "错误决定！去了他妈的还是个老二～哎，都不知道他怎么想的。哎～～"
    },
    {
      "user": "呛司",
      "date": "2016-07-05 00:01:26",
      "content": "可以虐詹姆屎了，哈哈，真爽"
    },
    {
      "user": "Mike",
      "date": "2016-07-05 00:02:43",
      "content": "这要是输了，一辈子翻身不了"
    },
    {
      "user": "土豆君",
      "date": "2016-07-05 00:03:41",
      "content": "垃圾把你憋坏了，心疼"
    },
    {
      "user": "土豆君",
      "date": "2016-07-05 00:04:44",
      "content": "想了下，是近三年两个mvp联手，不管水不水～～～nba记录吧也是"
    },
    {
      "user": "呛司",
      "date": "2016-07-05 00:06:05",
      "content": "喷你爹你就不爽了，心疼"
    },
    {
      "user": "土豆君",
      "date": "2016-07-05 00:06:59",
      "content": "希望阿杜拿冠军，但是跟虐不虐乐邦一点关系没有。反正勒布朗总决赛跟他俩都交手过了，也看到了。呵呵"
    },
    {
      "user": "土豆君",
      "date": "2016-07-05 00:08:15",
      "content": "呵呵～继续秀"
    },
    {
      "user": "呛司",
      "date": "2016-07-05 00:08:31",
      "content": "那你逼逼个啥，还说一堆有的没的"
    },
    {
      "user": "土豆君",
      "date": "2016-07-05 00:10:04",
      "content": "。"
    },
    {
      "user": "吴京火军",
      "date": "2016-07-05 00:19:05",
      "content": "我不认识他了"
    },
    {
      "user": "爱我所艾",
      "date": "2016-07-05 00:19:17",
      "content": "太出乎我的意料了，今年联盟格局要变化了"
    },
    {
      "user": "maniac",
      "date": "2016-07-05 00:47:42",
      "content": "键能估计不会同意，小看杜兰特了"
    },
    {
      "user": "[已注销]",
      "date": "2016-07-05 08:56:59",
      "content": "东部依旧没啥大变化啊"
    }
  ]
}