{
  "title": "我刺球迷在哪里？举个手让我看到你们好嘛",
  "topic": {
    "name": "DEM",
    "date": "2016-07-07 12:10:59",
    "content": "我刺球迷在哪里？举个手让我看到你们好嘛"
  },
  "pages": [],
  "replys": [
    {
      "user": "R",
      "date": "2016-07-07 12:13:14",
      "content": "举双手再加个双脚"
    },
    {
      "user": "可乐",
      "date": "2016-07-07 13:17:20",
      "content": "呆子都准备退役了"
    },
    {
      "user": "右手失控",
      "date": "2016-07-07 13:21:54",
      "content": "在这里呢。马刺稳定。希望快船进西决"
    },
    {
      "user": "DEM",
      "date": "2016-07-07 16:04:48",
      "content": "应该会打打…不确定赛中会不会退役"
    },
    {
      "user": "DEM",
      "date": "2016-07-07 16:05:08",
      "content": "在借你两只手"
    },
    {
      "user": "DEM",
      "date": "2016-07-07 16:05:39",
      "content": "人生梦想 CP3去马刺"
    },
    {
      "user": "沉淀",
      "date": "2016-07-07 17:04:48",
      "content": "梦想邓肯科比一直不老"
    },
    {
      "user": "可以可以",
      "date": "2016-07-07 17:56:28",
      "content": "马刺冠不了 下个赛季结束都是好球员 可以撸威少了 等18年吧"
    },
    {
      "user": "右手失控",
      "date": "2016-07-08 13:16:34",
      "content": "感觉保罗不会走了，在这里还有未完成的理想。"
    },
    {
      "user": "DEM",
      "date": "2016-07-08 13:26:35",
      "content": "西决总是要触碰下的…在快船好多年了 没啥希望"
    },
    {
      "user": "一一",
      "date": "2016-07-08 13:31:31",
      "content": "我我我"
    },
    {
      "user": "飞云之下",
      "date": "2016-07-08 14:14:44",
      "content": "16年的老刺迷"
    },
    {
      "user": "[已注销]",
      "date": "2016-07-08 14:27:59",
      "content": "1"
    },
    {
      "user": "maniac",
      "date": "2016-07-08 15:31:45",
      "content": "马刺的篮球基因还用说吗？第一啊，可惜杜少不去，他娘的。哈哈"
    },
    {
      "user": "DEM",
      "date": "2016-07-09 11:10:24",
      "content": "其实去了也不好…挪薪资要送走好多人"
    },
    {
      "user": "DEM",
      "date": "2016-07-09 11:10:31",
      "content": "老司机"
    },
    {
      "user": "DEM",
      "date": "2016-07-09 11:11:09",
      "content": "传言呆呆要退役……心裂"
    },
    {
      "user": "DEM",
      "date": "2016-07-09 11:12:13",
      "content": "外线还需补强啊"
    },
    {
      "user": "DEM",
      "date": "2016-07-09 11:12:54",
      "content": "hello"
    },
    {
      "user": "DEM",
      "date": "2016-07-09 11:13:01",
      "content": "11111"
    },
    {
      "user": "沉淀",
      "date": "2016-07-09 11:13:24",
      "content": "我觉得也要退了，不然大加打替补也难堪"
    },
    {
      "user": "[已注销]",
      "date": "2016-07-09 11:14:06",
      "content": "我爱阿呆"
    },
    {
      "user": "飞云之下",
      "date": "2016-07-09 13:33:07",
      "content": "经历了很多马刺的经典比赛"
    },
    {
      "user": "DEM",
      "date": "2016-07-09 17:43:07",
      "content": "关键也是 继续打下去拿不到冠军 也没什么意义"
    },
    {
      "user": "DEM",
      "date": "2016-07-09 17:44:02",
      "content": "同爱21号新秀"
    },
    {
      "user": "Shirley",
      "date": "2016-07-17 00:33:25",
      "content": "一生刺迷，就像gdp一样！马刺就像个大家庭充满人情味，从2004年看马刺的球到现在，我想说，作为刺迷很幸福很骄傲！无论怎样都不离不弃！"
    },
    {
      "user": "fu.",
      "date": "2016-07-17 00:55:47",
      "content": "我蜜TD"
    },
    {
      "user": "DEM",
      "date": "2016-07-17 09:45:27",
      "content": "同"
    },
    {
      "user": "DEM",
      "date": "2016-07-17 09:45:41",
      "content": "手动点赞"
    },
    {
      "user": "子路",
      "date": "2016-07-18 10:45:59",
      "content": "邓肯新秀赛季开始的刺迷 但通常都是在网上黑我刺"
    }
  ]
}