{
  "title": "泰山战斗！",
  "topic": {
    "name": "美腻的凯蒂大王",
    "date": "2016-07-09 20:45:13",
    "content": "泰山战斗！"
  },
  "pages": [],
  "replys": [
    {
      "user": "sullivian",
      "date": "2016-07-09 20:46:05",
      "content": "小蒿啊？"
    },
    {
      "user": "默子。",
      "date": "2016-07-09 20:59:07",
      "content": "今天有戏(•̀ω•́)✧"
    },
    {
      "user": "美腻的凯蒂大王",
      "date": "2016-07-12 20:56:47",
      "content": "是啊。喜欢三哥"
    },
    {
      "user": "笑哥",
      "date": "2016-07-13 08:07:29",
      "content": "如果在南京分分钟追你了。"
    },
    {
      "user": "美腻的凯蒂大王",
      "date": "2016-07-13 22:31:09",
      "content": "宝宝有男票。"
    },
    {
      "user": "笑哥",
      "date": "2016-07-13 22:31:34",
      "content": "所以说嘛"
    },
    {
      "user": "sullivian",
      "date": "2016-07-14 02:01:19",
      "content": "咱湖北的"
    },
    {
      "user": "日月916",
      "date": "2016-07-19 09:30:32",
      "content": "三哥的绝杀忘不了"
    },
    {
      "user": "大尾巴狼的狼",
      "date": "2016-07-19 23:31:38",
      "content": "哇啊"
    },
    {
      "user": "旋转的陀螺",
      "date": "2016-07-20 09:18:47",
      "content": "常看球吗？"
    },
    {
      "user": "潜深",
      "date": "2016-07-20 13:22:39",
      "content": "怎么喜欢泰山呢？"
    },
    {
      "user": "一生悠远",
      "date": "2016-07-20 17:13:13",
      "content": "我喜欢你"
    },
    {
      "user": "幻之星空",
      "date": "2016-07-20 17:41:03",
      "content": "今天鲁能不知进几个球？"
    },
    {
      "user": "深蓝丶",
      "date": "2016-07-21 16:07:31",
      "content": "泰山总不独行！"
    },
    {
      "user": "aiiking",
      "date": "2016-07-22 00:16:22",
      "content": "继续加油喽~~"
    },
    {
      "user": "天天",
      "date": "2016-07-22 08:15:26",
      "content": "希望我鲁连胜"
    },
    {
      "user": "日月916",
      "date": "2016-10-26 15:31:56",
      "content": "喜欢三哥"
    },
    {
      "user": "music king 音帝",
      "date": "2016-11-03 10:07:16",
      "content": "三哥技术和意识都不错，是个人才"
    },
    {
      "user": "孑",
      "date": "2016-11-05 20:27:54",
      "content": "看明年的吧"
    },
    {
      "user": "[已注销]",
      "date": "2016-11-06 17:15:58",
      "content": "难得喜欢泰山的妹子"
    }
  ]
}