{
  "title": "是时候来个赛季预测了。。",
  "topic": {
    "name": "knight&暗夜",
    "date": "2016-07-10 22:25:22",
    "content": "是时候来个赛季预测了。。"
  },
  "pages": [],
  "replys": [
    {
      "user": "kobe",
      "date": "2016-07-11 17:17:37",
      "content": "赛季预测。。。哈哈，你也是没比赛看了，闲的。"
    },
    {
      "user": "仲尼不死",
      "date": "2016-07-11 17:18:17",
      "content": "预测里竟然没有我大开拓者"
    },
    {
      "user": "什么",
      "date": "2016-07-11 17:29:06",
      "content": "说实话 湖人进季后赛的几率都比森林狼进季后赛几率大……毕竟传统豪门球队 管理层教练组这些的安排对战绩的影响还是比较大的"
    },
    {
      "user": "沐之",
      "date": "2016-07-11 17:34:42",
      "content": "个人认为西部应该会有开拓者，鹈鹕本赛季应该也会有些机会~森林狼估计要半程以后才有戏！东部下赛季可以关注下雄鹿了~"
    },
    {
      "user": "knight&暗夜",
      "date": "2016-07-11 18:11:48",
      "content": "对啊！很有道理！"
    },
    {
      "user": "呛司",
      "date": "2016-07-11 19:16:32",
      "content": "森林狼 ~~~~~~"
    },
    {
      "user": "kobe",
      "date": "2016-07-11 20:41:33",
      "content": "现在这个小组的人都是这样，没比赛看了，空虚寂寞冷啊，哈哈。"
    },
    {
      "user": "董小__",
      "date": "2016-07-11 20:49:20",
      "content": "兄弟，截止日期还没到呢，急啥，我猜到时候得有几个组合要分手，哈哈"
    },
    {
      "user": "南山下的落寞",
      "date": "2016-07-11 23:17:44",
      "content": "竟然有火箭"
    },
    {
      "user": "HOHO",
      "date": "2016-07-13 02:30:25",
      "content": "11-12年的豪强步行者和尼克斯又回来了。"
    },
    {
      "user": "星川",
      "date": "2016-07-13 02:31:57",
      "content": "我尼季后赛边缘，求不败"
    },
    {
      "user": "knight&暗夜",
      "date": "2016-07-13 07:54:05",
      "content": "火箭我只看好安德森"
    },
    {
      "user": "knight&暗夜",
      "date": "2016-07-13 07:54:39",
      "content": "步行者超豪华阵容啊。。。去年那样都差点进东决"
    },
    {
      "user": "-_-llll额",
      "date": "2016-07-13 22:11:21",
      "content": "爵士第八"
    },
    {
      "user": "果真如此",
      "date": "2016-07-14 00:34:35",
      "content": "火箭"
    },
    {
      "user": "蒙奇.D.1991",
      "date": "2016-07-14 01:17:14",
      "content": "快船季后赛边缘"
    },
    {
      "user": "蒙奇.D.1991",
      "date": "2016-07-14 01:17:49",
      "content": "76人第八重返季后赛"
    }
  ]
}