{
  "title": "呆呆退役了，用一句简单的话告别他",
  "topic": {
    "name": "[已注销]",
    "date": "2016-07-12 09:44:36",
    "content": "呆呆退役了，用一句简单的话告别他"
  },
  "pages": [],
  "replys": [
    {
      "user": "[已注销]",
      "date": "2016-07-12 09:53:38",
      "content": "Goodbye"
    },
    {
      "user": "不舒服斯基",
      "date": "2016-07-12 09:54:45",
      "content": "未来是你的"
    },
    {
      "user": "安静的疯子",
      "date": "2016-07-12 10:07:03",
      "content": "永远的最佳新秀！"
    },
    {
      "user": "霍琛布鲁兹老爷",
      "date": "2016-07-12 11:57:14",
      "content": "结束了"
    },
    {
      "user": "R",
      "date": "2016-07-12 11:59:25",
      "content": "你不在江湖，江湖却有你的传说"
    },
    {
      "user": "柒♂",
      "date": "2016-07-12 13:30:03",
      "content": "低调而伟大  再见了，21号新秀"
    },
    {
      "user": "你要不要考虑我",
      "date": "2016-07-12 13:58:51",
      "content": "21号的他选择在我21的时候退役了"
    },
    {
      "user": "南山下的落寞",
      "date": "2016-07-12 13:59:48",
      "content": "你是个传说"
    },
    {
      "user": "Butters",
      "date": "2016-07-12 14:09:52",
      "content": "再见新秀"
    },
    {
      "user": "土豆君",
      "date": "2016-07-12 14:11:12",
      "content": "祝呆呆改装车厂生意兴隆啦"
    }
  ]
}