{
  "title": "敬佩波波维奇！",
  "topic": {
    "name": "kobe",
    "date": "2016-07-13 10:51:55",
    "content": "敬佩波波维奇！"
  },
  "pages": [],
  "replys": [
    {
      "user": "C小姐",
      "date": "2016-07-13 12:43:39",
      "content": "对呀对呀"
    },
    {
      "user": "可乐",
      "date": "2016-07-13 14:58:51",
      "content": "呆子退役，波波也快了"
    },
    {
      "user": "Carnivore",
      "date": "2016-07-13 15:31:13",
      "content": "呆呆和波波完美组合。"
    },
    {
      "user": "maniac",
      "date": "2016-07-13 16:43:21",
      "content": "这就是宿命"
    },
    {
      "user": "-_-llll额",
      "date": "2016-07-13 22:10:08",
      "content": "早年马刺的战术就是邓肯拉开单打，邓肯和波波互相成就彼此。今天关于邓肯退役的采访，波波眼眶全程湿润，真是不舍啊……"
    },
    {
      "user": "HOHO",
      "date": "2016-07-14 08:24:49",
      "content": "虽然加索尔永远无法代替邓肯对波波维奇的作用，但希望他至少在球场上好好和波波维奇配合。"
    }
  ]
}