{
  "title": "奥尼尔又发话题了。",
  "topic": {
    "name": "小神精",
    "date": "2016-07-14 17:55:00",
    "content": "奥尼尔又发话题了。"
  },
  "pages": [],
  "replys": [
    {
      "user": "可乐",
      "date": "2016-07-14 20:02:03",
      "content": "00的一个球不够玩。10的威少换成汤普森就行。"
    },
    {
      "user": "以父之名",
      "date": "2016-07-16 11:21:57",
      "content": "艾弗森换纳什或者基德，不虚任何队"
    }
  ]
}