{
  "title": "今年是个成就年，C罗夺冠，詹姆斯夺冠",
  "topic": {
    "name": "省略号先生",
    "date": "2016-07-15 16:13:55",
    "content": "今年是个成就年，C罗夺冠，詹姆斯夺冠"
  },
  "pages": [],
  "replys": [
    {
      "user": "尖孙蓬蓬",
      "date": "2016-07-15 16:18:20",
      "content": "哪年夺冠不是成就？"
    },
    {
      "user": "省略号先生",
      "date": "2016-07-15 16:18:50",
      "content": "今年太不可思议"
    },
    {
      "user": "省略号先生",
      "date": "2016-07-15 16:26:37",
      "content": "今年不可思议，葡萄牙一群老男孩，骑士队1比3大逆转，所以一切皆有可能"
    },
    {
      "user": "乔布斯的追随",
      "date": "2016-07-15 17:42:42",
      "content": "小德也拿法网冠军了"
    },
    {
      "user": "乔布斯的追随",
      "date": "2016-07-15 17:43:05",
      "content": "小李子也拿奥斯卡了"
    },
    {
      "user": "乔布斯的追随",
      "date": "2016-07-15 17:43:31",
      "content": "唯一的缺憾是梅球王"
    },
    {
      "user": "为爱神伤",
      "date": "2016-07-17 23:09:38",
      "content": "然而并没有成就梅西，成了背景，忧伤"
    },
    {
      "user": "坊や",
      "date": "2016-07-18 09:11:27",
      "content": "今年是个躺冠年才是真。"
    },
    {
      "user": "王小怪",
      "date": "2016-07-22 12:46:02",
      "content": "可是梅西呢？"
    },
    {
      "user": "省略号先生",
      "date": "2016-07-23 09:58:30",
      "content": "梅西也是好样的……"
    },
    {
      "user": "王小怪",
      "date": "2016-07-23 10:21:45",
      "content": "他是好样的！可是阿根廷队。。。"
    },
    {
      "user": "省略号先生",
      "date": "2016-07-23 10:23:32",
      "content": "你是梅西迷"
    },
    {
      "user": "王小怪",
      "date": "2016-07-23 10:24:20",
      "content": "是的。不过从14年开始，梅西就只能叫做悲情梅西了。"
    },
    {
      "user": "范大将军西西西",
      "date": "2016-08-01 11:06:25",
      "content": "C罗金球妥妥的"
    },
    {
      "user": "省略号先生",
      "date": "2016-08-02 11:47:25",
      "content": "是的，两个大奖都是足够分量"
    }
  ]
}