{
  "title": "猜想一下，穆帅能给红魔曼联带到什么高度",
  "topic": {
    "name": "省略号先生",
    "date": "2016-07-23 10:00:47",
    "content": "猜想一下，穆帅能给红魔曼联带到什么高度"
  },
  "pages": [],
  "replys": [
    {
      "user": "曾经的追求",
      "date": "2016-07-25 10:56:55",
      "content": "感觉下个赛季英超会有看点"
    },
    {
      "user": "Unschlagbar",
      "date": "2016-07-25 12:48:28",
      "content": "先看一下季前赛 尤其是社区盾会踢怎样的风格"
    },
    {
      "user": "省略号先生",
      "date": "2016-07-25 19:39:40",
      "content": "是吧，英超最好看，穆帅，瓜帅，孔蒂，温格……"
    },
    {
      "user": "省略号先生",
      "date": "2016-07-25 19:40:42",
      "content": "不是说了嘛，4231……"
    },
    {
      "user": "曾经的追求",
      "date": "2016-07-25 19:44:01",
      "content": "对啊，你看好那次对"
    },
    {
      "user": "省略号先生",
      "date": "2016-07-25 19:45:38",
      "content": "曼联，穆帅呗……人格魅力太强大"
    },
    {
      "user": "霹雳队长",
      "date": "2016-07-25 19:46:43",
      "content": "输多特4比1，我觉得不看好"
    },
    {
      "user": "曾经的追求",
      "date": "2016-07-25 19:54:09",
      "content": "曼联中后场感觉有点弱"
    },
    {
      "user": "省略号先生",
      "date": "2016-07-25 21:32:17",
      "content": "写都是赛前踢着玩呢，不要当真"
    },
    {
      "user": "fadelove",
      "date": "2016-07-25 21:46:28",
      "content": "明年的欧冠不敢说，但是今年的联赛冠军应该还是最大热门"
    },
    {
      "user": "Losers",
      "date": "2016-07-27 12:00:42",
      "content": "魔力鸟带队都是第二年才会夺冠，看今年能不能有变化，希望他有变化。"
    },
    {
      "user": "Capt. Backfire",
      "date": "2016-07-27 13:06:03",
      "content": "下赛季英超很多看点"
    },
    {
      "user": "豌豆",
      "date": "2016-07-27 14:35:45",
      "content": "欧冠"
    },
    {
      "user": "省略号先生",
      "date": "2016-07-27 16:17:04",
      "content": "是的，加油"
    },
    {
      "user": "省略号先生",
      "date": "2016-07-27 16:17:28",
      "content": "欧冠没没戏了……今年没资格"
    },
    {
      "user": "省略号先生",
      "date": "2016-07-27 16:17:55",
      "content": "怎一个“热闹”了得"
    },
    {
      "user": "豌豆",
      "date": "2016-07-27 19:13:48",
      "content": "这个我也明白。。\r可是你的问题是穆帅可以给曼联带到什么高度，并不是今年可以带到什么高度。"
    },
    {
      "user": "iCat",
      "date": "2016-07-27 23:21:28",
      "content": "切尔西的高度"
    },
    {
      "user": "最后一颗子弹",
      "date": "2016-07-28 10:24:46",
      "content": "争第一"
    },
    {
      "user": "千翼",
      "date": "2016-07-29 11:28:52",
      "content": "感觉曼联这两年缺精气神儿，穆帅可能得花一个赛季的时间重新铸就一种铁血精神，所以，第一年就不抱多大希望了。"
    },
    {
      "user": "省略号先生",
      "date": "2016-07-30 10:34:16",
      "content": "拭目以待……"
    },
    {
      "user": "坊や",
      "date": "2016-07-30 19:32:45",
      "content": "英超第四"
    },
    {
      "user": "范大将军西西西",
      "date": "2016-08-01 11:02:55",
      "content": "至少第一年不抱希望，能挣到欧冠资格就行。希望穆帅能带领我魔夺冠。"
    },
    {
      "user": "王不留行-颜东li",
      "date": "2016-08-02 10:34:18",
      "content": "瓜穆相看"
    },
    {
      "user": "省略号先生",
      "date": "2016-08-02 11:48:38",
      "content": "冠军吧应该……转会市场现在是疯狂出手"
    },
    {
      "user": "省略号先生",
      "date": "2016-08-02 11:48:59",
      "content": "不错，今年英超太热闹……"
    },
    {
      "user": "七喜不爱美年达",
      "date": "2016-08-02 13:35:38",
      "content": "来个霸气前锋吧，鲁尼真的老了"
    },
    {
      "user": "冰滴先生",
      "date": "2016-08-02 14:38:03",
      "content": "应该可以争取英超前三，拿到一个欧冠正赛名额。"
    },
    {
      "user": "噗呲咔呲",
      "date": "2016-08-02 17:11:11",
      "content": "感觉他不适合带这种队"
    },
    {
      "user": "李坏",
      "date": "2016-08-02 17:31:38",
      "content": "群魔乱舞"
    },
    {
      "user": "[已注销]",
      "date": "2016-08-02 17:41:09",
      "content": "魔力鸟的性格太张扬，但是确实有才华，曼联选择这种碰撞其实有点冒险，目标太大，其实瓜帅的曼城绝对不次于甚至包括巴萨皇马目前的实力，英超冠军绝非那么容易，热身赛就可以看出，还有阿森纳、孔蒂的切尔西、利物浦、铁锤帮、莱斯特城对冠军和荣誉都觊觎已久，不过有一点是确定的，新赛季的英超将会是精彩绝伦的一个赛季，魅力无边的一个战场"
    },
    {
      "user": "省略号先生",
      "date": "2016-08-02 20:09:20",
      "content": "嗯，有没有感觉穆帅好有魅力"
    },
    {
      "user": "千翼",
      "date": "2016-08-02 20:21:13",
      "content": "记得那年欧冠，皇马和拜仁的点球，穆帅跪在球场边看完了点球，一下子就爱上了这个狂妄的男人"
    },
    {
      "user": "坊や",
      "date": "2016-08-02 20:41:16",
      "content": "钱花得多，就能冠军，那还踢个毛的比赛。一看你就是伪球迷，回家洗洗睡吧"
    },
    {
      "user": "哇卡waka",
      "date": "2016-08-02 21:50:29",
      "content": "新英体育 焦点赛事会不会涨价"
    },
    {
      "user": "BBzi",
      "date": "2016-08-14 02:35:52",
      "content": "舍弃鲁尼这个队还有希望。曼联还没成型来。。。\r 看看曼城，赢个桑德兰都那么费力。。。新赛季不好打。"
    },
    {
      "user": "半只蚂蚁",
      "date": "2016-08-16 17:17:55",
      "content": "首要目标：下赛季欧冠资格（不打附加赛的那种）\r其他目标：联赛争冠（如果不行，足总杯/联赛杯至少拿一个）"
    },
    {
      "user": "SantaWilliam",
      "date": "2016-08-18 09:37:30",
      "content": "联赛第三，欧联四强"
    },
    {
      "user": "SantaWilliam",
      "date": "2016-08-18 09:38:13",
      "content": "你这个是最不可能的，因为阿森纳已经提前十年锁定了联赛第四的位置"
    },
    {
      "user": "你好大啊",
      "date": "2016-08-18 11:34:24",
      "content": "穆鸟是一个太偏执的人 有可能会带来的是灾难"
    },
    {
      "user": "我不是美女",
      "date": "2016-08-18 12:22:37",
      "content": "这个赛季英超有点意思， 曼联，切尔西，曼城，利物浦，热词都值得关注。阿森纳？这赛季估计就……"
    },
    {
      "user": "慕容姗",
      "date": "2016-08-18 15:47:01",
      "content": "有投入就行"
    },
    {
      "user": "冰翼魍魉",
      "date": "2016-08-18 15:55:58",
      "content": "从国米起开始喜欢魔力鸟"
    }
  ]
}