{
  "title": "分享一个有意思的话题",
  "topic": {
    "name": "可乐",
    "date": "2016-07-23 16:03:50",
    "content": "分享一个有意思的话题"
  },
  "pages": [],
  "replys": [
    {
      "user": "蓝黑",
      "date": "2016-07-23 18:21:48",
      "content": "詹皇无敌"
    },
    {
      "user": "以父之名",
      "date": "2016-07-23 20:03:28",
      "content": "毕竟现役小流氓。"
    },
    {
      "user": "以父之名",
      "date": "2016-07-23 20:04:44",
      "content": "21世纪前十年的总决赛都有科呆鲨"
    }
  ]
}