{
  "title": "鲁能球迷有没有？不喜勿喷。谢谢",
  "topic": {
    "name": "范希了",
    "date": "2016-07-26 22:24:27",
    "content": "鲁能球迷有没有？不喜勿喷。谢谢"
  },
  "pages": [],
  "replys": [
    {
      "user": "二狗汪江汪",
      "date": "2016-07-26 22:33:39",
      "content": "加不动了。明年改看中甲"
    },
    {
      "user": "biu biu biu",
      "date": "2016-07-27 07:51:12",
      "content": "???"
    },
    {
      "user": "biu biu biu",
      "date": "2016-07-27 16:28:37",
      "content": "有"
    },
    {
      "user": "范希了",
      "date": "2016-07-29 00:03:20",
      "content": "不会的，放心"
    },
    {
      "user": "范希了",
      "date": "2016-07-29 23:13:33",
      "content": "明天下午加油"
    },
    {
      "user": "Yolaine ",
      "date": "2016-07-29 23:18:31",
      "content": "你们的队歌很厉害。。。"
    },
    {
      "user": "范希了",
      "date": "2016-07-29 23:20:08",
      "content": "我们是永不倒的泰山"
    },
    {
      "user": "范希了",
      "date": "2016-07-29 23:21:43",
      "content": "想把队歌唱给你听，趁现在年少如花"
    },
    {
      "user": "Yolaine ",
      "date": "2016-07-29 23:30:11",
      "content": "那句 鲁能泰山 山东大汉。哈哈哈"
    },
    {
      "user": "范希了",
      "date": "2016-07-29 23:31:39",
      "content": "哈哈，是的。鲁能泰山，山东大汉。我们是橘红色的火焰"
    },
    {
      "user": "范希了",
      "date": "2016-07-29 23:34:42",
      "content": "你看足球不？"
    },
    {
      "user": "V18254119266",
      "date": "2016-07-30 23:49:57",
      "content": "有"
    },
    {
      "user": "范希了",
      "date": "2016-12-05 23:43:48",
      "content": "你怎么听说的队歌？哈哈"
    },
    {
      "user": "狗子",
      "date": "2016-12-06 23:19:14",
      "content": "有有有啊我们是永不倒的泰山"
    },
    {
      "user": "aaa",
      "date": "2016-12-14 23:36:39",
      "content": "这里这里这里"
    },
    {
      "user": "大辛巴",
      "date": "2016-12-17 09:02:08",
      "content": "稳如泰山"
    }
  ]
}