{
  "title": "能不能给我介绍几个帅的球员",
  "topic": {
    "name": "李英俊a",
    "date": "2016-07-30 21:16:06",
    "content": "能不能给我介绍几个帅的球员"
  },
  "pages": [],
  "replys": [
    {
      "user": "范大将军西西西",
      "date": "2016-08-01 10:56:49",
      "content": "德赫亚，诺伊尔，布冯，切赫。都是门将。"
    },
    {
      "user": "范大将军西西西",
      "date": "2016-08-01 10:58:18",
      "content": "突然意识到，你是想找几个人陪你踢么?是我理解错意思了？"
    },
    {
      "user": "二狗汪江汪",
      "date": "2016-08-01 11:00:05",
      "content": "不会是…"
    },
    {
      "user": "伯纳乌球童",
      "date": "2016-08-01 21:36:58",
      "content": "罗伊斯跟我"
    },
    {
      "user": "Prejudice.",
      "date": "2016-08-01 22:04:24",
      "content": "罗伊斯和你，罗伊斯跟我，别抢"
    },
    {
      "user": "伯纳乌球童",
      "date": "2016-08-01 22:05:51",
      "content": "讲真，罗伊斯你泡不到，哈哈哈"
    },
    {
      "user": "Prejudice.",
      "date": "2016-08-01 22:29:08",
      "content": "我会努力的"
    },
    {
      "user": "伯纳乌球童",
      "date": "2016-08-01 22:44:13",
      "content": "其实我想说还有另一个帅的会踢球的，既然你这样说，那加油咯。"
    },
    {
      "user": "李英俊a",
      "date": "2016-08-03 22:33:57",
      "content": "sorry，前两天没看到。我想追一下足球，踢球的话会一点，但没有认真练过。"
    },
    {
      "user": "米兰·好久不见",
      "date": "2016-09-04 23:54:15",
      "content": "帅的？觉得以前的米兰帅哥多，还有意大利男模队，可惜你看不到了，都过去了"
    },
    {
      "user": "CccForzaMilan",
      "date": "2016-09-05 19:20:16",
      "content": "我米队草帅不帅！！！"
    },
    {
      "user": "Leung謿委",
      "date": "2016-09-06 01:56:45",
      "content": "门将给你说几个冷门的 门兴的瑞士国门索默尔 斯图加特的朗格拉克 大巴黎的特拉普"
    },
    {
      "user": "阿猪阿驼",
      "date": "2016-09-07 23:59:38",
      "content": "小贝，范佩西，罗伊斯。内马尔有种野性的帅"
    }
  ]
}