{
  "title": "威少合同定了？",
  "topic": {
    "name": "[已注销]",
    "date": "2016-08-04 12:51:05",
    "content": "威少合同定了？"
  },
  "pages": [],
  "replys": [
    {
      "user": "促膝把酒傾通宵",
      "date": "2016-08-04 14:20:24",
      "content": "已经签了"
    },
    {
      "user": "Fly",
      "date": "2016-08-04 14:30:58",
      "content": "就冲着这份忠诚 我服你今天这一天！"
    },
    {
      "user": "冒险顾问",
      "date": "2016-08-04 16:21:34",
      "content": "下赛季数据要爆表了，应该成MVP候选前三。"
    },
    {
      "user": "steven",
      "date": "2016-08-04 16:23:26",
      "content": "加长版1+1，金额高，时间又不算太长，精明得很————神龟背后有高人那。"
    },
    {
      "user": "fateholder",
      "date": "2016-08-04 16:31:46",
      "content": "啥时候签的 微博上没消息 谣言吧"
    },
    {
      "user": "促膝把酒傾通宵",
      "date": "2016-08-04 16:41:39",
      "content": "woj神爆料，微博中午就有消息了"
    },
    {
      "user": "fateholder",
      "date": "2016-08-04 17:06:05",
      "content": "好吧 我早晨看的"
    },
    {
      "user": "[已注销]",
      "date": "2016-08-04 18:05:42",
      "content": "正解，如果第三年有球员选项，那两年之后可以选择留不留，而三年一般也是围绕巨星重建一般可以见到成效的期限。"
    },
    {
      "user": "南山下的落寞",
      "date": "2016-08-05 01:23:55",
      "content": "他在球迷心中的好感度估计现在超过杜兰特吧"
    },
    {
      "user": "LON_MR_枯叶",
      "date": "2016-08-05 21:14:13",
      "content": "在我心里确实是，尤其上赛季最后几场季后赛表现。如果这赛季能够延续那几场表现我自己觉得他的作用就已经超过CP3了！"
    },
    {
      "user": "以父之名",
      "date": "2016-08-06 03:26:30",
      "content": "路转粉，威少爷真男人"
    }
  ]
}