{
  "title": "求瓦尔迪落场球衣",
  "topic": {
    "name": "Enogado",
    "date": "2016-08-05 11:33:20",
    "content": "求瓦尔迪落场球衣"
  },
  "pages": [],
  "replys": [
    {
      "user": "ziyugoo",
      "date": "2016-08-18 13:03:39",
      "content": "去年可能更容易买到"
    },
    {
      "user": "Enogado",
      "date": "2016-08-18 16:38:14",
      "content": "为啥"
    },
    {
      "user": "ziyugoo",
      "date": "2016-08-19 01:38:39",
      "content": "不出名啊"
    }
  ]
}