{
  "title": "中国对美国",
  "topic": {
    "name": "樱❀",
    "date": "2016-08-07 07:40:19",
    "content": "中国对美国"
  },
  "pages": [],
  "replys": [
    {
      "user": "南山下的落寞",
      "date": "2016-08-07 07:49:12",
      "content": "正被虐"
    },
    {
      "user": "南山下的落寞",
      "date": "2016-08-07 07:49:38",
      "content": "这很正常的实力对比。 中国一哥依然是莲妹"
    },
    {
      "user": "kobe高",
      "date": "2016-08-07 08:02:30",
      "content": "结束了"
    },
    {
      "user": "樱❀",
      "date": "2016-08-07 08:39:41",
      "content": "都这么说。。泪。。"
    },
    {
      "user": "樱❀",
      "date": "2016-08-07 08:39:51",
      "content": "赶紧结束的好。。"
    },
    {
      "user": "南山下的落寞",
      "date": "2016-08-07 08:51:21",
      "content": "这是现实。 有哪个球队可以无限换防，一个杜兰特 对那个位置的人都是错位 哪个球队有"
    },
    {
      "user": "Mike",
      "date": "2016-08-07 08:54:05",
      "content": "亚运会输给台北的时候不知道你家电视机还安好？"
    },
    {
      "user": "樱❀",
      "date": "2016-08-07 09:38:55",
      "content": "呜呜呜呜呜"
    },
    {
      "user": "kobe高",
      "date": "2016-08-07 10:00:24",
      "content": "只求能进八强"
    },
    {
      "user": "Mike",
      "date": "2016-08-07 10:04:20",
      "content": "还只求进八强？哪里来的自信？"
    },
    {
      "user": "樱❀",
      "date": "2016-08-07 10:05:52",
      "content": "只属于姚明时代。。"
    },
    {
      "user": "kobe高",
      "date": "2016-08-07 10:06:31",
      "content": "有错吗这么说"
    },
    {
      "user": "樱❀",
      "date": "2016-08-07 10:06:39",
      "content": "姚明时代可以，现在。。"
    },
    {
      "user": "kobe高",
      "date": "2016-08-07 10:07:01",
      "content": "小伙子们加油"
    },
    {
      "user": "樱❀",
      "date": "2016-08-07 10:07:15",
      "content": "姚明时代进过，现在。。。"
    },
    {
      "user": "南山下的落寞",
      "date": "2016-08-07 10:11:29",
      "content": "赢了法国再说吧"
    },
    {
      "user": "Mike",
      "date": "2016-08-07 10:16:25",
      "content": "男篮被黑就是因为太多的人不愿意承认自己有多烂，然后各种蜜汁自信。"
    },
    {
      "user": "GOKU",
      "date": "2016-08-07 10:18:07",
      "content": "一般用 只求xxx\r是个谦虚的说法 也就是最低目标\r所以你这么说\r搞得中国队有希望冲击奖牌似的\r而且 让他们进8强 的确够难"
    },
    {
      "user": "Mike",
      "date": "2016-08-07 10:21:49",
      "content": "你这是黑法国还是黑中国？赢法国？excuse me ？"
    },
    {
      "user": "南山下的落寞",
      "date": "2016-08-07 10:35:07",
      "content": "赢法国会比赢澳大利亚难？"
    },
    {
      "user": "kobe高",
      "date": "2016-08-07 10:42:12",
      "content": "额，语文不好，别叫计较这么多"
    },
    {
      "user": "kobe高",
      "date": "2016-08-07 10:42:39",
      "content": "并没黑谁，别乱叫，ok？"
    },
    {
      "user": "阿正的脑袋",
      "date": "2016-08-07 20:58:17",
      "content": "能赢法国我吃翔"
    },
    {
      "user": "阿正的脑袋",
      "date": "2016-08-07 20:58:19",
      "content": "能赢法国我吃翔"
    },
    {
      "user": "冲鸭阿菠萝",
      "date": "2016-08-07 21:25:54",
      "content": "不要求进八强了，几乎不可能。小组能取一胜就好，不要像伦敦那样七战七败"
    },
    {
      "user": "[已注销]",
      "date": "2016-08-08 00:12:29",
      "content": "委内瑞拉能打一下 其他都呵呵了"
    },
    {
      "user": "HOHO",
      "date": "2016-08-08 03:10:59",
      "content": "只求能赢一场"
    },
    {
      "user": "Mike",
      "date": "2016-08-09 14:45:03",
      "content": "对中国来说。对手都一样。先把自己定位明确一下。你是来夺牌的还是锻炼新人的？"
    },
    {
      "user": "南山下的落寞",
      "date": "2016-08-09 14:46:13",
      "content": "奖牌？难于登天"
    },
    {
      "user": "Mike",
      "date": "2016-08-09 15:32:57",
      "content": "前面不是要喊着赢法国？"
    },
    {
      "user": "南山下的落寞",
      "date": "2016-08-09 23:54:26",
      "content": "能赢不好么"
    },
    {
      "user": "Mike",
      "date": "2016-08-10 00:36:19",
      "content": "好，下场赢美国，"
    },
    {
      "user": "南山下的落寞",
      "date": "2016-08-10 01:06:28",
      "content": "赔率一赔好几万"
    },
    {
      "user": "浦饭幽助",
      "date": "2016-08-18 14:32:14",
      "content": "仔细想想其实也很正常…这届实力 真的…也就这水平"
    }
  ]
}