{
  "title": "感觉国足越来越有斗性",
  "topic": {
    "name": "夏沫的夏天",
    "date": "2016-09-01 23:00:34",
    "content": "感觉国足越来越有斗性"
  },
  "pages": [],
  "replys": [
    {
      "user": "冰滴先生",
      "date": "2016-09-02 07:48:42",
      "content": "是滴，关键是比分落后太多的时候没有放弃自己。"
    },
    {
      "user": "哈特酱",
      "date": "2016-09-02 10:53:54",
      "content": "总算长大了······"
    },
    {
      "user": "北极星",
      "date": "2016-09-02 11:32:58",
      "content": "然而并没有什么卵用 起手3比0"
    },
    {
      "user": "钝钝",
      "date": "2016-09-02 12:28:49",
      "content": "重金之下必有勇夫"
    },
    {
      "user": "长发之殇",
      "date": "2016-09-02 12:47:04",
      "content": "任意球我只服蒿俊闵"
    },
    {
      "user": "[已注销]",
      "date": "2016-09-02 15:55:34",
      "content": "光靠斗志是没有用的，但是懂得知耻后勇还是挺好的"
    },
    {
      "user": "胡医刀",
      "date": "2016-09-02 20:19:39",
      "content": "就是，幸亏昨天我没关电视。"
    },
    {
      "user": "胡医刀",
      "date": "2016-09-02 20:19:40",
      "content": "就是，幸亏昨天我没关电视。"
    },
    {
      "user": "米兰·好久不见",
      "date": "2016-09-03 22:27:55",
      "content": "多少年没看到了？"
    },
    {
      "user": "枯叶",
      "date": "2016-09-03 22:57:09",
      "content": "中国领导有方"
    },
    {
      "user": "冰滴先生",
      "date": "2016-09-07 12:49:47",
      "content": "我也挺欣赏他的。他在德甲有踢球的经历，在欧冠也登过场，在这支国家队里应该是为数不多脚法和大局观都好的球员。"
    },
    {
      "user": "Capt. Backfire",
      "date": "2016-09-07 18:19:15",
      "content": "中国是小组垫底进入第三轮的 \r第一场客场打韩国 第二场主场打伊朗 \r傻子都知道这俩都不是善茬 \r落后3球 连追2球 输了也不丢脸 打伊朗中场确实拿不住球 身体对抗也比伊朗次点 0-0绝对能接受啊（武磊那个单刀真是日了狗了）\r从输球到拿走一分，期待国足胜利！"
    },
    {
      "user": "你若化成风",
      "date": "2016-09-07 19:29:42",
      "content": "国足不会过早被出局。应该还有的打"
    },
    {
      "user": "HANK",
      "date": "2016-09-07 19:30:27",
      "content": "没感觉出来"
    }
  ]
}