{
  "title": "我在外面，没法看电视，快快告诉我国足战况。",
  "topic": {
    "name": "澜",
    "date": "2016-09-06 20:46:09",
    "content": "我在外面，没法看电视，快快告诉我国足战况。"
  },
  "pages": [],
  "replys": [
    {
      "user": "Capt. Backfire",
      "date": "2016-09-06 20:53:42",
      "content": "0-0"
    },
    {
      "user": "Leung謿委",
      "date": "2016-09-06 20:57:15",
      "content": "闷战0 0"
    },
    {
      "user": "澜",
      "date": "2016-09-06 23:18:08",
      "content": "为什么感觉平的结局并不差呢？"
    },
    {
      "user": "Unschlagbar",
      "date": "2016-09-07 10:02:03",
      "content": "吴磊啊吴磊 那个位置出现的是张和郜 会怎样呢"
    },
    {
      "user": "米兰·好久不见",
      "date": "2016-09-08 09:25:17",
      "content": "还能接受是吧，我觉得也还可以"
    },
    {
      "user": "澜",
      "date": "2016-09-08 11:07:34",
      "content": "是啊，结局不差。。"
    },
    {
      "user": "北极星",
      "date": "2016-09-09 00:52:43",
      "content": "看了过程你会收回这句话"
    },
    {
      "user": "北极星",
      "date": "2016-09-09 00:53:06",
      "content": "他2个根本不会出现在哪个位置"
    },
    {
      "user": "澜",
      "date": "2016-09-09 10:27:08",
      "content": "啊？"
    },
    {
      "user": "北极星",
      "date": "2016-09-09 11:05:00",
      "content": "整场被虐"
    },
    {
      "user": "澜",
      "date": "2016-09-09 11:33:56",
      "content": "好的吧。"
    }
  ]
}