{
  "title": "买伊朗让一球胜国足，你们会骂我么",
  "topic": {
    "name": "好久不见",
    "date": "2016-09-06 21:05:07",
    "content": "买伊朗让一球胜国足，你们会骂我么"
  },
  "pages": [],
  "replys": [
    {
      "user": "LakersChamp",
      "date": "2016-09-06 21:06:27",
      "content": "不会，发国难财"
    },
    {
      "user": "好久不见",
      "date": "2016-09-06 21:15:04",
      "content": "时间不多了，输了"
    },
    {
      "user": "好久不见",
      "date": "2016-09-06 21:15:40",
      "content": "国足进步了"
    }
  ]
}