{
  "title": "张玉宁",
  "topic": {
    "name": "Unschlagbar",
    "date": "2016-09-07 10:16:43",
    "content": "张玉宁"
  },
  "pages": [],
  "replys": [
    {
      "user": "北极星",
      "date": "2016-09-09 00:54:19",
      "content": "媒体也该放放，不该让他们承受太多压力"
    },
    {
      "user": "米兰·好久不见",
      "date": "2016-09-09 15:56:49",
      "content": "群主好，国内球员留洋不是看去哪儿，其实踢上比赛最重要，年纪小可塑性强，看好张玉宁哦"
    },
    {
      "user": "Unschlagbar",
      "date": "2016-09-10 16:29:06",
      "content": "有理 赞同"
    }
  ]
}