{
  "title": "上周六晚 西甲联赛 皇马vs奥萨苏纳",
  "topic": {
    "name": "heysharonlau",
    "date": "2016-09-12 11:00:19",
    "content": "上周六晚 西甲联赛 皇马vs奥萨苏纳"
  },
  "pages": [],
  "replys": [
    {
      "user": "Capt. Backfire",
      "date": "2016-09-12 14:01:20",
      "content": "上ＰＰＴＶ吧  他家买断了西甲转播权"
    },
    {
      "user": "马尼戈特",
      "date": "2016-09-12 14:16:41",
      "content": "百度 直播吧 里面都有"
    },
    {
      "user": "walter",
      "date": "2016-09-12 14:47:41",
      "content": "c罗都慢慢老了，皇马以后得看大圣了"
    },
    {
      "user": "原来如此",
      "date": "2016-09-12 14:47:54",
      "content": "我一直都在pptv看，皇马粉丝，喜欢C罗"
    },
    {
      "user": "heysharonlau",
      "date": "2016-09-14 11:25:19",
      "content": "朋友说，在青海卫视每周六晚有直播，还不卡！哈哈哈！这周看起！"
    },
    {
      "user": "坊や",
      "date": "2016-09-15 05:55:22",
      "content": "西罗算丑的，喜欢看帅哥，滚去娱乐圈，别玷污足球"
    }
  ]
}