{
  "title": "9.13    18:00  上港客战全北现代",
  "topic": {
    "name": "Capt. Backfire",
    "date": "2016-09-13 16:15:55",
    "content": "9.13    18:00  上港客战全北现代"
  },
  "pages": [],
  "replys": [
    {
      "user": "Capt. Backfire",
      "date": "2016-09-13 19:02:24",
      "content": "上半场0-0 上港前场就留了3个人打反击 \r下半场即将开始"
    },
    {
      "user": "云和山的彼端",
      "date": "2016-09-13 19:19:22",
      "content": "尼玛，就不能在韩国赢一场吗"
    },
    {
      "user": "Capt. Backfire",
      "date": "2016-09-13 19:26:10",
      "content": "现在都2-0了 翻盘的可能性很小啊"
    },
    {
      "user": "Capt. Backfire",
      "date": "2016-09-13 19:44:38",
      "content": "4-0了 我要写一个大写的惨字！！！！"
    },
    {
      "user": "云和山的彼端",
      "date": "2016-09-13 19:50:29",
      "content": "武磊又浪费一个"
    },
    {
      "user": "Capt. Backfire",
      "date": "2016-09-13 19:52:14",
      "content": "终场5-0 真是被打得一点脾气都没有"
    }
  ]
}