{
  "title": "妹子组队去巴塞罗那扛球衣",
  "topic": {
    "name": "Amanda",
    "date": "2016-09-15 11:37:30",
    "content": "妹子组队去巴塞罗那扛球衣"
  },
  "pages": [],
  "replys": [
    {
      "user": "ziyugoo",
      "date": "2016-09-15 16:57:59",
      "content": "羡慕，那么多球衣能带进来吗？"
    },
    {
      "user": "Amanda",
      "date": "2016-09-22 00:25:16",
      "content": "可以啊 已经有四十多个人了"
    },
    {
      "user": "Neo",
      "date": "2016-09-30 23:11:35",
      "content": "哇 第三球衣可以买？"
    },
    {
      "user": "马尼戈特",
      "date": "2016-09-30 23:30:06",
      "content": "可以带皇马吗:)"
    },
    {
      "user": "长发之殇",
      "date": "2016-10-07 14:54:04",
      "content": "巴萨梅西的多少钱？"
    }
  ]
}