{
  "title": "别走眼，狼堡的獠牙依旧锋利！",
  "topic": {
    "name": "ruab8_16",
    "date": "2016-09-29 14:44:17",
    "content": "别走眼，狼堡的獠牙依旧锋利！"
  },
  "pages": [],
  "replys": [
    {
      "user": "rwopk_sls858",
      "date": "2016-09-30 15:28:01",
      "content": "看到狼堡今天的输球，心都碎了，不过相信他们更加努力的!"
    },
    {
      "user": "峙雾蒙蒙",
      "date": "2016-09-30 15:28:21",
      "content": "可惜狼堡没有把握住最后的机会，不然比分会好看一些的。"
    },
    {
      "user": "同甘共苦",
      "date": "2016-09-30 15:28:44",
      "content": "这次真的算是惨败呀，期待狼堡再次崛起。"
    },
    {
      "user": "手电筒",
      "date": "2016-09-30 15:29:27",
      "content": "一两场的输赢说明不了什么，期待狼堡狼性霸气回归。"
    },
    {
      "user": "惦记茄子",
      "date": "2016-10-05 21:20:33",
      "content": "柏林赫塔就算了吧。"
    }
  ]
}