{
  "title": "请问中前卫和后腰的区别",
  "topic": {
    "name": "枯叶",
    "date": "2016-10-01 11:29:18",
    "content": "请问中前卫和后腰的区别"
  },
  "pages": [],
  "replys": [
    {
      "user": "马尼戈特",
      "date": "2016-10-01 11:47:52",
      "content": "用站位分"
    },
    {
      "user": "枯叶",
      "date": "2016-10-01 12:21:55",
      "content": "怎么站位呢？如果是442平行站位或者4123、433呢？"
    },
    {
      "user": "马尼戈特",
      "date": "2016-10-01 12:23:06",
      "content": "你要干嘛"
    },
    {
      "user": "枯叶",
      "date": "2016-10-01 16:01:41",
      "content": "不干嘛啊。我只是虚心请教而已。"
    },
    {
      "user": "名字改了又改",
      "date": "2016-10-02 20:03:04",
      "content": "后腰偏防守和组织"
    },
    {
      "user": "枯叶",
      "date": "2016-10-02 20:25:42",
      "content": "如果说在2009年左右的足坛我能赞同你的观点 但到了现在很多球队已经对这个概念模糊了。之前还有球队需要所谓的10号球员的保镖"
    },
    {
      "user": "枯叶",
      "date": "2016-10-02 20:27:53",
      "content": "现在是进攻整体靠前 防守压缩到中圈然后紧逼防守"
    },
    {
      "user": "无所事事小市民",
      "date": "2016-10-06 15:41:52",
      "content": "来自知乎：1.433阵型前腰和中前卫当然可以共存。这种阵型一般偏向进攻，两名中场扫荡，一个前腰负责关键一传。典型就是巴萨。2.边锋和边前卫不同的两个位置。边锋在前场活动，基本不参与防守。边前卫一般活动是从本方禁区肋部到对方肋部。不过现在4231里面，边锋与边前卫已经有些趋同了。442里面两个边前卫顶上去就是边锋。3.斯科尔斯是典型中前卫，不算是前腰。4.曼联球看得不多，就前几天现场看了一次双红会。曼联的阵容应该叫作4141吧。就那场来说，鲁尼突前。然后卡里克单后腰。前卫四人分别是阿什利杨，费莱尼，埃雷拉，和马塔。进攻时费莱尼顶上去打二前锋，防守时费莱尼和埃雷拉回撤协助防守。马塔打得是边前卫。这个阵容吧，单后腰防守很吃力，所以说埃雷拉和费莱尼非常关键。5.中前卫在中路活动，边前卫在边路活动。既然带了个“卫”字，肯定是需要参与防守。至于迪马利亚的边前卫位置，应该针对的是老范以前的352阵型。"
    },
    {
      "user": "枯叶",
      "date": "2016-10-07 08:33:07",
      "content": "像尤文那种中前卫和前腰就比较模糊"
    },
    {
      "user": "[已注销]",
      "date": "2016-10-07 08:34:11",
      "content": "站位 防守 进攻区域"
    },
    {
      "user": "市民张先生",
      "date": "2016-10-07 08:57:03",
      "content": "比达尔，赫迪拉，加图索，皮尔洛。"
    },
    {
      "user": "市民张先生",
      "date": "2016-10-07 08:57:43",
      "content": "因为尤文风格非常前腰后置。后腰后卫置"
    },
    {
      "user": "枯叶",
      "date": "2016-10-07 09:08:45",
      "content": "不好意思是后腰和中前卫"
    }
  ]
}