{
  "title": "新赛季终于要开打了！",
  "topic": {
    "name": "kobe",
    "date": "2016-10-03 16:05:57",
    "content": "新赛季终于要开打了！"
  },
  "pages": [],
  "replys": [
    {
      "user": "罗曼蒂克",
      "date": "2016-10-03 16:07:08",
      "content": "新赛季勇士会6成什么样 期待"
    },
    {
      "user": "罗曼蒂克",
      "date": "2016-10-03 16:07:08",
      "content": "新赛季勇士会6成什么样 期待"
    },
    {
      "user": "欧文女票",
      "date": "2016-10-04 00:20:22",
      "content": "我期待的欧文要被限制出场时间，唉"
    },
    {
      "user": "kobe",
      "date": "2016-10-04 12:02:16",
      "content": "？骑士的欧文？限制时间的原因？伤了？"
    },
    {
      "user": "kobe",
      "date": "2016-10-04 12:03:11",
      "content": "他们如果磨合的好，进攻确实会无比华丽。"
    },
    {
      "user": "欧文女票",
      "date": "2016-10-04 12:09:48",
      "content": "不伤。泰伦限制三巨头出场时间为的是季后赛，欧文去年膝盖报废休息，今年总决赛没少爆发，他当然想季后赛前不出岔子，三巨头能带骑士卫冕啊"
    },
    {
      "user": "kobe",
      "date": "2016-10-04 13:10:01",
      "content": "这样的限制时间是好事啊，你不用叹气。"
    },
    {
      "user": "欧文女票",
      "date": "2016-10-04 17:04:55",
      "content": "现在的勇士可以用常规磨合，培养默契。骑士不做点什么，我心慌"
    },
    {
      "user": "kobe",
      "date": "2016-10-04 21:08:40",
      "content": "下个赛季的骑士只会更强啊，他们又多了夺冠经验，勒夫应该会进步。夺冠这种事，有不少不确定因素，输了赢了都很正常，没必要多想。但总的来说骑士夺冠概率是比较高的。"
    },
    {
      "user": "欧文女票",
      "date": "2016-10-04 22:02:24",
      "content": "借你吉言。希望明年总决赛的时候精彩到不行"
    },
    {
      "user": "成为简先生",
      "date": "2016-10-05 20:37:59",
      "content": "希望三巨头磨合成功，化学反应一飞冲天！"
    },
    {
      "user": "kobe",
      "date": "2016-10-24 20:40:40",
      "content": "哈哈，后天就有马刺对勇士的比赛啦！！！激动万分啊！"
    },
    {
      "user": "夜空中大大的星",
      "date": "2016-10-24 20:43:55",
      "content": "骑士和勇士你们怎么看"
    }
  ]
}