{
  "title": "新赛季之前，说一句那个单手持球的老麦",
  "topic": {
    "name": "欧文女票",
    "date": "2016-10-04 00:32:08",
    "content": "新赛季之前，说一句那个单手持球的老麦"
  },
  "pages": [],
  "replys": [
    {
      "user": "TheZone",
      "date": "2016-10-06 10:49:18",
      "content": "这贴没人回复不科学！  麦迪这手臂这样看臂展好恐怖……"
    },
    {
      "user": "murry",
      "date": "2016-10-06 21:56:46",
      "content": "耳边又响起，火箭播报员 tracy macgrady"
    },
    {
      "user": "欧文女票",
      "date": "2016-10-06 22:04:24",
      "content": "更不能看腿"
    },
    {
      "user": "欧文女票",
      "date": "2016-10-06 22:05:10",
      "content": "天赋麦"
    },
    {
      "user": "螃蟹|Daddy²",
      "date": "2016-10-07 09:45:31",
      "content": "其实普林斯的单手持球效果更好····\r 但是最帅的还是乔老爷的单手持球假动作"
    }
  ]
}