{
  "title": "今晚圣朱雀！",
  "topic": {
    "name": "空白格",
    "date": "2016-10-06 11:39:31",
    "content": "今晚圣朱雀！"
  },
  "pages": [],
  "replys": [
    {
      "user": "无所事事小市民",
      "date": "2016-10-06 15:35:49",
      "content": "啥也不说了！"
    },
    {
      "user": "空白格",
      "date": "2016-10-06 15:36:42",
      "content": "必胜"
    },
    {
      "user": "Losers",
      "date": "2016-10-06 19:24:33",
      "content": "期待大胜"
    },
    {
      "user": "零上一度2003",
      "date": "2016-10-06 19:31:42",
      "content": "西安的球迷，在全国还是杠杠滴"
    },
    {
      "user": "空白格",
      "date": "2016-10-06 21:28:52",
      "content": "笑死了"
    },
    {
      "user": "空白格",
      "date": "2016-10-06 21:29:03",
      "content": "丢人啊"
    },
    {
      "user": "Losers",
      "date": "2016-10-06 21:31:05",
      "content": "就是一场笑话"
    },
    {
      "user": "张芬达",
      "date": "2016-10-06 21:32:00",
      "content": "哎 全场梦游 机会那么多 一次都抓不住 还被打空门"
    },
    {
      "user": "空白格",
      "date": "2016-10-06 21:39:05",
      "content": "贼贼贼"
    },
    {
      "user": "空白格",
      "date": "2016-10-06 21:39:22",
      "content": "就是个笑话"
    },
    {
      "user": "零上一度2003",
      "date": "2016-10-07 12:38:46",
      "content": "我说球市，球迷，不是国家队"
    },
    {
      "user": "法国新浪潮",
      "date": "2016-10-07 13:46:09",
      "content": "心碎，在那冷的夜，你的伤悲全中国球迷都会发觉！"
    },
    {
      "user": "空白格",
      "date": "2016-10-07 14:12:41",
      "content": "冷雨夜，怒其不争啊！"
    },
    {
      "user": "空白格",
      "date": "2016-10-07 14:13:09",
      "content": "嗯！球市球迷一直没话说！"
    },
    {
      "user": "无所事事小市民",
      "date": "2016-10-07 17:19:27",
      "content": "兄弟，还好吧"
    },
    {
      "user": "空白格",
      "date": "2016-10-07 17:21:19",
      "content": "哈哈哈。我心态比较好。放心吧"
    },
    {
      "user": "Capt. Backfire",
      "date": "2016-10-07 18:04:10",
      "content": "朱雀桥边野草花 眼泪哗哗 在电视前面看的一脸懵逼 国足不给力啊"
    },
    {
      "user": "空白格",
      "date": "2016-10-07 19:29:07",
      "content": "哎。太憋屈了"
    }
  ]
}