{
  "title": "留 给 中 国 队 的 时 间 已 经 不 多 了",
  "topic": {
    "name": "解说宗师刘建宏",
    "date": "2016-10-06 21:42:40",
    "content": "留 给 中 国 队 的 时 间 已 经 不 多 了"
  },
  "pages": [],
  "replys": [
    {
      "user": "张芬达",
      "date": "2016-10-06 21:51:14",
      "content": "机会就是用来浪费的"
    },
    {
      "user": "7ing茹",
      "date": "2016-10-13 15:40:46",
      "content": "这个很不错了voqjoexbjlwemt"
    }
  ]
}