{
  "title": "留 给 中 国 队 的 时 间",
  "topic": {
    "name": "解说宗师刘建宏",
    "date": "2016-10-11 23:11:32",
    "content": "留 给 中 国 队 的 时 间"
  },
  "pages": [],
  "replys": [
    {
      "user": "韩八明",
      "date": "2016-10-12 00:09:12",
      "content": "四年一轮回啊"
    },
    {
      "user": "Capt. Backfire",
      "date": "2016-10-12 09:55:51",
      "content": "一场看不懂的比赛 感觉越打越回去了"
    },
    {
      "user": "北极星",
      "date": "2016-10-12 14:08:41",
      "content": "备战2022"
    },
    {
      "user": "长发之殇",
      "date": "2016-10-12 14:26:35",
      "content": "不做任何评论"
    }
  ]
}