{
  "title": "梦见曼联对利物浦比分",
  "topic": {
    "name": "黑猫厂长",
    "date": "2016-10-16 13:20:27",
    "content": "梦见曼联对利物浦比分"
  },
  "pages": [],
  "replys": [
    {
      "user": "Capt. Backfire",
      "date": "2016-10-16 14:40:46",
      "content": "曼联在利物浦的主场感觉要跪 1-2红军赢"
    },
    {
      "user": "[已注销]",
      "date": "2016-10-16 21:37:21",
      "content": "红军能否保持状态啊  \r支持红军  但是估计彩票上是个坑*平局*"
    }
  ]
}