{
  "title": "火箭败湖人 哈登进步球队退步？",
  "topic": {
    "name": "极速体育",
    "date": "2016-10-27 13:21:09",
    "content": "火箭败湖人 哈登进步球队退步？"
  },
  "pages": [],
  "replys": [
    {
      "user": "星川",
      "date": "2016-10-27 13:29:21",
      "content": "最后被湖人冲乱了"
    },
    {
      "user": "极速体育",
      "date": "2016-10-27 13:30:04",
      "content": "湖人越打越自信 火箭后面不会打球了"
    }
  ]
}