{
  "title": "卡哇伊爆发原因",
  "topic": {
    "name": "kobe",
    "date": "2016-10-29 10:52:15",
    "content": "卡哇伊爆发原因"
  },
  "pages": [],
  "replys": [
    {
      "user": "Martinn",
      "date": "2016-10-29 10:57:26",
      "content": "波波维奇"
    },
    {
      "user": "kobe",
      "date": "2016-10-29 10:59:54",
      "content": "波波的调教当然也是原因之一。"
    },
    {
      "user": "kobe",
      "date": "2016-10-29 11:00:59",
      "content": "估计还有GDP长期耳濡目染的熏陶及传授技艺。"
    },
    {
      "user": "点赞王",
      "date": "2016-10-29 11:06:27",
      "content": "就是上位成老大了，以前一直压抑着"
    },
    {
      "user": "Joe",
      "date": "2016-10-29 13:30:08",
      "content": "馬刺新三頭成形了"
    },
    {
      "user": "kobe",
      "date": "2016-10-29 14:33:24",
      "content": "呵呵，差不多了，就等加索尔逐渐融入了。以他的球风，要融入马刺只是时间的问题。"
    },
    {
      "user": "💪🏻",
      "date": "2016-10-29 15:44:23",
      "content": "自己肯定在苦练。没毛病的"
    }
  ]
}