{
  "title": "里皮首期国足大名单：郑智和王大雷回归 任航落选",
  "topic": {
    "name": "eboker",
    "date": "2016-11-01 09:49:42",
    "content": "里皮首期国足大名单：郑智和王大雷回归 任航落选"
  },
  "pages": [],
  "replys": [
    {
      "user": "DONE",
      "date": "2016-11-01 09:54:02",
      "content": "没有曾诚？"
    },
    {
      "user": "eboker",
      "date": "2016-11-01 10:08:59",
      "content": "这次初步名单里确实没有。。。"
    },
    {
      "user": "[已注销]",
      "date": "2016-11-02 14:39:51",
      "content": "增城受伤了了  报销半年"
    },
    {
      "user": "北极星",
      "date": "2016-11-03 00:09:06",
      "content": "还不是一样输"
    },
    {
      "user": "music king 音帝",
      "date": "2016-11-03 10:03:41",
      "content": "终于没有任航了，里皮眼光是正确的"
    },
    {
      "user": "summer♥",
      "date": "2016-11-04 08:01:15",
      "content": "为什么还有张呈栋"
    },
    {
      "user": "young",
      "date": "2016-11-04 12:44:04",
      "content": "巧妇难为无米之炊，中国队没得救，里皮晚节不保！"
    },
    {
      "user": "猴哥",
      "date": "2016-11-05 02:55:17",
      "content": "任航的确状态并不好，这段时间不该用他。 顾超也还是太嫩"
    },
    {
      "user": "空白格",
      "date": "2016-11-06 23:59:40",
      "content": "感谢任航，没有你的努力里皮是不会来的！"
    },
    {
      "user": "北极星",
      "date": "2016-11-15 11:14:32",
      "content": "27岁的郑智 是国家队边缘人物，37岁的郑智，是国足的不二直选，多么励志"
    }
  ]
}