{
  "title": "丹尼.格林，马刺队的宝贝",
  "topic": {
    "name": "90后怪蜀黍",
    "date": "2016-11-02 11:10:19",
    "content": "丹尼.格林，马刺队的宝贝"
  },
  "pages": [],
  "replys": [
    {
      "user": "HOHO",
      "date": "2016-11-15 07:23:46",
      "content": "客场对阵火箭的时候封盖了莱昂安德森。"
    },
    {
      "user": "Lone Survivor",
      "date": "2016-11-26 22:48:11",
      "content": "你还不是太了解铁林！"
    },
    {
      "user": "murry",
      "date": "2016-11-27 21:31:24",
      "content": "LS 你的头像有点像迪瓦茨"
    }
  ]
}