{
  "title": "库里13记三分破记录 这记录还能保持多久？",
  "topic": {
    "name": "极速体育",
    "date": "2016-11-08 15:14:39",
    "content": "库里13记三分破记录 这记录还能保持多久？"
  },
  "pages": [],
  "replys": [
    {
      "user": "泡沫",
      "date": "2016-11-08 15:21:32",
      "content": "论三分，都是水花的。看克莱什么时候能找回状态了"
    },
    {
      "user": "GOKU",
      "date": "2016-11-08 16:51:25",
      "content": "这几场三分雨 我只服马绍尔 12记三分至少有9个都是零度角 看集锦就跟看循环播放似的"
    },
    {
      "user": "帅的很可怕",
      "date": "2016-11-08 18:29:34",
      "content": "主要看库里和克莱的手感了，还要对手德配合"
    },
    {
      "user": "独孤求bye",
      "date": "2016-11-09 09:27:02",
      "content": "觉得很快会被克莱追平"
    },
    {
      "user": "独孤求bye",
      "date": "2016-11-09 09:27:02",
      "content": "觉得很快会被克莱追平"
    },
    {
      "user": "极速体育",
      "date": "2016-11-09 13:49:00",
      "content": "主要还是球权怎么分配吧 \r克莱如果一两个不准\r他球权就会变得比较少吧"
    },
    {
      "user": "极速体育",
      "date": "2016-11-09 13:49:10",
      "content": "主要还是球权怎么分配吧 \r克莱如果一两个不准\r他球权就会变得比较少吧"
    },
    {
      "user": "极速体育",
      "date": "2016-11-09 13:49:58",
      "content": "库里的几个也不容易 那场进十二个三分的 最后个超远绝杀的那场"
    },
    {
      "user": "[已注销]",
      "date": "2016-11-09 13:50:56",
      "content": "克莱还是需要一个像博古特这样的中锋的，毕竟自主进攻能力有点差，需要队友掩护，自己跑位给机会的。"
    },
    {
      "user": "极速体育",
      "date": "2016-11-09 13:52:51",
      "content": "所以他是上赛季的三分王"
    },
    {
      "user": "极速体育",
      "date": "2016-11-09 14:19:30",
      "content": "那估计要退役了吧"
    },
    {
      "user": "maniac",
      "date": "2016-11-09 20:33:23",
      "content": "肯定不会是我，哈哈?"
    },
    {
      "user": "归隐",
      "date": "2016-11-10 12:00:41",
      "content": "今天可能汤普森会破  单节已经四个了 哈哈哈哈哈"
    },
    {
      "user": "极速体育",
      "date": "2016-11-10 14:30:37",
      "content": "事实证明，没有破 哈哈哈哈哈"
    },
    {
      "user": "归隐",
      "date": "2016-11-10 16:12:05",
      "content": "巨头们合起来破了  而且就一节 哈哈哈"
    },
    {
      "user": "陈在天",
      "date": "2016-11-10 16:34:52",
      "content": "克莱今天第一节18分。  感觉要回来了哦"
    },
    {
      "user": "极速体育",
      "date": "2016-11-11 14:05:06",
      "content": "合起来也算- -"
    },
    {
      "user": "[已注销]",
      "date": "2016-11-11 16:15:01",
      "content": "詹姆斯琼斯也拿过三分王，卡波诺也是"
    },
    {
      "user": "依木",
      "date": "2016-11-11 18:34:19",
      "content": "总有人不服，总有人要向记录挑战，我想很快就破了，这才叫竞技的精彩"
    }
  ]
}