{
  "title": "国足0：0憾平卡塔尔，看里皮怎么说？",
  "topic": {
    "name": "洛落小小苏",
    "date": "2016-11-16 12:15:43",
    "content": "国足0：0憾平卡塔尔，看里皮怎么说？"
  },
  "pages": [],
  "replys": [
    {
      "user": "懒懒的高雅",
      "date": "2016-11-16 19:19:38",
      "content": "里皮确实牛，国足确实废"
    },
    {
      "user": "烷基苯磺酸钠",
      "date": "2016-11-17 11:33:04",
      "content": "中国落后A组冠军伊朗9分；韩国落后伊朗一分，排名第二；乌兹别克斯坦位列第三，积分为9."
    },
    {
      "user": "北极星",
      "date": "2016-11-17 15:16:38",
      "content": "这种战术，因为运气好远射才能中2门柱"
    },
    {
      "user": "洮",
      "date": "2016-11-17 15:17:53",
      "content": "中国足协得有人下课担责"
    }
  ]
}