{
  "title": "【轻松一刻】足球明星们那些匪夷所思的癖好",
  "topic": {
    "name": "足球白科",
    "date": "2016-11-17 18:44:18",
    "content": "【轻松一刻】足球明星们那些匪夷所思的癖好"
  },
  "pages": [],
  "replys": [
    {
      "user": "[已注销]",
      "date": "2016-11-17 18:47:54",
      "content": "10年阿根廷的主教练还是马拉多纳吗"
    },
    {
      "user": "足球白科",
      "date": "2016-11-17 19:09:11",
      "content": "(*^__^*) 嘻嘻……马尔蒂诺，写错啦"
    },
    {
      "user": "足球白科",
      "date": "2016-11-18 11:23:19",
      "content": "您是阿根廷球迷吗"
    },
    {
      "user": "[已注销]",
      "date": "2016-11-18 11:44:32",
      "content": "我是梅西球迷哈"
    },
    {
      "user": "足球白科",
      "date": "2016-11-18 17:32:19",
      "content": "我也是欸，不过喜欢才几年?"
    }
  ]
}