{
  "title": "打野球，找准场子很重要",
  "topic": {
    "name": "echo",
    "date": "2016-11-21 20:00:51",
    "content": "打野球，找准场子很重要"
  },
  "pages": [],
  "replys": [
    {
      "user": "奶奶",
      "date": "2016-11-26 21:46:44",
      "content": "嘿，哥们，这边缺一个，打不打～～"
    },
    {
      "user": "Lone Survivor",
      "date": "2016-11-26 22:33:46",
      "content": "这让我想到当时在野球场的2环路上怒抢5个前场篮板，队友都在外面看呆了！"
    }
  ]
}