{
  "title": "陪安东尼度过漫长岁月",
  "topic": {
    "name": "echo",
    "date": "2016-11-25 19:34:45",
    "content": "陪安东尼度过漫长岁月"
  },
  "pages": [],
  "replys": [
    {
      "user": "土豆君",
      "date": "2016-11-25 21:23:08",
      "content": "甜瓜很棒～只是跟勒布朗比，没达到期望。但那也正是甜瓜～很棒！"
    },
    {
      "user": "北卡",
      "date": "2016-11-26 01:51:30",
      "content": "我瓜已经不能飞不能跑了，跳投跳投还是跳投。然而无所谓，我就喜欢看我瓜笑。"
    },
    {
      "user": "echo",
      "date": "2016-11-26 03:44:03",
      "content": "我陪安东尼度过漫长岁月，安东尼陪我度过学生时代。"
    },
    {
      "user": "[已注销]",
      "date": "2016-11-26 21:32:48",
      "content": "最心酸莫过于英雄迟暮"
    },
    {
      "user": "Lone Survivor",
      "date": "2016-11-26 22:36:18",
      "content": "杜兰特打的越好，就越凸显奥登的NB！"
    },
    {
      "user": "卖女孩的小火柴",
      "date": "2016-12-02 15:46:29",
      "content": "这句很中肯。 其实奥登打的好不好 问问诺阿 霍福德  和大学队友康利就知道"
    },
    {
      "user": "何家欢",
      "date": "2016-12-02 16:33:38",
      "content": "喜欢瓜笑！特甜"
    },
    {
      "user": "南山下的落寞",
      "date": "2016-12-02 22:15:03",
      "content": "奥登大帝 是被开括者神奇的队医毁掉的其中一个人"
    },
    {
      "user": "echo",
      "date": "2016-12-03 10:06:43",
      "content": "一条腿短！"
    },
    {
      "user": "九零后空巢老人",
      "date": "2016-12-03 13:35:11",
      "content": "岁月蹉跎、尊重每一位现役与退役"
    },
    {
      "user": "北卡",
      "date": "2016-12-03 17:33:02",
      "content": "我跳投瓜今天牛逼。"
    },
    {
      "user": "Dee.",
      "date": "2016-12-04 01:52:59",
      "content": "回想03年，自己还是懵懂的中学生，初尝篮球之乐趣所在。此后便迷上篮球，迷上NBA。喜欢的明星一个接一个退役了，并且没有所谓的复出，我们也从学校走向了社会，曾经挚爱的篮球变成了奢侈的追求，真真地希望陪伴我们长大的明星们能够再打久一点，再久一点！"
    }
  ]
}