{
  "title": "联盟中最幸福的球员",
  "topic": {
    "name": "murry",
    "date": "2016-11-29 08:36:06",
    "content": "联盟中最幸福的球员"
  },
  "pages": [],
  "replys": [
    {
      "user": "GREATzhang!",
      "date": "2016-11-29 09:27:47",
      "content": "帕帅才是吧，拿着高新，跑着超模妹子，养着伤"
    },
    {
      "user": "这个假了",
      "date": "2016-11-29 12:18:36",
      "content": "帕帅+1 不知道有多少人梦寐这样的生活"
    },
    {
      "user": "murry",
      "date": "2016-11-29 19:52:55",
      "content": "我就奇怪了，湖人这烂战绩，还偏偏把阿联放走。又不是高薪，态度又认真 为什不能给他一个机会。"
    },
    {
      "user": "螃蟹|Daddy²",
      "date": "2016-11-30 06:54:36",
      "content": "丹费根签下的球员都过的挺舒服的，包括帕森斯"
    },
    {
      "user": "极速体育",
      "date": "2016-11-30 14:14:12",
      "content": "阿联自己走的"
    },
    {
      "user": "夜的祭祀",
      "date": "2016-11-30 14:31:09",
      "content": "湖人战绩不差了，阿联就算在湖人也没有什么作为，所以自己走的"
    },
    {
      "user": "南山下的落寞",
      "date": "2016-12-01 00:42:06",
      "content": "谁有帕森斯过得幸福吗"
    },
    {
      "user": "⚡️",
      "date": "2016-12-01 10:06:16",
      "content": "安东尼，拿着顶薪又没有夺冠的压力，还能一直全明星。"
    }
  ]
}