{
  "title": "有喜欢火箭的么",
  "topic": {
    "name": "你晶哥",
    "date": "2016-11-29 00:21:54",
    "content": "有喜欢火箭的么"
  },
  "pages": [],
  "replys": [
    {
      "user": "编程浪子",
      "date": "2016-11-29 00:23:44",
      "content": "哈登转控卫后效果不错"
    },
    {
      "user": "FunnyPussy",
      "date": "2016-11-29 00:32:55",
      "content": "你这个火箭能把我送上天么"
    },
    {
      "user": "北卡",
      "date": "2016-11-29 13:22:24",
      "content": "没有，发美图也没用。"
    },
    {
      "user": "风语者",
      "date": "2016-12-02 09:56:01",
      "content": "图文不符，哈哈"
    },
    {
      "user": "飞云之下",
      "date": "2016-12-02 10:47:45",
      "content": "哈登不喜欢你这样的"
    }
  ]
}